query_id,query_text,platform,video_id,query_rank,subtopic
Q001,Pediatric CPR,youtube,n65HW1iJUuY,1,cpr
Q001,Pediatric CPR,youtube,0Ki7kam5mVM,2,cpr
Q001,Pediatric CPR,youtube,57KAIkJ6aag,3,cpr
Q001,Pediatric CPR,youtube,lXK7IjyhbL0,4,cpr
Q001,Pediatric CPR,youtube,XJQF-qUWOLA,5,cpr
Q001,Pediatric CPR,youtube,3WPOYQOYNnA,6,cpr
Q001,Pediatric CPR,youtube,AYW8rf__60U,7,cpr
Q001,Pediatric CPR,youtube,mhfLVPxZflU,8,cpr
Q001,Pediatric CPR,youtube,mJKQMbffcEs,9,cpr
Q001,Pediatric CPR,youtube,YeDwkE9p52M,10,cpr
Q001,Pediatric CPR,youtube,t8_MXHyRku0,11,cpr
Q001,Pediatric CPR,youtube,MEqJKbfvric,12,cpr
Q001,Pediatric CPR,youtube,ksLwSIUljP4,13,cpr
Q001,Pediatric CPR,youtube,0FXzHFlmQmk,14,cpr
Q001,Pediatric CPR,youtube,01jpBkoQr4Y,15,cpr
Q001,Pediatric CPR,youtube,avYRvVHAvfM,16,cpr
Q001,Pediatric CPR,youtube,xoXZCDH2bIU,17,cpr
Q001,Pediatric CPR,youtube,NSzsMRzS1C4,18,cpr
Q001,Pediatric CPR,youtube,TF77qEDHbZs,19,cpr
Q001,Pediatric CPR,youtube,22hHcU9nO-Y,20,cpr
Q001,Pediatric CPR,youtube,gJwXKFRxpqg,21,cpr
Q001,Pediatric CPR,youtube,AhiuNeag1uc,22,cpr
Q001,Pediatric CPR,youtube,818My0zEOfo,23,cpr
Q001,Pediatric CPR,youtube,afWuOg33_7o,24,cpr
Q001,Pediatric CPR,youtube,sdJa8bzW6I4,25,cpr
Q001,Pediatric CPR,youtube,0aV9NS0ogiM,26,cpr
Q001,Pediatric CPR,youtube,cVWOh8ENx14,27,cpr
Q001,Pediatric CPR,youtube,mnL_Dugm4y0,28,cpr
Q001,Pediatric CPR,youtube,NyvNGnKjKDw,29,cpr
Q001,Pediatric CPR,youtube,iyjL3eZlP90,30,cpr
Q001,Pediatric CPR,youtube,9jiSjk7jlUQ,31,cpr
Q001,Pediatric CPR,youtube,7ForFXe7Zjo,32,cpr
Q001,Pediatric CPR,youtube,RmstnDebVpA,33,cpr
Q001,Pediatric CPR,youtube,_K7Dwy6b2wQ,34,cpr
Q001,Pediatric CPR,youtube,nAu9mehwiG4,35,cpr
Q001,Pediatric CPR,youtube,NFKBWMkNDRA,36,cpr
Q001,Pediatric CPR,youtube,I3pvuYMcPg4,37,cpr
Q001,Pediatric CPR,youtube,dfE6ixuRfjQ,38,cpr
Q001,Pediatric CPR,youtube,qRNNCkVgRQY,39,cpr
Q001,Pediatric CPR,youtube,ulJL3jFVKNs,40,cpr
Q001,Pediatric CPR,youtube,0_rtxrZq_3k,41,cpr
Q001,Pediatric CPR,youtube,cY5N8cks0Vw,42,cpr
Q001,Pediatric CPR,youtube,41kXJZdPDfs,43,cpr
Q001,Pediatric CPR,youtube,BUhUiPeEX-8,44,cpr
Q001,Pediatric CPR,youtube,ZsJBnTxRmA0,45,cpr
Q001,Pediatric CPR,youtube,-NodDRTsV88,46,cpr
Q001,Pediatric CPR,youtube,FVEe3t73g_s,47,cpr
Q001,Pediatric CPR,youtube,4eOtcqKQ0K4,48,cpr
Q001,Pediatric CPR,youtube,ohydtbrZmQc,49,cpr
Q001,Pediatric CPR,youtube,11cvec_5FaE,50,cpr
Q001,Pediatric CPR,tiktok,7265251335564578056,1,cpr
Q001,Pediatric CPR,tiktok,7688859009708756254,2,cpr
Q001,Pediatric CPR,tiktok,7655276166089133343,3,cpr
Q001,Pediatric CPR,tiktok,7685558570800254238,4,cpr
Q001,Pediatric CPR,tiktok,7293663913181203754,5,cpr
Q001,Pediatric CPR,tiktok,7471039175995788551,6,cpr
Q001,Pediatric CPR,tiktok,7564855082773204238,7,cpr
Q001,Pediatric CPR,tiktok,7541021036381490454,8,cpr
Q001,Pediatric CPR,tiktok,7686691013217324318,9,cpr
Q001,Pediatric CPR,tiktok,7685866607582645535,10,cpr
Q001,Pediatric CPR,tiktok,7593417060898671880,11,cpr
Q001,Pediatric CPR,tiktok,7656989927757876510,12,cpr
Q001,Pediatric CPR,tiktok,7606911350165523743,13,cpr
Q001,Pediatric CPR,tiktok,7596449545786068255,14,cpr
Q001,Pediatric CPR,tiktok,7686580205489638688,15,cpr
Q001,Pediatric CPR,tiktok,7653451556200697108,16,cpr
Q001,Pediatric CPR,tiktok,7667531284188531998,17,cpr
Q001,Pediatric CPR,tiktok,7655855908408347934,18,cpr
Q001,Pediatric CPR,tiktok,7674628436274580749,19,cpr
Q001,Pediatric CPR,tiktok,7690304251645414678,20,cpr
Q001,Pediatric CPR,tiktok,7440609997462981931,21,cpr
Q001,Pediatric CPR,tiktok,7652564939432856845,22,cpr
Q001,Pediatric CPR,tiktok,7690669659409976607,23,cpr
Q001,Pediatric CPR,tiktok,7691667740016332064,24,cpr
Q001,Pediatric CPR,tiktok,7621322406593891606,25,cpr
Q001,Pediatric CPR,tiktok,7656411784462568734,26,cpr
Q001,Pediatric CPR,tiktok,7688065336897195284,27,cpr
Q001,Pediatric CPR,tiktok,7683160871907921172,28,cpr
Q001,Pediatric CPR,tiktok,7582333803230809357,29,cpr
Q001,Pediatric CPR,tiktok,7613269382193548575,30,cpr
Q001,Pediatric CPR,tiktok,7668713175470050574,31,cpr
Q001,Pediatric CPR,tiktok,7458694404010757407,32,cpr
Q001,Pediatric CPR,tiktok,7606042786495794462,33,cpr
Q001,Pediatric CPR,tiktok,7634549772854086942,34,cpr
Q001,Pediatric CPR,tiktok,7504256255330929950,35,cpr
Q001,Pediatric CPR,tiktok,7603517118977412365,36,cpr
Q001,Pediatric CPR,tiktok,7196072211113872683,37,cpr
Q001,Pediatric CPR,tiktok,7660608120263036167,38,cpr
Q001,Pediatric CPR,tiktok,7196073489844096302,39,cpr
Q001,Pediatric CPR,tiktok,7677951788766465301,40,cpr
Q001,Pediatric CPR,tiktok,7556668227007352077,41,cpr
Q001,Pediatric CPR,tiktok,7607684188409498898,42,cpr
Q001,Pediatric CPR,tiktok,7335023775919983905,43,cpr
Q001,Pediatric CPR,tiktok,7619281368740154638,44,cpr
Q001,Pediatric CPR,tiktok,7402052313097030943,45,cpr
Q001,Pediatric CPR,tiktok,7586076552627047735,46,cpr
Q001,Pediatric CPR,tiktok,7580020369264790814,47,cpr
Q001,Pediatric CPR,tiktok,7656489620418383118,48,cpr
Q001,Pediatric CPR,tiktok,7689249815070297374,49,cpr
Q001,Pediatric CPR,tiktok,7488014083300625686,50,cpr
Q001,Pediatric CPR,tiktok,7316217440415845663,51,cpr
Q001,Pediatric CPR,tiktok,7681456398231833887,52,cpr
Q001,Pediatric CPR,tiktok,7301984339246566688,53,cpr
Q001,Pediatric CPR,tiktok,7637246402057211154,54,cpr
Q001,Pediatric CPR,tiktok,7621102937661558046,55,cpr
Q001,Pediatric CPR,tiktok,7670370220967611661,56,cpr
Q001,Pediatric CPR,tiktok,7572213751886269709,57,cpr
Q001,Pediatric CPR,tiktok,7539277290878962967,58,cpr
Q001,Pediatric CPR,tiktok,7607465197271256341,59,cpr
Q001,Pediatric CPR,tiktok,7628989744654945558,60,cpr
Q002,Infant CPR,youtube,n65HW1iJUuY,1,cpr
Q002,Infant CPR,youtube,YeDwkE9p52M,2,cpr
Q002,Infant CPR,youtube,XJQF-qUWOLA,3,cpr
Q002,Infant CPR,youtube,4j329wUsl3s,4,cpr
Q002,Infant CPR,youtube,0Ki7kam5mVM,5,cpr
Q002,Infant CPR,youtube,0FXzHFlmQmk,6,cpr
Q002,Infant CPR,youtube,avYRvVHAvfM,7,cpr
Q002,Infant CPR,youtube,3WPOYQOYNnA,8,cpr
Q002,Infant CPR,youtube,PP8Dy_IKMDM,9,cpr
Q002,Infant CPR,youtube,ksLwSIUljP4,10,cpr
Q002,Infant CPR,youtube,vvcLd4bKmCI,11,cpr
Q002,Infant CPR,youtube,NSzsMRzS1C4,12,cpr
Q002,Infant CPR,youtube,818My0zEOfo,13,cpr
Q002,Infant CPR,youtube,KjKx3YPgli4,14,cpr
Q002,Infant CPR,youtube,xoXZCDH2bIU,15,cpr
Q002,Infant CPR,youtube,WqIJbT8cCI8,16,cpr
Q002,Infant CPR,youtube,oKE9IG7LERg,17,cpr
Q002,Infant CPR,youtube,Jf8CtoVquCk,18,cpr
Q002,Infant CPR,youtube,c7Q1s7ppSwc,19,cpr
Q002,Infant CPR,youtube,MEaPefB1GIM,20,cpr
Q002,Infant CPR,youtube,NyvNGnKjKDw,21,cpr
Q002,Infant CPR,youtube,afWuOg33_7o,22,cpr
Q002,Infant CPR,youtube,sdJa8bzW6I4,23,cpr
Q002,Infant CPR,youtube,WP5TCUR9gxc,24,cpr
Q002,Infant CPR,youtube,57KAIkJ6aag,25,cpr
Q002,Infant CPR,youtube,sFC1O2FWcmE,26,cpr
Q002,Infant CPR,youtube,bsP45AXQGC4,27,cpr
Q002,Infant CPR,youtube,lXK7IjyhbL0,28,cpr
Q002,Infant CPR,youtube,PZdH2U-84_Y,29,cpr
Q002,Infant CPR,youtube,9jiSjk7jlUQ,30,cpr
Q002,Infant CPR,youtube,TEcJqzaF_pQ,31,cpr
Q002,Infant CPR,youtube,qRNNCkVgRQY,32,cpr
Q002,Infant CPR,youtube,jT04R7WS33E,33,cpr
Q002,Infant CPR,youtube,I3pvuYMcPg4,34,cpr
Q002,Infant CPR,youtube,gJwXKFRxpqg,35,cpr
Q002,Infant CPR,youtube,vsHYtu67zy4,36,cpr
Q002,Infant CPR,youtube,g6Hyuglpcsc,37,cpr
Q002,Infant CPR,youtube,-NodDRTsV88,38,cpr
Q002,Infant CPR,youtube,ktiJzoqkzsQ,39,cpr
Q002,Infant CPR,youtube,UquZ0ePjowM,40,cpr
Q002,Infant CPR,youtube,-J0GswG0XaY,41,cpr
Q002,Infant CPR,youtube,597zNNt6f5o,42,cpr
Q002,Infant CPR,youtube,ShaNuST_58A,43,cpr
Q002,Infant CPR,youtube,nAu9mehwiG4,44,cpr
Q002,Infant CPR,youtube,U9A1BsTOeUc,45,cpr
Q002,Infant CPR,youtube,ePodw7L_mFM,46,cpr
Q002,Infant CPR,youtube,CkE4-nsP0B8,47,cpr
Q002,Infant CPR,youtube,VRCue1TkCIw,48,cpr
Q002,Infant CPR,youtube,AWEHRyeQLkw,49,cpr
Q002,Infant CPR,youtube,-jEwjcSxLW0,50,cpr
Q002,Infant CPR,tiktok,7211273728053759234,1,cpr
Q002,Infant CPR,tiktok,7606499365376625950,2,cpr
Q002,Infant CPR,tiktok,7592067978930212109,3,cpr
Q002,Infant CPR,tiktok,7353465715501911313,4,cpr
Q002,Infant CPR,tiktok,7624231031712894216,5,cpr
Q002,Infant CPR,tiktok,7688859009708756254,6,cpr
Q002,Infant CPR,tiktok,7670576564555271455,7,cpr
Q002,Infant CPR,tiktok,7602318339448278286,8,cpr
Q002,Infant CPR,tiktok,7648412278710144286,9,cpr
Q002,Infant CPR,tiktok,7675179422265232671,10,cpr
Q002,Infant CPR,tiktok,7582111304270236942,11,cpr
Q002,Infant CPR,tiktok,7593417060898671880,12,cpr
Q002,Infant CPR,tiktok,7606809396059983134,13,cpr
Q002,Infant CPR,tiktok,6937683603816058118,14,cpr
Q002,Infant CPR,tiktok,7686691013217324318,15,cpr
Q002,Infant CPR,tiktok,7611894117991304478,16,cpr
Q002,Infant CPR,tiktok,7679188328469515542,17,cpr
Q002,Infant CPR,tiktok,7541021036381490454,18,cpr
Q002,Infant CPR,tiktok,7564855082773204238,19,cpr
Q002,Infant CPR,tiktok,7673116426269510920,20,cpr
Q002,Infant CPR,tiktok,7607476958707895565,21,cpr
Q002,Infant CPR,tiktok,7645796267246898462,22,cpr
Q002,Infant CPR,tiktok,7635819971494284558,23,cpr
Q002,Infant CPR,tiktok,7628567625274035469,24,cpr
Q002,Infant CPR,tiktok,7647631083147726111,25,cpr
Q002,Infant CPR,tiktok,7376666960446164266,26,cpr
Q002,Infant CPR,tiktok,7686580205489638688,27,cpr
Q002,Infant CPR,tiktok,7233233038153387265,28,cpr
Q002,Infant CPR,tiktok,7453559534418677035,29,cpr
Q002,Infant CPR,tiktok,7681415078347885838,30,cpr
Q002,Infant CPR,tiktok,7656411784462568734,31,cpr
Q002,Infant CPR,tiktok,7675114261076626702,32,cpr
Q002,Infant CPR,tiktok,7621322406593891606,33,cpr
Q002,Infant CPR,tiktok,7685866607582645535,34,cpr
Q002,Infant CPR,tiktok,7665155183877377311,35,cpr
Q002,Infant CPR,tiktok,7017226841450646789,36,cpr
Q002,Infant CPR,tiktok,7641234924120411422,37,cpr
Q002,Infant CPR,tiktok,7407991036754152735,38,cpr
Q002,Infant CPR,tiktok,7651573399260597511,39,cpr
Q002,Infant CPR,tiktok,7366600086383578374,40,cpr
Q002,Infant CPR,tiktok,7574104461438749966,41,cpr
Q002,Infant CPR,tiktok,7595933102145309960,42,cpr
Q002,Infant CPR,tiktok,7691086006463859982,43,cpr
Q002,Infant CPR,tiktok,7592369073967598855,44,cpr
Q002,Infant CPR,tiktok,7245497629021359402,45,cpr
Q002,Infant CPR,tiktok,7607465197271256341,46,cpr
Q002,Infant CPR,tiktok,7594845154255785238,47,cpr
Q002,Infant CPR,tiktok,7677566515343805726,48,cpr
Q002,Infant CPR,tiktok,7691653797541612813,49,cpr
Q002,Infant CPR,tiktok,7335606781546089733,50,cpr
Q002,Infant CPR,tiktok,7689615643334692118,51,cpr
Q002,Infant CPR,tiktok,7506921974099168534,52,cpr
Q002,Infant CPR,tiktok,7282791632284486954,53,cpr
Q002,Infant CPR,tiktok,7567214318735920397,54,cpr
Q002,Infant CPR,tiktok,7082908572333460779,55,cpr
Q002,Infant CPR,tiktok,7628056359757565185,56,cpr
Q002,Infant CPR,tiktok,7647087314253974802,57,cpr
Q002,Infant CPR,tiktok,7660608120263036167,58,cpr
Q002,Infant CPR,tiktok,7691483587735997704,59,cpr
Q002,Infant CPR,tiktok,7631573961469480214,60,cpr
Q003,Child CPR,youtube,c7Q1s7ppSwc,1,cpr
Q003,Child CPR,youtube,n65HW1iJUuY,2,cpr
Q003,Child CPR,youtube,0aV9NS0ogiM,3,cpr
Q003,Child CPR,youtube,22hHcU9nO-Y,4,cpr
Q003,Child CPR,youtube,AYW8rf__60U,5,cpr
Q003,Child CPR,youtube,YeDwkE9p52M,6,cpr
Q003,Child CPR,youtube,0Ki7kam5mVM,7,cpr
Q003,Child CPR,youtube,dfE6ixuRfjQ,8,cpr
Q003,Child CPR,youtube,ulJL3jFVKNs,9,cpr
Q003,Child CPR,youtube,afWuOg33_7o,10,cpr
Q003,Child CPR,youtube,qRNNCkVgRQY,11,cpr
Q003,Child CPR,youtube,PJbJ5IFvtIg,12,cpr
Q003,Child CPR,youtube,3wlTW4qWSro,13,cpr
Q003,Child CPR,youtube,bp0qjBe1Zhc,14,cpr
Q003,Child CPR,youtube,stpWhn-EMmA,15,cpr
Q003,Child CPR,youtube,Lu0Uw7ixfRk,16,cpr
Q003,Child CPR,youtube,-Z_n1ziJJzc,17,cpr
Q003,Child CPR,youtube,d4N0--eFn9s,18,cpr
Q003,Child CPR,youtube,avYRvVHAvfM,19,cpr
Q003,Child CPR,youtube,L5K4RfsVNKs,20,cpr
Q003,Child CPR,youtube,mIjb9GR1hW4,21,cpr
Q003,Child CPR,youtube,g9Qjg3BSmp8,22,cpr
Q003,Child CPR,youtube,nAu9mehwiG4,23,cpr
Q003,Child CPR,youtube,WqIJbT8cCI8,24,cpr
Q003,Child CPR,youtube,57KAIkJ6aag,25,cpr
Q003,Child CPR,youtube,XJQF-qUWOLA,26,cpr
Q003,Child CPR,youtube,wdEOqitYcpE,27,cpr
Q003,Child CPR,youtube,mnL_Dugm4y0,28,cpr
Q003,Child CPR,youtube,6THKEJ_Ciag,29,cpr
Q003,Child CPR,youtube,Xu9WTPOCxwU,30,cpr
Q003,Child CPR,youtube,AWEHRyeQLkw,31,cpr
Q003,Child CPR,youtube,tta9d0AtxoE,32,cpr
Q003,Child CPR,youtube,5wxN_XX1AhY,33,cpr
Q003,Child CPR,youtube,ksLwSIUljP4,34,cpr
Q003,Child CPR,youtube,PfNtxeKE9Xs,35,cpr
Q003,Child CPR,youtube,bsP45AXQGC4,36,cpr
Q003,Child CPR,youtube,NSzsMRzS1C4,37,cpr
Q003,Child CPR,youtube,IAWzsSMm01s,38,cpr
Q003,Child CPR,youtube,AhiuNeag1uc,39,cpr
Q003,Child CPR,youtube,818My0zEOfo,40,cpr
Q003,Child CPR,youtube,MEqJKbfvric,41,cpr
Q003,Child CPR,youtube,eNLcl2sHDAg,42,cpr
Q003,Child CPR,youtube,NFKBWMkNDRA,43,cpr
Q003,Child CPR,youtube,sI-MpaMQsCU,44,cpr
Q003,Child CPR,youtube,xoXZCDH2bIU,45,cpr
Q003,Child CPR,youtube,0FXzHFlmQmk,46,cpr
Q003,Child CPR,youtube,oKE9IG7LERg,47,cpr
Q003,Child CPR,youtube,vLexJN6hjLA,48,cpr
Q003,Child CPR,youtube,wi8-SgPMXsk,49,cpr
Q003,Child CPR,youtube,p-fWdzfwCc0,50,cpr
Q003,Child CPR,tiktok,7606557697957235999,1,cpr
Q003,Child CPR,tiktok,7265251335564578056,2,cpr
Q003,Child CPR,tiktok,7655276166089133343,3,cpr
Q003,Child CPR,tiktok,7592067978930212109,4,cpr
Q003,Child CPR,tiktok,6889960519554354433,5,cpr
Q003,Child CPR,tiktok,7688859009708756254,6,cpr
Q003,Child CPR,tiktok,7685558570800254238,7,cpr
Q003,Child CPR,tiktok,7211273728053759234,8,cpr
Q003,Child CPR,tiktok,7151525938633706754,9,cpr
Q003,Child CPR,tiktok,7471039175995788551,10,cpr
Q003,Child CPR,tiktok,7647163343995800862,11,cpr
Q003,Child CPR,tiktok,7645796267246898462,12,cpr
Q003,Child CPR,tiktok,7685866607582645535,13,cpr
Q003,Child CPR,tiktok,7690895492674293012,14,cpr
Q003,Child CPR,tiktok,7656989927757876510,15,cpr
Q003,Child CPR,tiktok,7681415078347885838,16,cpr
Q003,Child CPR,tiktok,7541021036381490454,17,cpr
Q003,Child CPR,tiktok,7679188328469515542,18,cpr
Q003,Child CPR,tiktok,7639506258378214676,19,cpr
Q003,Child CPR,tiktok,7686691013217324318,20,cpr
Q003,Child CPR,tiktok,7686580205489638688,21,cpr
Q003,Child CPR,tiktok,7644007634021960991,22,cpr
Q003,Child CPR,tiktok,7628567625274035469,23,cpr
Q003,Child CPR,tiktok,7675179422265232671,24,cpr
Q003,Child CPR,tiktok,7653451556200697108,25,cpr
Q003,Child CPR,tiktok,7564320640476515606,26,cpr
Q003,Child CPR,tiktok,7690304251645414678,27,cpr
Q003,Child CPR,tiktok,7674628436274580749,28,cpr
Q003,Child CPR,tiktok,7681233692605435154,29,cpr
Q003,Child CPR,tiktok,6908345940197821697,30,cpr
Q003,Child CPR,tiktok,7691667740016332064,31,cpr
Q003,Child CPR,tiktok,7690057526661991693,32,cpr
Q003,Child CPR,tiktok,7659412509530541319,33,cpr
Q003,Child CPR,tiktok,7670766550600715528,34,cpr
Q003,Child CPR,tiktok,7690938748078525729,35,cpr
Q003,Child CPR,tiktok,7688316736277318919,36,cpr
Q003,Child CPR,tiktok,7669954511103872286,37,cpr
Q003,Child CPR,tiktok,7630134364390640910,38,cpr
Q003,Child CPR,tiktok,7233233038153387265,39,cpr
Q003,Child CPR,tiktok,7691618737333488899,40,cpr
Q003,Child CPR,tiktok,7689200095572626701,41,cpr
Q003,Child CPR,tiktok,7690236608238406933,42,cpr
Q003,Child CPR,tiktok,7597195595312286998,43,cpr
Q003,Child CPR,tiktok,7689615643334692118,44,cpr
Q003,Child CPR,tiktok,7672922988135730463,45,cpr
Q003,Child CPR,tiktok,7688496288249236767,46,cpr
Q003,Child CPR,tiktok,7653207214101990686,47,cpr
Q003,Child CPR,tiktok,7621322406593891606,48,cpr
Q003,Child CPR,tiktok,7626233448495090974,49,cpr
Q003,Child CPR,tiktok,7660608120263036167,50,cpr
Q003,Child CPR,tiktok,7666291462417517854,51,cpr
Q003,Child CPR,tiktok,7667531284188531998,52,cpr
Q003,Child CPR,tiktok,7686455466012052758,53,cpr
Q003,Child CPR,tiktok,7595492109436882199,54,cpr
Q003,Child CPR,tiktok,7641234924120411422,55,cpr
Q003,Child CPR,tiktok,7675181993507802399,56,cpr
Q004,Baby CPR,youtube,n65HW1iJUuY,1,cpr
Q004,Baby CPR,youtube,YeDwkE9p52M,2,cpr
Q004,Baby CPR,youtube,NyvNGnKjKDw,3,cpr
Q004,Baby CPR,youtube,NSzsMRzS1C4,4,cpr
Q004,Baby CPR,youtube,22hHcU9nO-Y,5,cpr
Q004,Baby CPR,youtube,ksLwSIUljP4,6,cpr
Q004,Baby CPR,youtube,3WPOYQOYNnA,7,cpr
Q004,Baby CPR,youtube,mhfLVPxZflU,8,cpr
Q004,Baby CPR,youtube,XJQF-qUWOLA,9,cpr
Q004,Baby CPR,youtube,AYW8rf__60U,10,cpr
Q004,Baby CPR,youtube,mJKQMbffcEs,11,cpr
Q004,Baby CPR,youtube,iyjL3eZlP90,12,cpr
Q004,Baby CPR,youtube,c7Q1s7ppSwc,13,cpr
Q004,Baby CPR,youtube,I3pvuYMcPg4,14,cpr
Q004,Baby CPR,youtube,flJ9Psd1j_c,15,cpr
Q004,Baby CPR,youtube,4j329wUsl3s,16,cpr
Q004,Baby CPR,youtube,TF77qEDHbZs,17,cpr
Q004,Baby CPR,youtube,vvcLd4bKmCI,18,cpr
Q004,Baby CPR,youtube,0FXzHFlmQmk,19,cpr
Q004,Baby CPR,youtube,818My0zEOfo,20,cpr
Q004,Baby CPR,youtube,bsP45AXQGC4,21,cpr
Q004,Baby CPR,youtube,ZsJBnTxRmA0,22,cpr
Q004,Baby CPR,youtube,ePodw7L_mFM,23,cpr
Q004,Baby CPR,youtube,PP8Dy_IKMDM,24,cpr
Q004,Baby CPR,youtube,_K7Dwy6b2wQ,25,cpr
Q004,Baby CPR,youtube,qRNNCkVgRQY,26,cpr
Q004,Baby CPR,youtube,57KAIkJ6aag,27,cpr
Q004,Baby CPR,youtube,9jiSjk7jlUQ,28,cpr
Q004,Baby CPR,youtube,afWuOg33_7o,29,cpr
Q004,Baby CPR,youtube,ulJL3jFVKNs,30,cpr
Q004,Baby CPR,youtube,MEaPefB1GIM,31,cpr
Q004,Baby CPR,youtube,ShaNuST_58A,32,cpr
Q004,Baby CPR,youtube,oKE9IG7LERg,33,cpr
Q004,Baby CPR,youtube,gJwXKFRxpqg,34,cpr
Q004,Baby CPR,youtube,LwQdY-SSL3w,35,cpr
Q004,Baby CPR,youtube,gHZdBY-CkGw,36,cpr
Q004,Baby CPR,youtube,Jf8CtoVquCk,37,cpr
Q004,Baby CPR,youtube,0_rtxrZq_3k,38,cpr
Q004,Baby CPR,youtube,AWEHRyeQLkw,39,cpr
Q004,Baby CPR,youtube,01jpBkoQr4Y,40,cpr
Q004,Baby CPR,youtube,cY5N8cks0Vw,41,cpr
Q004,Baby CPR,youtube,UquZ0ePjowM,42,cpr
Q004,Baby CPR,youtube,xoXZCDH2bIU,43,cpr
Q004,Baby CPR,youtube,sdJa8bzW6I4,44,cpr
Q004,Baby CPR,youtube,PZdH2U-84_Y,45,cpr
Q004,Baby CPR,youtube,ZPjwpv6xUj8,46,cpr
Q004,Baby CPR,youtube,sFC1O2FWcmE,47,cpr
Q004,Baby CPR,youtube,IKEi2e2tafw,48,cpr
Q004,Baby CPR,youtube,WP5TCUR9gxc,49,cpr
Q004,Baby CPR,youtube,TEcJqzaF_pQ,50,cpr
Q004,Baby CPR,tiktok,7592067978930212109,1,cpr
Q004,Baby CPR,tiktok,7688859009708756254,2,cpr
Q004,Baby CPR,tiktok,7670576564555271455,3,cpr
Q004,Baby CPR,tiktok,7675179422265232671,4,cpr
Q004,Baby CPR,tiktok,7685866607582645535,5,cpr
Q004,Baby CPR,tiktok,7606499365376625950,6,cpr
Q004,Baby CPR,tiktok,7353465715501911313,7,cpr
Q004,Baby CPR,tiktok,7211273728053759234,8,cpr
Q004,Baby CPR,tiktok,7624231031712894216,9,cpr
Q004,Baby CPR,tiktok,7564855082773204238,10,cpr
Q004,Baby CPR,tiktok,7611894117991304478,11,cpr
Q004,Baby CPR,tiktok,7690972382927916318,12,cpr
Q004,Baby CPR,tiktok,7621322406593891606,13,cpr
Q004,Baby CPR,tiktok,7665155183877377311,14,cpr
Q004,Baby CPR,tiktok,7376666960446164266,15,cpr
Q004,Baby CPR,tiktok,7679188328469515542,16,cpr
Q004,Baby CPR,tiktok,7686691013217324318,17,cpr
Q004,Baby CPR,tiktok,7593417060898671880,18,cpr
Q004,Baby CPR,tiktok,7660608120263036167,19,cpr
Q004,Baby CPR,tiktok,7265251335564578056,20,cpr
Q004,Baby CPR,tiktok,7017226841450646789,21,cpr
Q004,Baby CPR,tiktok,7690746929545825549,22,cpr
Q004,Baby CPR,tiktok,7691151172912139550,23,cpr
Q004,Baby CPR,tiktok,7541021036381490454,24,cpr
Q004,Baby CPR,tiktok,7686580205489638688,25,cpr
Q004,Baby CPR,tiktok,7618577269581237526,26,cpr
Q004,Baby CPR,tiktok,7656411784462568734,27,cpr
Q004,Baby CPR,tiktok,7574104461438749966,28,cpr
Q004,Baby CPR,tiktok,7154432144452963589,29,cpr
Q004,Baby CPR,tiktok,7390130173947038993,30,cpr
Q004,Baby CPR,tiktok,7453559534418677035,31,cpr
Q004,Baby CPR,tiktok,7690057526661991693,32,cpr
Q004,Baby CPR,tiktok,7653451556200697108,33,cpr
Q004,Baby CPR,tiktok,7595184468009291030,34,cpr
Q004,Baby CPR,tiktok,7691392596136054029,35,cpr
Q004,Baby CPR,tiktok,7688856236334304530,36,cpr
Q004,Baby CPR,tiktok,7366600086383578374,37,cpr
Q004,Baby CPR,tiktok,7584322255870594334,38,cpr
Q004,Baby CPR,tiktok,7641234924120411422,39,cpr
Q004,Baby CPR,tiktok,7645796267246898462,40,cpr
Q004,Baby CPR,tiktok,7628567625274035469,41,cpr
Q004,Baby CPR,tiktok,7082908572333460779,42,cpr
Q004,Baby CPR,tiktok,7681415078347885838,43,cpr
Q004,Baby CPR,tiktok,7529308694341799199,44,cpr
Q004,Baby CPR,tiktok,7689631254366457119,45,cpr
Q004,Baby CPR,tiktok,7369949101955222816,46,cpr
Q004,Baby CPR,tiktok,7564320640476515606,47,cpr
Q004,Baby CPR,tiktok,7525463138997701910,48,cpr
Q004,Baby CPR,tiktok,7659714375111986454,49,cpr
Q004,Baby CPR,tiktok,7691653797541612813,50,cpr
Q004,Baby CPR,tiktok,7690304251645414678,51,cpr
Q004,Baby CPR,tiktok,7607476958707895565,52,cpr
Q004,Baby CPR,tiktok,7674628436274580749,53,cpr
Q004,Baby CPR,tiktok,7691618737333488899,54,cpr
Q004,Baby CPR,tiktok,7689615643334692118,55,cpr
Q004,Baby CPR,tiktok,7407991036754152735,56,cpr
Q004,Baby CPR,tiktok,7630134364390640910,57,cpr
Q005,Infant and child CPR,youtube,n65HW1iJUuY,1,cpr
Q005,Infant and child CPR,youtube,YeDwkE9p52M,2,cpr
Q005,Infant and child CPR,youtube,NFKBWMkNDRA,3,cpr
Q005,Infant and child CPR,youtube,avYRvVHAvfM,4,cpr
Q005,Infant and child CPR,youtube,NyvNGnKjKDw,5,cpr
Q005,Infant and child CPR,youtube,XJQF-qUWOLA,6,cpr
Q005,Infant and child CPR,youtube,0Ki7kam5mVM,7,cpr
Q005,Infant and child CPR,youtube,4j329wUsl3s,8,cpr
Q005,Infant and child CPR,youtube,ZPjwpv6xUj8,9,cpr
Q005,Infant and child CPR,youtube,818My0zEOfo,10,cpr
Q005,Infant and child CPR,youtube,3WPOYQOYNnA,11,cpr
Q005,Infant and child CPR,youtube,ksLwSIUljP4,12,cpr
Q005,Infant and child CPR,youtube,Y8NxmdvBWac,13,cpr
Q005,Infant and child CPR,youtube,AWEHRyeQLkw,14,cpr
Q005,Infant and child CPR,youtube,0aV9NS0ogiM,15,cpr
Q005,Infant and child CPR,youtube,afWuOg33_7o,16,cpr
Q005,Infant and child CPR,youtube,nAu9mehwiG4,17,cpr
Q005,Infant and child CPR,youtube,22hHcU9nO-Y,18,cpr
Q005,Infant and child CPR,youtube,NSzsMRzS1C4,19,cpr
Q005,Infant and child CPR,youtube,WqIJbT8cCI8,20,cpr
Q005,Infant and child CPR,youtube,9jiSjk7jlUQ,21,cpr
Q005,Infant and child CPR,youtube,01jpBkoQr4Y,22,cpr
Q005,Infant and child CPR,youtube,ulJL3jFVKNs,23,cpr
Q005,Infant and child CPR,youtube,PP8Dy_IKMDM,24,cpr
Q005,Infant and child CPR,youtube,ql6Ob8gbVDw,25,cpr
Q005,Infant and child CPR,youtube,ePodw7L_mFM,26,cpr
Q005,Infant and child CPR,youtube,dfE6ixuRfjQ,27,cpr
Q005,Infant and child CPR,youtube,gHZdBY-CkGw,28,cpr
Q005,Infant and child CPR,youtube,cY5N8cks0Vw,29,cpr
Q005,Infant and child CPR,youtube,flJ9Psd1j_c,30,cpr
Q005,Infant and child CPR,youtube,xoXZCDH2bIU,31,cpr
Q005,Infant and child CPR,youtube,I3pvuYMcPg4,32,cpr
Q005,Infant and child CPR,youtube,RLr6uW2DdFo,33,cpr
Q005,Infant and child CPR,youtube,mJKQMbffcEs,34,cpr
Q005,Infant and child CPR,youtube,0FXzHFlmQmk,35,cpr
Q005,Infant and child CPR,youtube,0_rtxrZq_3k,36,cpr
Q005,Infant and child CPR,youtube,IKEi2e2tafw,37,cpr
Q005,Infant and child CPR,youtube,CnbkWUGW4dQ,38,cpr
Q005,Infant and child CPR,youtube,vvcLd4bKmCI,39,cpr
Q005,Infant and child CPR,youtube,L5K4RfsVNKs,40,cpr
Q005,Infant and child CPR,youtube,ShaNuST_58A,41,cpr
Q005,Infant and child CPR,youtube,_dHlpsz-hhA,42,cpr
Q005,Infant and child CPR,youtube,p-fWdzfwCc0,43,cpr
Q005,Infant and child CPR,youtube,mnL_Dugm4y0,44,cpr
Q005,Infant and child CPR,youtube,AYW8rf__60U,45,cpr
Q005,Infant and child CPR,youtube,axqIju9CLKA,46,cpr
Q005,Infant and child CPR,youtube,iyjL3eZlP90,47,cpr
Q005,Infant and child CPR,youtube,Jf8CtoVquCk,48,cpr
Q005,Infant and child CPR,youtube,gJwXKFRxpqg,49,cpr
Q005,Infant and child CPR,tiktok,7592067978930212109,1,cpr
Q005,Infant and child CPR,tiktok,7647163343995800862,2,cpr
Q005,Infant and child CPR,tiktok,7211273728053759234,3,cpr
Q005,Infant and child CPR,tiktok,7688859009708756254,4,cpr
Q005,Infant and child CPR,tiktok,7606809396059983134,5,cpr
Q005,Infant and child CPR,tiktok,7670576564555271455,6,cpr
Q005,Infant and child CPR,tiktok,7163781956180643114,7,cpr
Q005,Infant and child CPR,tiktok,7637506304692555022,8,cpr
Q005,Infant and child CPR,tiktok,7635819971494284558,9,cpr
Q005,Infant and child CPR,tiktok,7675179422265232671,10,cpr
Q005,Infant and child CPR,tiktok,7324913941275036929,11,cpr
Q005,Infant and child CPR,tiktok,7655855908408347934,12,cpr
Q005,Infant and child CPR,tiktok,7265251335564578056,13,cpr
Q005,Infant and child CPR,tiktok,7582333803230809357,14,cpr
Q005,Infant and child CPR,tiktok,7686691013217324318,15,cpr
Q005,Infant and child CPR,tiktok,7606911350165523743,16,cpr
Q005,Infant and child CPR,tiktok,7685866607582645535,17,cpr
Q005,Infant and child CPR,tiktok,7647940935451528461,18,cpr
Q005,Infant and child CPR,tiktok,7639074987588013325,19,cpr
Q005,Infant and child CPR,tiktok,7656411784462568734,20,cpr
Q005,Infant and child CPR,tiktok,7665155183877377311,21,cpr
Q005,Infant and child CPR,tiktok,7621342965847297310,22,cpr
Q005,Infant and child CPR,tiktok,7568495621779262750,23,cpr
Q005,Infant and child CPR,tiktok,7596481755368983822,24,cpr
Q005,Infant and child CPR,tiktok,7690304251645414678,25,cpr
Q005,Infant and child CPR,tiktok,7621651416838360351,26,cpr
Q005,Infant and child CPR,tiktok,7656844902579309838,27,cpr
Q005,Infant and child CPR,tiktok,7666291462417517854,28,cpr
Q005,Infant and child CPR,tiktok,7637246402057211154,29,cpr
Q005,Infant and child CPR,tiktok,7626233448495090974,30,cpr
Q005,Infant and child CPR,tiktok,7376501097944403243,31,cpr
Q005,Infant and child CPR,tiktok,7018504715075882246,32,cpr
Q005,Infant and child CPR,tiktok,7691653797541612813,33,cpr
Q005,Infant and child CPR,tiktok,7369949101955222816,34,cpr
Q005,Infant and child CPR,tiktok,7682307831306964242,35,cpr
Q005,Infant and child CPR,tiktok,7593162150919556407,36,cpr
Q005,Infant and child CPR,tiktok,7690057526661991693,37,cpr
Q005,Infant and child CPR,tiktok,7689615643334692118,38,cpr
Q005,Infant and child CPR,tiktok,7681415078347885838,39,cpr
Q005,Infant and child CPR,tiktok,7282791632284486954,40,cpr
Q005,Infant and child CPR,tiktok,7051123285437811995,41,cpr
Q005,Infant and child CPR,tiktok,7668713175470050574,42,cpr
Q005,Infant and child CPR,tiktok,7247635925231078702,43,cpr
Q005,Infant and child CPR,tiktok,7470558163004149025,44,cpr
Q005,Infant and child CPR,tiktok,7459323290214026514,45,cpr
Q005,Infant and child CPR,tiktok,7616554359245131039,46,cpr
Q005,Infant and child CPR,tiktok,7530824176152661261,47,cpr
Q005,Infant and child CPR,tiktok,7645796267246898462,48,cpr
Q005,Infant and child CPR,tiktok,7659714375111986454,49,cpr
Q005,Infant and child CPR,tiktok,7673324746796240142,50,cpr
Q005,Infant and child CPR,tiktok,7677245575628147982,51,cpr
Q005,Infant and child CPR,tiktok,7506921974099168534,52,cpr
Q005,Infant and child CPR,tiktok,7664463234547649806,53,cpr
Q005,Infant and child CPR,tiktok,7654381539924479246,54,cpr
Q005,Infant and child CPR,tiktok,7635425019178405150,55,cpr
Q005,Infant and child CPR,tiktok,7675181993507802399,56,cpr
Q005,Infant and child CPR,tiktok,7614605757237021982,57,cpr
Q005,Infant and child CPR,tiktok,7260647860943834410,58,cpr
Q006,Pediatric cardiopulmonary resuscitation,youtube,n65HW1iJUuY,1,cpr
Q006,Pediatric cardiopulmonary resuscitation,youtube,0Ki7kam5mVM,2,cpr
Q006,Pediatric cardiopulmonary resuscitation,youtube,c7Q1s7ppSwc,3,cpr
Q006,Pediatric cardiopulmonary resuscitation,youtube,MEqJKbfvric,4,cpr
Q006,Pediatric cardiopulmonary resuscitation,youtube,YeDwkE9p52M,5,cpr
Q006,Pediatric cardiopulmonary resuscitation,youtube,t8_MXHyRku0,6,cpr
Q006,Pediatric cardiopulmonary resuscitation,youtube,xoXZCDH2bIU,7,cpr
Q006,Pediatric cardiopulmonary resuscitation,youtube,ksLwSIUljP4,8,cpr
Q006,Pediatric cardiopulmonary resuscitation,youtube,22hHcU9nO-Y,9,cpr
Q006,Pediatric cardiopulmonary resuscitation,youtube,0aV9NS0ogiM,10,cpr
Q006,Pediatric cardiopulmonary resuscitation,youtube,avYRvVHAvfM,11,cpr
Q006,Pediatric cardiopulmonary resuscitation,youtube,nAu9mehwiG4,12,cpr
Q006,Pediatric cardiopulmonary resuscitation,youtube,afWuOg33_7o,13,cpr
Q006,Pediatric cardiopulmonary resuscitation,youtube,ulJL3jFVKNs,14,cpr
Q006,Pediatric cardiopulmonary resuscitation,youtube,57KAIkJ6aag,15,cpr
Q006,Pediatric cardiopulmonary resuscitation,youtube,0FXzHFlmQmk,16,cpr
Q006,Pediatric cardiopulmonary resuscitation,youtube,AYW8rf__60U,17,cpr
Q006,Pediatric cardiopulmonary resuscitation,youtube,ohydtbrZmQc,18,cpr
Q006,Pediatric cardiopulmonary resuscitation,youtube,mnL_Dugm4y0,19,cpr
Q006,Pediatric cardiopulmonary resuscitation,youtube,4eOtcqKQ0K4,20,cpr
Q006,Pediatric cardiopulmonary resuscitation,youtube,3WPOYQOYNnA,21,cpr
Q006,Pediatric cardiopulmonary resuscitation,youtube,XJQF-qUWOLA,22,cpr
Q006,Pediatric cardiopulmonary resuscitation,youtube,yp5gjJa2FxA,23,cpr
Q006,Pediatric cardiopulmonary resuscitation,youtube,NFKBWMkNDRA,24,cpr
Q006,Pediatric cardiopulmonary resuscitation,youtube,sdJa8bzW6I4,25,cpr
Q006,Pediatric cardiopulmonary resuscitation,youtube,lDFN1bgdAqM,26,cpr
Q006,Pediatric cardiopulmonary resuscitation,youtube,11cvec_5FaE,27,cpr
Q006,Pediatric cardiopulmonary resuscitation,youtube,41kXJZdPDfs,28,cpr
Q006,Pediatric cardiopulmonary resuscitation,youtube,stpWhn-EMmA,29,cpr
Q006,Pediatric cardiopulmonary resuscitation,youtube,hizBdM1Ob68,30,cpr
Q006,Pediatric cardiopulmonary resuscitation,youtube,dfE6ixuRfjQ,31,cpr
Q006,Pediatric cardiopulmonary resuscitation,youtube,wdEOqitYcpE,32,cpr
Q006,Pediatric cardiopulmonary resuscitation,youtube,01jpBkoQr4Y,33,cpr
Q006,Pediatric cardiopulmonary resuscitation,youtube,AhiuNeag1uc,34,cpr
Q006,Pediatric cardiopulmonary resuscitation,youtube,ktiJzoqkzsQ,35,cpr
Q006,Pediatric cardiopulmonary resuscitation,youtube,BUhUiPeEX-8,36,cpr
Q006,Pediatric cardiopulmonary resuscitation,youtube,818My0zEOfo,37,cpr
Q006,Pediatric cardiopulmonary resuscitation,youtube,A_4n-lHDo_E,38,cpr
Q006,Pediatric cardiopulmonary resuscitation,youtube,2I6iesDpGI0,39,cpr
Q006,Pediatric cardiopulmonary resuscitation,youtube,ql6Ob8gbVDw,40,cpr
Q006,Pediatric cardiopulmonary resuscitation,youtube,IAWzsSMm01s,41,cpr
Q006,Pediatric cardiopulmonary resuscitation,youtube,7ForFXe7Zjo,42,cpr
Q006,Pediatric cardiopulmonary resuscitation,youtube,gJwXKFRxpqg,43,cpr
Q006,Pediatric cardiopulmonary resuscitation,youtube,FKtLyriOUjg,44,cpr
Q006,Pediatric cardiopulmonary resuscitation,youtube,0w450K6lh4M,45,cpr
Q006,Pediatric cardiopulmonary resuscitation,youtube,WqIJbT8cCI8,46,cpr
Q006,Pediatric cardiopulmonary resuscitation,youtube,YrIBnzswjoI,47,cpr
Q006,Pediatric cardiopulmonary resuscitation,youtube,W4KjYC51B-c,48,cpr
Q006,Pediatric cardiopulmonary resuscitation,youtube,IpHVwLk008U,49,cpr
Q006,Pediatric cardiopulmonary resuscitation,youtube,nRYiTZibL6w,50,cpr
Q006,Pediatric cardiopulmonary resuscitation,tiktok,7645796267246898462,1,cpr
Q006,Pediatric cardiopulmonary resuscitation,tiktok,7685376942316473614,2,cpr
Q006,Pediatric cardiopulmonary resuscitation,tiktok,7670766550600715528,3,cpr
Q006,Pediatric cardiopulmonary resuscitation,tiktok,7674628436274580749,4,cpr
Q006,Pediatric cardiopulmonary resuscitation,tiktok,7106995076550905134,5,cpr
Q006,Pediatric cardiopulmonary resuscitation,tiktok,7424519956227722528,6,cpr
Q006,Pediatric cardiopulmonary resuscitation,tiktok,7302681105864330502,7,cpr
Q006,Pediatric cardiopulmonary resuscitation,tiktok,7606042786495794462,8,cpr
Q006,Pediatric cardiopulmonary resuscitation,tiktok,7255752324201631019,9,cpr
Q006,Pediatric cardiopulmonary resuscitation,tiktok,7677606495046913294,10,cpr
Q006,Pediatric cardiopulmonary resuscitation,tiktok,7352768925379202309,11,cpr
Q006,Pediatric cardiopulmonary resuscitation,tiktok,7472827885489851653,12,cpr
Q006,Pediatric cardiopulmonary resuscitation,tiktok,7661356419295218974,13,cpr
Q006,Pediatric cardiopulmonary resuscitation,tiktok,7618300269524274454,14,cpr
Q006,Pediatric cardiopulmonary resuscitation,tiktok,7690304251645414678,15,cpr
Q006,Pediatric cardiopulmonary resuscitation,tiktok,7668713175470050574,16,cpr
Q006,Pediatric cardiopulmonary resuscitation,tiktok,7648924657936092429,17,cpr
Q006,Pediatric cardiopulmonary resuscitation,tiktok,7682471028362104086,18,cpr
Q006,Pediatric cardiopulmonary resuscitation,tiktok,7136352473815551238,19,cpr
Q006,Pediatric cardiopulmonary resuscitation,tiktok,7607684188409498898,20,cpr
Q006,Pediatric cardiopulmonary resuscitation,tiktok,7504256255330929950,21,cpr
Q006,Pediatric cardiopulmonary resuscitation,tiktok,6997956882224712965,22,cpr
Q006,Pediatric cardiopulmonary resuscitation,tiktok,7623676949654703373,23,cpr
Q006,Pediatric cardiopulmonary resuscitation,tiktok,7196072211113872683,24,cpr
Q006,Pediatric cardiopulmonary resuscitation,tiktok,7689615643334692118,25,cpr
Q006,Pediatric cardiopulmonary resuscitation,tiktok,7688350194647190792,26,cpr
Q006,Pediatric cardiopulmonary resuscitation,tiktok,7682630880933842197,27,cpr
Q006,Pediatric cardiopulmonary resuscitation,tiktok,7592369073967598855,28,cpr
Q006,Pediatric cardiopulmonary resuscitation,tiktok,7206397448527596846,29,cpr
Q006,Pediatric cardiopulmonary resuscitation,tiktok,7463164213414874411,30,cpr
Q006,Pediatric cardiopulmonary resuscitation,tiktok,7611546278484266248,31,cpr
Q006,Pediatric cardiopulmonary resuscitation,tiktok,7567214318735920397,32,cpr
Q006,Pediatric cardiopulmonary resuscitation,tiktok,7054685021336046854,33,cpr
Q006,Pediatric cardiopulmonary resuscitation,tiktok,7676335370186820877,34,cpr
Q006,Pediatric cardiopulmonary resuscitation,tiktok,7586369573516004626,35,cpr
Q006,Pediatric cardiopulmonary resuscitation,tiktok,7179260841265483050,36,cpr
Q006,Pediatric cardiopulmonary resuscitation,tiktok,7189237563511590170,37,cpr
Q006,Pediatric cardiopulmonary resuscitation,tiktok,7640917333447347464,38,cpr
Q006,Pediatric cardiopulmonary resuscitation,tiktok,7348070567154715910,39,cpr
Q006,Pediatric cardiopulmonary resuscitation,tiktok,7593841695381310728,40,cpr
Q006,Pediatric cardiopulmonary resuscitation,tiktok,7626854974630284558,41,cpr
Q006,Pediatric cardiopulmonary resuscitation,tiktok,7664463234547649806,42,cpr
Q006,Pediatric cardiopulmonary resuscitation,tiktok,7583852527314029855,43,cpr
Q006,Pediatric cardiopulmonary resuscitation,tiktok,7316217440415845663,44,cpr
Q006,Pediatric cardiopulmonary resuscitation,tiktok,7132173679567342891,45,cpr
Q006,Pediatric cardiopulmonary resuscitation,tiktok,7506921974099168534,46,cpr
Q006,Pediatric cardiopulmonary resuscitation,tiktok,7458694404010757407,47,cpr
Q006,Pediatric cardiopulmonary resuscitation,tiktok,7200420095112252699,48,cpr
Q006,Pediatric cardiopulmonary resuscitation,tiktok,7468021013779893537,49,cpr
Q006,Pediatric cardiopulmonary resuscitation,tiktok,7619281368740154638,50,cpr
Q006,Pediatric cardiopulmonary resuscitation,tiktok,7468000421269802272,51,cpr
Q006,Pediatric cardiopulmonary resuscitation,tiktok,7633853373829205270,52,cpr
Q006,Pediatric cardiopulmonary resuscitation,tiktok,7428376911681768747,53,cpr
Q006,Pediatric cardiopulmonary resuscitation,tiktok,7670370220967611661,54,cpr
Q006,Pediatric cardiopulmonary resuscitation,tiktok,7612944106632776968,55,cpr
Q006,Pediatric cardiopulmonary resuscitation,tiktok,7620467198863150357,56,cpr
Q006,Pediatric cardiopulmonary resuscitation,tiktok,7609090191189396766,57,cpr
Q007,Infant CPR two-finger technique,youtube,S26xF7Fz-TU,1,cpr
Q007,Infant CPR two-finger technique,youtube,UJ74Ogm_xL0,2,cpr
Q007,Infant CPR two-finger technique,youtube,n65HW1iJUuY,3,cpr
Q007,Infant CPR two-finger technique,youtube,YeDwkE9p52M,4,cpr
Q007,Infant CPR two-finger technique,youtube,LS9vOXeJtes,5,cpr
Q007,Infant CPR two-finger technique,youtube,RLr6uW2DdFo,6,cpr
Q007,Infant CPR two-finger technique,youtube,r8lQCwsaRtc,7,cpr
Q007,Infant CPR two-finger technique,youtube,TEcJqzaF_pQ,8,cpr
Q007,Infant CPR two-finger technique,youtube,vVZrbyo9jrA,9,cpr
Q007,Infant CPR two-finger technique,youtube,UMhZz1HUJ_U,10,cpr
Q007,Infant CPR two-finger technique,youtube,MmHdDF_eLE4,11,cpr
Q007,Infant CPR two-finger technique,youtube,NS_w153QfAU,12,cpr
Q007,Infant CPR two-finger technique,youtube,c7Q1s7ppSwc,13,cpr
Q007,Infant CPR two-finger technique,youtube,ngXgfrsxjG0,14,cpr
Q007,Infant CPR two-finger technique,youtube,Vg00TYQmwmA,15,cpr
Q007,Infant CPR two-finger technique,youtube,0PZ8a5OjI1o,16,cpr
Q007,Infant CPR two-finger technique,youtube,4j329wUsl3s,17,cpr
Q007,Infant CPR two-finger technique,youtube,tIJYMLFwqiI,18,cpr
Q007,Infant CPR two-finger technique,youtube,ql6Ob8gbVDw,19,cpr
Q007,Infant CPR two-finger technique,youtube,nUAQ_dwQaOA,20,cpr
Q007,Infant CPR two-finger technique,youtube,oZycEFnE5f0,21,cpr
Q007,Infant CPR two-finger technique,youtube,ShaNuST_58A,22,cpr
Q007,Infant CPR two-finger technique,youtube,rrgKY3ia77Y,23,cpr
Q007,Infant CPR two-finger technique,youtube,FtT-YyhiTkI,24,cpr
Q007,Infant CPR two-finger technique,youtube,oWZCiXGJK0A,25,cpr
Q007,Infant CPR two-finger technique,youtube,6DerDiFGRNs,26,cpr
Q007,Infant CPR two-finger technique,youtube,X-bCmHHFi0w,27,cpr
Q007,Infant CPR two-finger technique,youtube,ePodw7L_mFM,28,cpr
Q007,Infant CPR two-finger technique,youtube,sgXKz_JxZx0,29,cpr
Q007,Infant CPR two-finger technique,youtube,RwP5xqbqXTs,30,cpr
Q007,Infant CPR two-finger technique,youtube,sVgwkPJ5OPE,31,cpr
Q007,Infant CPR two-finger technique,youtube,ItUoVJvhg7w,32,cpr
Q007,Infant CPR two-finger technique,youtube,7C5Uk7rAC98,33,cpr
Q007,Infant CPR two-finger technique,youtube,v4xNlmYZ-lE,34,cpr
Q007,Infant CPR two-finger technique,youtube,4oS5QidizMo,35,cpr
Q007,Infant CPR two-finger technique,youtube,tbowWX8kQ08,36,cpr
Q007,Infant CPR two-finger technique,youtube,7wedNj137hk,37,cpr
Q007,Infant CPR two-finger technique,youtube,7iGYknt5IwM,38,cpr
Q007,Infant CPR two-finger technique,youtube,ZXG80XJ4EnE,39,cpr
Q007,Infant CPR two-finger technique,youtube,tCsF1QGsELQ,40,cpr
Q007,Infant CPR two-finger technique,youtube,vLexJN6hjLA,41,cpr
Q007,Infant CPR two-finger technique,youtube,6eRwgM2Pa4o,42,cpr
Q007,Infant CPR two-finger technique,youtube,k3jsYdNhhdA,43,cpr
Q007,Infant CPR two-finger technique,youtube,tXX4FmFfLNc,44,cpr
Q007,Infant CPR two-finger technique,youtube,XcPiwRHEUa8,45,cpr
Q007,Infant CPR two-finger technique,youtube,TDgb88GXi5Q,46,cpr
Q007,Infant CPR two-finger technique,youtube,Bs1fSQtxfUQ,47,cpr
Q007,Infant CPR two-finger technique,youtube,1Zj-TyYzUis,48,cpr
Q007,Infant CPR two-finger technique,youtube,mRg1GIp8bYI,49,cpr
Q007,Infant CPR two-finger technique,youtube,wdEOqitYcpE,50,cpr
Q007,Infant CPR two-finger technique,tiktok,7675179422265232671,1,cpr
Q007,Infant CPR two-finger technique,tiktok,7670576564555271455,2,cpr
Q007,Infant CPR two-finger technique,tiktok,7292925783008365825,3,cpr
Q007,Infant CPR two-finger technique,tiktok,7592067978930212109,4,cpr
Q007,Infant CPR two-finger technique,tiktok,7655855908408347934,5,cpr
Q007,Infant CPR two-finger technique,tiktok,7656411784462568734,6,cpr
Q007,Infant CPR two-finger technique,tiktok,7579321654485028109,7,cpr
Q007,Infant CPR two-finger technique,tiktok,7606499365376625950,8,cpr
Q007,Infant CPR two-finger technique,tiktok,7602318339448278286,9,cpr
Q007,Infant CPR two-finger technique,tiktok,7611894117991304478,10,cpr
Q007,Infant CPR two-finger technique,tiktok,7070082398645456130,11,cpr
Q007,Infant CPR two-finger technique,tiktok,7614635422034971935,12,cpr
Q007,Infant CPR two-finger technique,tiktok,7685866607582645535,13,cpr
Q007,Infant CPR two-finger technique,tiktok,7628764344922197279,14,cpr
Q007,Infant CPR two-finger technique,tiktok,7556668227007352077,15,cpr
Q007,Infant CPR two-finger technique,tiktok,7324913941275036929,16,cpr
Q007,Infant CPR two-finger technique,tiktok,7688859009708756254,17,cpr
Q007,Infant CPR two-finger technique,tiktok,7690741008757312776,18,cpr
Q007,Infant CPR two-finger technique,tiktok,7586835123308465428,19,cpr
Q007,Infant CPR two-finger technique,tiktok,7682471028362104086,20,cpr
Q007,Infant CPR two-finger technique,tiktok,7686556548444720415,21,cpr
Q007,Infant CPR two-finger technique,tiktok,7688244589282594062,22,cpr
Q007,Infant CPR two-finger technique,tiktok,7565758642385849631,23,cpr
Q007,Infant CPR two-finger technique,tiktok,7233233038153387265,24,cpr
Q007,Infant CPR two-finger technique,tiktok,7519809657871895815,25,cpr
Q007,Infant CPR two-finger technique,tiktok,7691247240651836692,26,cpr
Q007,Infant CPR two-finger technique,tiktok,7686757553165831457,27,cpr
Q007,Infant CPR two-finger technique,tiktok,7624231031712894216,28,cpr
Q007,Infant CPR two-finger technique,tiktok,7356651745042337067,29,cpr
Q007,Infant CPR two-finger technique,tiktok,7691392596136054029,30,cpr
Q007,Infant CPR two-finger technique,tiktok,7595551076393258296,31,cpr
Q007,Infant CPR two-finger technique,tiktok,7688856236334304530,32,cpr
Q007,Infant CPR two-finger technique,tiktok,7584322255870594334,33,cpr
Q007,Infant CPR two-finger technique,tiktok,7606911350165523743,34,cpr
Q007,Infant CPR two-finger technique,tiktok,7249108593079979310,35,cpr
Q007,Infant CPR two-finger technique,tiktok,7226336310166867242,36,cpr
Q007,Infant CPR two-finger technique,tiktok,6936013464750083329,37,cpr
Q007,Infant CPR two-finger technique,tiktok,6958975558621400325,38,cpr
Q007,Infant CPR two-finger technique,tiktok,7572328669536898334,39,cpr
Q007,Infant CPR two-finger technique,tiktok,7573856082574069023,40,cpr
Q007,Infant CPR two-finger technique,tiktok,7596162827463806226,41,cpr
Q007,Infant CPR two-finger technique,tiktok,7559362788259384631,42,cpr
Q007,Infant CPR two-finger technique,tiktok,7625283127388278029,43,cpr
Q007,Infant CPR two-finger technique,tiktok,7389448638671473963,44,cpr
Q007,Infant CPR two-finger technique,tiktok,7409367729712516383,45,cpr
Q007,Infant CPR two-finger technique,tiktok,7481239590112644383,46,cpr
Q007,Infant CPR two-finger technique,tiktok,7623224605901180190,47,cpr
Q007,Infant CPR two-finger technique,tiktok,7687685081091034398,48,cpr
Q007,Infant CPR two-finger technique,tiktok,7294400206035029291,49,cpr
Q007,Infant CPR two-finger technique,tiktok,7529014894205652254,50,cpr
Q007,Infant CPR two-finger technique,tiktok,7568908737608551693,51,cpr
Q007,Infant CPR two-finger technique,tiktok,7648421911529000213,52,cpr
Q007,Infant CPR two-finger technique,tiktok,7377195595968138504,53,cpr
Q007,Infant CPR two-finger technique,tiktok,7541964981558971679,54,cpr
Q007,Infant CPR two-finger technique,tiktok,7487752641838157086,55,cpr
Q007,Infant CPR two-finger technique,tiktok,7627257921230982431,56,cpr
Q008,Neonatal CPR,youtube,n65HW1iJUuY,1,neonatal
Q008,Neonatal CPR,youtube,YeuJcPtzABg,2,neonatal
Q008,Neonatal CPR,youtube,0WhEtCygUJM,3,neonatal
Q008,Neonatal CPR,youtube,sVgwkPJ5OPE,4,neonatal
Q008,Neonatal CPR,youtube,_bcYkXgidss,5,neonatal
Q008,Neonatal CPR,youtube,YeDwkE9p52M,6,neonatal
Q008,Neonatal CPR,youtube,XJQF-qUWOLA,7,neonatal
Q008,Neonatal CPR,youtube,NFKBWMkNDRA,8,neonatal
Q008,Neonatal CPR,youtube,mz88FSxbmtI,9,neonatal
Q008,Neonatal CPR,youtube,-gj5Lie4o0c,10,neonatal
Q008,Neonatal CPR,youtube,wdEOqitYcpE,11,neonatal
Q008,Neonatal CPR,youtube,ERTrWGuQ800,12,neonatal
Q008,Neonatal CPR,youtube,nDAuTg6x4lM,13,neonatal
Q008,Neonatal CPR,youtube,NA07Meo2PfM,14,neonatal
Q008,Neonatal CPR,youtube,57KAIkJ6aag,15,neonatal
Q008,Neonatal CPR,youtube,3WPOYQOYNnA,16,neonatal
Q008,Neonatal CPR,youtube,gvPGuS8Pwaw,17,neonatal
Q008,Neonatal CPR,youtube,0Ki7kam5mVM,18,neonatal
Q008,Neonatal CPR,youtube,0FXzHFlmQmk,19,neonatal
Q008,Neonatal CPR,youtube,9jiSjk7jlUQ,20,neonatal
Q008,Neonatal CPR,youtube,UV5H_mIfc9E,21,neonatal
Q008,Neonatal CPR,youtube,sdJa8bzW6I4,22,neonatal
Q008,Neonatal CPR,youtube,8cIR0aYacAM,23,neonatal
Q008,Neonatal CPR,youtube,P-Krerv_zr0,24,neonatal
Q008,Neonatal CPR,youtube,Uto-Is7CgaA,25,neonatal
Q008,Neonatal CPR,youtube,ksLwSIUljP4,26,neonatal
Q008,Neonatal CPR,youtube,8HL6JtJi-7s,27,neonatal
Q008,Neonatal CPR,youtube,zet7o1FQiYI,28,neonatal
Q008,Neonatal CPR,youtube,4oS5QidizMo,29,neonatal
Q008,Neonatal CPR,youtube,SUSeP57MujA,30,neonatal
Q008,Neonatal CPR,youtube,FKtLyriOUjg,31,neonatal
Q008,Neonatal CPR,youtube,gJwXKFRxpqg,32,neonatal
Q008,Neonatal CPR,youtube,OFzh04pOg_c,33,neonatal
Q008,Neonatal CPR,youtube,GpUINL0m7wA,34,neonatal
Q008,Neonatal CPR,youtube,k71nKooFPr8,35,neonatal
Q008,Neonatal CPR,youtube,VJfjveCr5Ec,36,neonatal
Q008,Neonatal CPR,youtube,vvcLd4bKmCI,37,neonatal
Q008,Neonatal CPR,youtube,cY5N8cks0Vw,38,neonatal
Q008,Neonatal CPR,youtube,TEcJqzaF_pQ,39,neonatal
Q008,Neonatal CPR,youtube,KaAuJ7mVSjI,40,neonatal
Q008,Neonatal CPR,youtube,FVEe3t73g_s,41,neonatal
Q008,Neonatal CPR,youtube,EqJ_nj0rqzc,42,neonatal
Q008,Neonatal CPR,youtube,ofx_J55mpbA,43,neonatal
Q008,Neonatal CPR,youtube,MEaPefB1GIM,44,neonatal
Q008,Neonatal CPR,youtube,BysT3X1XvQE,45,neonatal
Q008,Neonatal CPR,youtube,5VHBGuvQ1nY,46,neonatal
Q008,Neonatal CPR,youtube,RpibQCtrEcU,47,neonatal
Q008,Neonatal CPR,youtube,f-oxCjLSujM,48,neonatal
Q008,Neonatal CPR,youtube,zHthG6tzA34,49,neonatal
Q008,Neonatal CPR,youtube,7Pxm9wyYqZA,50,neonatal
Q008,Neonatal CPR,tiktok,7564855082773204238,1,neonatal
Q008,Neonatal CPR,tiktok,7592067978930212109,2,neonatal
Q008,Neonatal CPR,tiktok,7111121349384473858,3,neonatal
Q008,Neonatal CPR,tiktok,7483005414947163438,4,neonatal
Q008,Neonatal CPR,tiktok,7679188328469515542,5,neonatal
Q008,Neonatal CPR,tiktok,7469522150928485674,6,neonatal
Q008,Neonatal CPR,tiktok,7224633741631671570,7,neonatal
Q008,Neonatal CPR,tiktok,7647671384939695373,8,neonatal
Q008,Neonatal CPR,tiktok,7670766550600715528,9,neonatal
Q008,Neonatal CPR,tiktok,7257654358798585131,10,neonatal
Q008,Neonatal CPR,tiktok,7601701967760608567,11,neonatal
Q008,Neonatal CPR,tiktok,7053589341146221871,12,neonatal
Q008,Neonatal CPR,tiktok,7236443801852628267,13,neonatal
Q008,Neonatal CPR,tiktok,7691086006463859982,14,neonatal
Q008,Neonatal CPR,tiktok,7641371413944732941,15,neonatal
Q008,Neonatal CPR,tiktok,7590809298578509086,16,neonatal
Q008,Neonatal CPR,tiktok,7450658781920316679,17,neonatal
Q008,Neonatal CPR,tiktok,7647119090108075284,18,neonatal
Q008,Neonatal CPR,tiktok,6959997451247832325,19,neonatal
Q008,Neonatal CPR,tiktok,7626386470932286741,20,neonatal
Q008,Neonatal CPR,tiktok,7640206071209938206,21,neonatal
Q008,Neonatal CPR,tiktok,7514722884326034710,22,neonatal
Q008,Neonatal CPR,tiktok,7681415078347885838,23,neonatal
Q008,Neonatal CPR,tiktok,7189237563511590170,24,neonatal
Q008,Neonatal CPR,tiktok,7623623389042756878,25,neonatal
Q008,Neonatal CPR,tiktok,7541021036381490454,26,neonatal
Q008,Neonatal CPR,tiktok,7593417060898671880,27,neonatal
Q008,Neonatal CPR,tiktok,7685753471710153998,28,neonatal
Q008,Neonatal CPR,tiktok,7534853923744615735,29,neonatal
Q008,Neonatal CPR,tiktok,7364863450465537323,30,neonatal
Q008,Neonatal CPR,tiktok,7646549913777605902,31,neonatal
Q008,Neonatal CPR,tiktok,7658519645187525919,32,neonatal
Q008,Neonatal CPR,tiktok,7653945347076541714,33,neonatal
Q008,Neonatal CPR,tiktok,7613083781766843669,34,neonatal
Q008,Neonatal CPR,tiktok,7614734824971996429,35,neonatal
Q008,Neonatal CPR,tiktok,7689615643334692118,36,neonatal
Q008,Neonatal CPR,tiktok,7687850902513782046,37,neonatal
Q008,Neonatal CPR,tiktok,7690798814122282254,38,neonatal
Q008,Neonatal CPR,tiktok,7619007845824056606,39,neonatal
Q008,Neonatal CPR,tiktok,7407991036754152735,40,neonatal
Q008,Neonatal CPR,tiktok,7664679619144011038,41,neonatal
Q008,Neonatal CPR,tiktok,7572250811909082390,42,neonatal
Q008,Neonatal CPR,tiktok,7583016026409798942,43,neonatal
Q008,Neonatal CPR,tiktok,7611501569393134862,44,neonatal
Q008,Neonatal CPR,tiktok,7687309373026110741,45,neonatal
Q008,Neonatal CPR,tiktok,7674754448870165774,46,neonatal
Q008,Neonatal CPR,tiktok,7567214318735920397,47,neonatal
Q008,Neonatal CPR,tiktok,7569326504337886495,48,neonatal
Q008,Neonatal CPR,tiktok,7571162932583746838,49,neonatal
Q008,Neonatal CPR,tiktok,7528097088169659679,50,neonatal
Q008,Neonatal CPR,tiktok,7596564433824992525,51,neonatal
Q008,Neonatal CPR,tiktok,7569001124531883319,52,neonatal
Q008,Neonatal CPR,tiktok,7596357039656389943,53,neonatal
Q008,Neonatal CPR,tiktok,7647334225347235085,54,neonatal
Q008,Neonatal CPR,tiktok,7634972303863942430,55,neonatal
Q008,Neonatal CPR,tiktok,7669591322298207495,56,neonatal
Q009,Newborn resuscitation,youtube,0WhEtCygUJM,1,neonatal
Q009,Newborn resuscitation,youtube,P-Krerv_zr0,2,neonatal
Q009,Newborn resuscitation,youtube,NFKBWMkNDRA,3,neonatal
Q009,Newborn resuscitation,youtube,sVgwkPJ5OPE,4,neonatal
Q009,Newborn resuscitation,youtube,-gj5Lie4o0c,5,neonatal
Q009,Newborn resuscitation,youtube,zet7o1FQiYI,6,neonatal
Q009,Newborn resuscitation,youtube,SUSeP57MujA,7,neonatal
Q009,Newborn resuscitation,youtube,53tknFYEDEs,8,neonatal
Q009,Newborn resuscitation,youtube,wdEOqitYcpE,9,neonatal
Q009,Newborn resuscitation,youtube,mz88FSxbmtI,10,neonatal
Q009,Newborn resuscitation,youtube,zQ_M-0MStb8,11,neonatal
Q009,Newborn resuscitation,youtube,ERTrWGuQ800,12,neonatal
Q009,Newborn resuscitation,youtube,4602AJo9BHc,13,neonatal
Q009,Newborn resuscitation,youtube,VJfjveCr5Ec,14,neonatal
Q009,Newborn resuscitation,youtube,AuW3uaFxMx8,15,neonatal
Q009,Newborn resuscitation,youtube,XUE_kP9NmWs,16,neonatal
Q009,Newborn resuscitation,youtube,4oS5QidizMo,17,neonatal
Q009,Newborn resuscitation,youtube,eypOSaSRVQk,18,neonatal
Q009,Newborn resuscitation,youtube,GpUINL0m7wA,19,neonatal
Q009,Newborn resuscitation,youtube,Uto-Is7CgaA,20,neonatal
Q009,Newborn resuscitation,youtube,zHthG6tzA34,21,neonatal
Q009,Newborn resuscitation,youtube,j5yeqH1VSYo,22,neonatal
Q009,Newborn resuscitation,youtube,_bcYkXgidss,23,neonatal
Q009,Newborn resuscitation,youtube,ql6Ob8gbVDw,24,neonatal
Q009,Newborn resuscitation,youtube,ofx_J55mpbA,25,neonatal
Q009,Newborn resuscitation,youtube,OFzh04pOg_c,26,neonatal
Q009,Newborn resuscitation,youtube,8GGJ1gIKihw,27,neonatal
Q009,Newborn resuscitation,youtube,0JotcNeyf1s,28,neonatal
Q009,Newborn resuscitation,youtube,o63HyLCD1Pk,29,neonatal
Q009,Newborn resuscitation,youtube,YeDwkE9p52M,30,neonatal
Q009,Newborn resuscitation,youtube,nDAuTg6x4lM,31,neonatal
Q009,Newborn resuscitation,youtube,8cIR0aYacAM,32,neonatal
Q009,Newborn resuscitation,youtube,5VHBGuvQ1nY,33,neonatal
Q009,Newborn resuscitation,youtube,2PzVDqbtKcg,34,neonatal
Q009,Newborn resuscitation,youtube,h-QnKT-moeY,35,neonatal
Q009,Newborn resuscitation,youtube,IxkWS1h1eTc,36,neonatal
Q009,Newborn resuscitation,youtube,K3toQCVhiNU,37,neonatal
Q009,Newborn resuscitation,youtube,b4DOgT_Tusg,38,neonatal
Q009,Newborn resuscitation,youtube,NTlNaPH10pA,39,neonatal
Q009,Newborn resuscitation,youtube,8HL6JtJi-7s,40,neonatal
Q009,Newborn resuscitation,youtube,7Pxm9wyYqZA,41,neonatal
Q009,Newborn resuscitation,youtube,8d45VRDCkeE,42,neonatal
Q009,Newborn resuscitation,youtube,ZlWIbMtk7-k,43,neonatal
Q009,Newborn resuscitation,youtube,4Dn6tycJy_M,44,neonatal
Q009,Newborn resuscitation,youtube,oRNy-O9hMD8,45,neonatal
Q009,Newborn resuscitation,youtube,BysT3X1XvQE,46,neonatal
Q009,Newborn resuscitation,youtube,oLU3vSnPN8E,47,neonatal
Q009,Newborn resuscitation,youtube,mItAnx0vgcM,48,neonatal
Q009,Newborn resuscitation,youtube,8S5gM2NWop4,49,neonatal
Q009,Newborn resuscitation,youtube,J8jNhVRpJiQ,50,neonatal
Q009,Newborn resuscitation,tiktok,7628759627697491213,1,neonatal
Q009,Newborn resuscitation,tiktok,7623623389042756878,2,neonatal
Q009,Newborn resuscitation,tiktok,7591922404335635743,3,neonatal
Q009,Newborn resuscitation,tiktok,7564855082773204238,4,neonatal
Q009,Newborn resuscitation,tiktok,7659782656967658770,5,neonatal
Q009,Newborn resuscitation,tiktok,7668014023258033438,6,neonatal
Q009,Newborn resuscitation,tiktok,7674754448870165774,7,neonatal
Q009,Newborn resuscitation,tiktok,7621978116457631007,8,neonatal
Q009,Newborn resuscitation,tiktok,7671129413735435533,9,neonatal
Q009,Newborn resuscitation,tiktok,7556992672603426078,10,neonatal
Q009,Newborn resuscitation,tiktok,7690981866135915783,11,neonatal
Q009,Newborn resuscitation,tiktok,7302808589268307205,12,neonatal
Q009,Newborn resuscitation,tiktok,7596477069731646750,13,neonatal
Q009,Newborn resuscitation,tiktok,7236443801852628267,14,neonatal
Q009,Newborn resuscitation,tiktok,7659840617194867981,15,neonatal
Q009,Newborn resuscitation,tiktok,7650677719440641293,16,neonatal
Q009,Newborn resuscitation,tiktok,7483005414947163438,17,neonatal
Q009,Newborn resuscitation,tiktok,7658702180534242581,18,neonatal
Q009,Newborn resuscitation,tiktok,7688688386118290718,19,neonatal
Q009,Newborn resuscitation,tiktok,7677626324428623117,20,neonatal
Q009,Newborn resuscitation,tiktok,7488353448304315703,21,neonatal
Q009,Newborn resuscitation,tiktok,7679188328469515542,22,neonatal
Q009,Newborn resuscitation,tiktok,7469522150928485674,23,neonatal
Q009,Newborn resuscitation,tiktok,7633508111550139670,24,neonatal
Q009,Newborn resuscitation,tiktok,7687040041570323726,25,neonatal
Q009,Newborn resuscitation,tiktok,7663594263585869077,26,neonatal
Q009,Newborn resuscitation,tiktok,7116337202014997806,27,neonatal
Q009,Newborn resuscitation,tiktok,7662716905081392397,28,neonatal
Q009,Newborn resuscitation,tiktok,7566778393732074760,29,neonatal
Q009,Newborn resuscitation,tiktok,7663092136031571214,30,neonatal
Q009,Newborn resuscitation,tiktok,7359260016714501422,31,neonatal
Q009,Newborn resuscitation,tiktok,7069068826150751530,32,neonatal
Q009,Newborn resuscitation,tiktok,7208604902216682798,33,neonatal
Q009,Newborn resuscitation,tiktok,7600458841796463905,34,neonatal
Q009,Newborn resuscitation,tiktok,7686282349348162830,35,neonatal
Q009,Newborn resuscitation,tiktok,7475410873394220334,36,neonatal
Q009,Newborn resuscitation,tiktok,7664544333231607061,37,neonatal
Q009,Newborn resuscitation,tiktok,7483862184141917462,38,neonatal
Q009,Newborn resuscitation,tiktok,7655730723550268694,39,neonatal
Q009,Newborn resuscitation,tiktok,7623349113077124365,40,neonatal
Q009,Newborn resuscitation,tiktok,7690961142398651668,41,neonatal
Q009,Newborn resuscitation,tiktok,7660243632355659030,42,neonatal
Q009,Newborn resuscitation,tiktok,7608240131547385119,43,neonatal
Q009,Newborn resuscitation,tiktok,7550884129164840247,44,neonatal
Q009,Newborn resuscitation,tiktok,7596024450886143264,45,neonatal
Q009,Newborn resuscitation,tiktok,7691381905580657933,46,neonatal
Q009,Newborn resuscitation,tiktok,7676967508536069406,47,neonatal
Q009,Newborn resuscitation,tiktok,7419646409193884970,48,neonatal
Q009,Newborn resuscitation,tiktok,7691016231373098292,49,neonatal
Q009,Newborn resuscitation,tiktok,7671490684808858887,50,neonatal
Q009,Newborn resuscitation,tiktok,7047614920250281263,51,neonatal
Q009,Newborn resuscitation,tiktok,7534657847234170130,52,neonatal
Q009,Newborn resuscitation,tiktok,7647061125468654870,53,neonatal
Q009,Newborn resuscitation,tiktok,7672524549446978846,54,neonatal
Q009,Newborn resuscitation,tiktok,7643221690792578317,55,neonatal
Q010,Neonatal resuscitation,youtube,0WhEtCygUJM,1,neonatal
Q010,Neonatal resuscitation,youtube,P-Krerv_zr0,2,neonatal
Q010,Neonatal resuscitation,youtube,NFKBWMkNDRA,3,neonatal
Q010,Neonatal resuscitation,youtube,sVgwkPJ5OPE,4,neonatal
Q010,Neonatal resuscitation,youtube,-gj5Lie4o0c,5,neonatal
Q010,Neonatal resuscitation,youtube,53tknFYEDEs,6,neonatal
Q010,Neonatal resuscitation,youtube,zet7o1FQiYI,7,neonatal
Q010,Neonatal resuscitation,youtube,ERTrWGuQ800,8,neonatal
Q010,Neonatal resuscitation,youtube,zQ_M-0MStb8,9,neonatal
Q010,Neonatal resuscitation,youtube,VJfjveCr5Ec,10,neonatal
Q010,Neonatal resuscitation,youtube,4602AJo9BHc,11,neonatal
Q010,Neonatal resuscitation,youtube,wdEOqitYcpE,12,neonatal
Q010,Neonatal resuscitation,youtube,SUSeP57MujA,13,neonatal
Q010,Neonatal resuscitation,youtube,mz88FSxbmtI,14,neonatal
Q010,Neonatal resuscitation,youtube,AuW3uaFxMx8,15,neonatal
Q010,Neonatal resuscitation,youtube,8HL6JtJi-7s,16,neonatal
Q010,Neonatal resuscitation,youtube,0JotcNeyf1s,17,neonatal
Q010,Neonatal resuscitation,youtube,_bcYkXgidss,18,neonatal
Q010,Neonatal resuscitation,youtube,o63HyLCD1Pk,19,neonatal
Q010,Neonatal resuscitation,youtube,aMGWb2sZd3w,20,neonatal
Q010,Neonatal resuscitation,youtube,eypOSaSRVQk,21,neonatal
Q010,Neonatal resuscitation,youtube,XUE_kP9NmWs,22,neonatal
Q010,Neonatal resuscitation,youtube,j5yeqH1VSYo,23,neonatal
Q010,Neonatal resuscitation,youtube,zHthG6tzA34,24,neonatal
Q010,Neonatal resuscitation,youtube,7Pxm9wyYqZA,25,neonatal
Q010,Neonatal resuscitation,youtube,b4DOgT_Tusg,26,neonatal
Q010,Neonatal resuscitation,youtube,guwJPm71tas,27,neonatal
Q010,Neonatal resuscitation,youtube,9cBNe1BcELk,28,neonatal
Q010,Neonatal resuscitation,youtube,2PzVDqbtKcg,29,neonatal
Q010,Neonatal resuscitation,youtube,hOQNJ4YwIZI,30,neonatal
Q010,Neonatal resuscitation,youtube,nDAuTg6x4lM,31,neonatal
Q010,Neonatal resuscitation,youtube,GpUINL0m7wA,32,neonatal
Q010,Neonatal resuscitation,youtube,UV5H_mIfc9E,33,neonatal
Q010,Neonatal resuscitation,youtube,Uto-Is7CgaA,34,neonatal
Q010,Neonatal resuscitation,youtube,Lp56jqXoAhc,35,neonatal
Q010,Neonatal resuscitation,youtube,8GGJ1gIKihw,36,neonatal
Q010,Neonatal resuscitation,youtube,LLYkbx21xcg,37,neonatal
Q010,Neonatal resuscitation,youtube,R8u08F1F29k,38,neonatal
Q010,Neonatal resuscitation,youtube,NTlNaPH10pA,39,neonatal
Q010,Neonatal resuscitation,youtube,4oS5QidizMo,40,neonatal
Q010,Neonatal resuscitation,youtube,DQpqtlCMPxM,41,neonatal
Q010,Neonatal resuscitation,youtube,K3toQCVhiNU,42,neonatal
Q010,Neonatal resuscitation,youtube,ZlWIbMtk7-k,43,neonatal
Q010,Neonatal resuscitation,youtube,BlnSiaYG2_o,44,neonatal
Q010,Neonatal resuscitation,youtube,45OrSgvDSew,45,neonatal
Q010,Neonatal resuscitation,youtube,tuZ2rmtxjsU,46,neonatal
Q010,Neonatal resuscitation,youtube,ofx_J55mpbA,47,neonatal
Q010,Neonatal resuscitation,youtube,9Xznp5eLBvY,48,neonatal
Q010,Neonatal resuscitation,youtube,RpibQCtrEcU,49,neonatal
Q010,Neonatal resuscitation,youtube,gvPGuS8Pwaw,50,neonatal
Q010,Neonatal resuscitation,tiktok,7628759627697491213,1,neonatal
Q010,Neonatal resuscitation,tiktok,7596477069731646750,2,neonatal
Q010,Neonatal resuscitation,tiktok,7671129413735435533,3,neonatal
Q010,Neonatal resuscitation,tiktok,7279918213280828673,4,neonatal
Q010,Neonatal resuscitation,tiktok,7628410486400273677,5,neonatal
Q010,Neonatal resuscitation,tiktok,7663594263585869077,6,neonatal
Q010,Neonatal resuscitation,tiktok,7623623389042756878,7,neonatal
Q010,Neonatal resuscitation,tiktok,7654815111231573279,8,neonatal
Q010,Neonatal resuscitation,tiktok,7203031383197879554,9,neonatal
Q010,Neonatal resuscitation,tiktok,7302808589268307205,10,neonatal
Q010,Neonatal resuscitation,tiktok,7112896616423542062,11,neonatal
Q010,Neonatal resuscitation,tiktok,7655873703120506126,12,neonatal
Q010,Neonatal resuscitation,tiktok,7621978116457631007,13,neonatal
Q010,Neonatal resuscitation,tiktok,7659782656967658770,14,neonatal
Q010,Neonatal resuscitation,tiktok,7591922404335635743,15,neonatal
Q010,Neonatal resuscitation,tiktok,7257654358798585131,16,neonatal
Q010,Neonatal resuscitation,tiktok,7591551737245207838,17,neonatal
Q010,Neonatal resuscitation,tiktok,7668014023258033438,18,neonatal
Q010,Neonatal resuscitation,tiktok,7677626324428623117,19,neonatal
Q010,Neonatal resuscitation,tiktok,7649819987674189077,20,neonatal
Q010,Neonatal resuscitation,tiktok,7662716905081392397,21,neonatal
Q010,Neonatal resuscitation,tiktok,7566778393732074760,22,neonatal
Q010,Neonatal resuscitation,tiktok,7488353448304315703,23,neonatal
Q010,Neonatal resuscitation,tiktok,7665376870954765589,24,neonatal
Q010,Neonatal resuscitation,tiktok,7387144419146845472,25,neonatal
Q010,Neonatal resuscitation,tiktok,7584757216125717782,26,neonatal
Q010,Neonatal resuscitation,tiktok,7567183492937747734,27,neonatal
Q010,Neonatal resuscitation,tiktok,7638586681704140054,28,neonatal
Q010,Neonatal resuscitation,tiktok,7675703702493138194,29,neonatal
Q010,Neonatal resuscitation,tiktok,7477696343733996822,30,neonatal
Q010,Neonatal resuscitation,tiktok,7643221690792578317,31,neonatal
Q010,Neonatal resuscitation,tiktok,7690961142398651668,32,neonatal
Q010,Neonatal resuscitation,tiktok,7677369516279532813,33,neonatal
Q010,Neonatal resuscitation,tiktok,7568613966679657739,34,neonatal
Q010,Neonatal resuscitation,tiktok,7522685514491645192,35,neonatal
Q010,Neonatal resuscitation,tiktok,7678455230694018326,36,neonatal
Q010,Neonatal resuscitation,tiktok,7691016231373098292,37,neonatal
Q010,Neonatal resuscitation,tiktok,7642891358373514509,38,neonatal
Q010,Neonatal resuscitation,tiktok,7480836089876368695,39,neonatal
Q010,Neonatal resuscitation,tiktok,7676252989576809749,40,neonatal
Q010,Neonatal resuscitation,tiktok,7686251908545154334,41,neonatal
Q010,Neonatal resuscitation,tiktok,7689523945296366869,42,neonatal
Q010,Neonatal resuscitation,tiktok,7688688386118290718,43,neonatal
Q010,Neonatal resuscitation,tiktok,7691161684773195022,44,neonatal
Q010,Neonatal resuscitation,tiktok,7677135751116606742,45,neonatal
Q010,Neonatal resuscitation,tiktok,7688713760575376658,46,neonatal
Q010,Neonatal resuscitation,tiktok,7450658781920316679,47,neonatal
Q010,Neonatal resuscitation,tiktok,7572250811909082390,48,neonatal
Q010,Neonatal resuscitation,tiktok,7687458279882099982,49,neonatal
Q010,Neonatal resuscitation,tiktok,7686111157207321870,50,neonatal
Q010,Neonatal resuscitation,tiktok,7689480532064750855,51,neonatal
Q010,Neonatal resuscitation,tiktok,7689076260965797151,52,neonatal
Q010,Neonatal resuscitation,tiktok,7687040041570323726,53,neonatal
Q010,Neonatal resuscitation,tiktok,7614734824971996429,54,neonatal
Q010,Neonatal resuscitation,tiktok,7690493749671087390,55,neonatal
Q010,Neonatal resuscitation,tiktok,7629835796215794974,56,neonatal
Q010,Neonatal resuscitation,tiktok,7650701014336670998,57,neonatal
Q010,Neonatal resuscitation,tiktok,7667838346709749014,58,neonatal
Q010,Neonatal resuscitation,tiktok,7684609779595037983,59,neonatal
Q010,Neonatal resuscitation,tiktok,7691337192416759061,60,neonatal
Q011,Pediatric Basic Life Support,youtube,41kXJZdPDfs,1,bls
Q011,Pediatric Basic Life Support,youtube,25ZbNoeOF3E,2,bls
Q011,Pediatric Basic Life Support,youtube,bHsqALpIwwc,3,bls
Q011,Pediatric Basic Life Support,youtube,6ybf_YfyUfQ,4,bls
Q011,Pediatric Basic Life Support,youtube,0Ki7kam5mVM,5,bls
Q011,Pediatric Basic Life Support,youtube,qMR0WFByy4c,6,bls
Q011,Pediatric Basic Life Support,youtube,OReQ9WbOKVg,7,bls
Q011,Pediatric Basic Life Support,youtube,rpMNkC-v2Ho,8,bls
Q011,Pediatric Basic Life Support,youtube,28TCmtmWBZQ,9,bls
Q011,Pediatric Basic Life Support,youtube,hnshmcwnyAg,10,bls
Q011,Pediatric Basic Life Support,youtube,FHfX2gNuEVE,11,bls
Q011,Pediatric Basic Life Support,youtube,t8_MXHyRku0,12,bls
Q011,Pediatric Basic Life Support,youtube,B9t6WkSIxB8,13,bls
Q011,Pediatric Basic Life Support,youtube,6Rt5_lkP1TU,14,bls
Q011,Pediatric Basic Life Support,youtube,57KAIkJ6aag,15,bls
Q011,Pediatric Basic Life Support,youtube,nRYiTZibL6w,16,bls
Q011,Pediatric Basic Life Support,youtube,RQbWYqgr1o0,17,bls
Q011,Pediatric Basic Life Support,youtube,8cMF9-sUUJw,18,bls
Q011,Pediatric Basic Life Support,youtube,PyxDL3CFbjA,19,bls
Q011,Pediatric Basic Life Support,youtube,IzbnQ3JJsFY,20,bls
Q011,Pediatric Basic Life Support,youtube,3qt-mUDR1UM,21,bls
Q011,Pediatric Basic Life Support,youtube,2I6iesDpGI0,22,bls
Q011,Pediatric Basic Life Support,youtube,11cvec_5FaE,23,bls
Q011,Pediatric Basic Life Support,youtube,-qJarzfflZI,24,bls
Q011,Pediatric Basic Life Support,youtube,c7Q1s7ppSwc,25,bls
Q011,Pediatric Basic Life Support,youtube,RKfzpDNXNuM,26,bls
Q011,Pediatric Basic Life Support,youtube,IM51kuABhZw,27,bls
Q011,Pediatric Basic Life Support,youtube,ob1dkCz69Tg,28,bls
Q011,Pediatric Basic Life Support,youtube,X8h-FM8XngU,29,bls
Q011,Pediatric Basic Life Support,youtube,_iRxF4sJHNg,30,bls
Q011,Pediatric Basic Life Support,youtube,YOv02nbz6q4,31,bls
Q011,Pediatric Basic Life Support,youtube,4oXZX5uotI0,32,bls
Q011,Pediatric Basic Life Support,youtube,w5snpqV6bNk,33,bls
Q011,Pediatric Basic Life Support,youtube,-JXkakooVEs,34,bls
Q011,Pediatric Basic Life Support,youtube,afWuOg33_7o,35,bls
Q011,Pediatric Basic Life Support,youtube,UquZ0ePjowM,36,bls
Q011,Pediatric Basic Life Support,youtube,0R0z73Xj7_s,37,bls
Q011,Pediatric Basic Life Support,youtube,FREYDwotESE,38,bls
Q011,Pediatric Basic Life Support,youtube,0oxBqkZJ1Yk,39,bls
Q011,Pediatric Basic Life Support,youtube,OdVh9DtPkoQ,40,bls
Q011,Pediatric Basic Life Support,youtube,9jiSjk7jlUQ,41,bls
Q011,Pediatric Basic Life Support,youtube,OAb-reiq16w,42,bls
Q011,Pediatric Basic Life Support,youtube,xoXZCDH2bIU,43,bls
Q011,Pediatric Basic Life Support,youtube,Myy7I1c67fM,44,bls
Q011,Pediatric Basic Life Support,youtube,auw3SV2God0,45,bls
Q011,Pediatric Basic Life Support,youtube,VZa9QurNmyg,46,bls
Q011,Pediatric Basic Life Support,youtube,NyvNGnKjKDw,47,bls
Q011,Pediatric Basic Life Support,youtube,m8XiyX1M_G8,48,bls
Q011,Pediatric Basic Life Support,youtube,N67XeMT-9N4,49,bls
Q011,Pediatric Basic Life Support,youtube,v29fLb7x810,50,bls
Q011,Pediatric Basic Life Support,tiktok,7688814021008510230,1,bls
Q011,Pediatric Basic Life Support,tiktok,7322269543034817822,2,bls
Q011,Pediatric Basic Life Support,tiktok,7534367711103634743,3,bls
Q011,Pediatric Basic Life Support,tiktok,7322613395197365535,4,bls
Q011,Pediatric Basic Life Support,tiktok,7650173963212983566,5,bls
Q011,Pediatric Basic Life Support,tiktok,7533477631828774152,6,bls
Q011,Pediatric Basic Life Support,tiktok,7642671348170493205,7,bls
Q011,Pediatric Basic Life Support,tiktok,7494087083921853738,8,bls
Q011,Pediatric Basic Life Support,tiktok,7623516155025706262,9,bls
Q011,Pediatric Basic Life Support,tiktok,6895414073907858693,10,bls
Q011,Pediatric Basic Life Support,tiktok,7650551157403749650,11,bls
Q011,Pediatric Basic Life Support,tiktok,7600121336341466390,12,bls
Q011,Pediatric Basic Life Support,tiktok,7691418501910908163,13,bls
Q011,Pediatric Basic Life Support,tiktok,7145524944053554438,14,bls
Q011,Pediatric Basic Life Support,tiktok,7620790824179125522,15,bls
Q011,Pediatric Basic Life Support,tiktok,7639839837142535437,16,bls
Q011,Pediatric Basic Life Support,tiktok,7685866607582645535,17,bls
Q011,Pediatric Basic Life Support,tiktok,7655154101327564046,18,bls
Q011,Pediatric Basic Life Support,tiktok,7400155453956558111,19,bls
Q011,Pediatric Basic Life Support,tiktok,7690304251645414678,20,bls
Q011,Pediatric Basic Life Support,tiktok,7685376942316473614,21,bls
Q011,Pediatric Basic Life Support,tiktok,7681571869442460936,22,bls
Q011,Pediatric Basic Life Support,tiktok,7673310481561439505,23,bls
Q011,Pediatric Basic Life Support,tiktok,7660607813886037269,24,bls
Q011,Pediatric Basic Life Support,tiktok,7467650998786346273,25,bls
Q011,Pediatric Basic Life Support,tiktok,7468000421269802272,26,bls
Q011,Pediatric Basic Life Support,tiktok,7630516320508939542,27,bls
Q011,Pediatric Basic Life Support,tiktok,7655154186874572045,28,bls
Q011,Pediatric Basic Life Support,tiktok,7468021013779893537,29,bls
Q011,Pediatric Basic Life Support,tiktok,7689615643334692118,30,bls
Q011,Pediatric Basic Life Support,tiktok,7590094516892323127,31,bls
Q011,Pediatric Basic Life Support,tiktok,7607465197271256341,32,bls
Q011,Pediatric Basic Life Support,tiktok,7519370550268005638,33,bls
Q011,Pediatric Basic Life Support,tiktok,7119892509194571014,34,bls
Q011,Pediatric Basic Life Support,tiktok,7609812413201927438,35,bls
Q011,Pediatric Basic Life Support,tiktok,7663279311117356308,36,bls
Q011,Pediatric Basic Life Support,tiktok,7553408126691609878,37,bls
Q011,Pediatric Basic Life Support,tiktok,7634549772854086942,38,bls
Q011,Pediatric Basic Life Support,tiktok,6948010640774532358,39,bls
Q011,Pediatric Basic Life Support,tiktok,7677082112683412756,40,bls
Q011,Pediatric Basic Life Support,tiktok,7680851314066165013,41,bls
Q011,Pediatric Basic Life Support,tiktok,7600970025146551573,42,bls
Q011,Pediatric Basic Life Support,tiktok,7544115859518737720,43,bls
Q011,Pediatric Basic Life Support,tiktok,7679855375121681694,44,bls
Q011,Pediatric Basic Life Support,tiktok,7136662513436888325,45,bls
Q011,Pediatric Basic Life Support,tiktok,7418913160796572970,46,bls
Q011,Pediatric Basic Life Support,tiktok,7685062548592381198,47,bls
Q011,Pediatric Basic Life Support,tiktok,7691653797541612813,48,bls
Q011,Pediatric Basic Life Support,tiktok,7687626799966063902,49,bls
Q011,Pediatric Basic Life Support,tiktok,7669194270674259214,50,bls
Q011,Pediatric Basic Life Support,tiktok,7635488358189305119,51,bls
Q011,Pediatric Basic Life Support,tiktok,7663003179965107469,52,bls
Q011,Pediatric Basic Life Support,tiktok,7649131574482439454,53,bls
Q011,Pediatric Basic Life Support,tiktok,7674628436274580749,54,bls
Q011,Pediatric Basic Life Support,tiktok,7688736446756195615,55,bls
Q012,Pediatric BLS,youtube,41kXJZdPDfs,1,bls
Q012,Pediatric BLS,youtube,0Ki7kam5mVM,2,bls
Q012,Pediatric BLS,youtube,6Rt5_lkP1TU,3,bls
Q012,Pediatric BLS,youtube,qMR0WFByy4c,4,bls
Q012,Pediatric BLS,youtube,6ybf_YfyUfQ,5,bls
Q012,Pediatric BLS,youtube,25ZbNoeOF3E,6,bls
Q012,Pediatric BLS,youtube,OReQ9WbOKVg,7,bls
Q012,Pediatric BLS,youtube,t8_MXHyRku0,8,bls
Q012,Pediatric BLS,youtube,2I6iesDpGI0,9,bls
Q012,Pediatric BLS,youtube,PyxDL3CFbjA,10,bls
Q012,Pediatric BLS,youtube,RQbWYqgr1o0,11,bls
Q012,Pediatric BLS,youtube,Y8NxmdvBWac,12,bls
Q012,Pediatric BLS,youtube,rpMNkC-v2Ho,13,bls
Q012,Pediatric BLS,youtube,8cMF9-sUUJw,14,bls
Q012,Pediatric BLS,youtube,-qJarzfflZI,15,bls
Q012,Pediatric BLS,youtube,11cvec_5FaE,16,bls
Q012,Pediatric BLS,youtube,OAb-reiq16w,17,bls
Q012,Pediatric BLS,youtube,2jc18c3-Dss,18,bls
Q012,Pediatric BLS,youtube,OdVh9DtPkoQ,19,bls
Q012,Pediatric BLS,youtube,_iRxF4sJHNg,20,bls
Q012,Pediatric BLS,youtube,9jiSjk7jlUQ,21,bls
Q012,Pediatric BLS,youtube,Myy7I1c67fM,22,bls
Q012,Pediatric BLS,youtube,28TCmtmWBZQ,23,bls
Q012,Pediatric BLS,youtube,bHsqALpIwwc,24,bls
Q012,Pediatric BLS,youtube,xoXZCDH2bIU,25,bls
Q012,Pediatric BLS,youtube,w5snpqV6bNk,26,bls
Q012,Pediatric BLS,youtube,FHfX2gNuEVE,27,bls
Q012,Pediatric BLS,youtube,axqIju9CLKA,28,bls
Q012,Pediatric BLS,youtube,6THKEJ_Ciag,29,bls
Q012,Pediatric BLS,youtube,N67XeMT-9N4,30,bls
Q012,Pediatric BLS,youtube,YeDwkE9p52M,31,bls
Q012,Pediatric BLS,youtube,GL8mEDQa_1A,32,bls
Q012,Pediatric BLS,youtube,owFm2A3pVys,33,bls
Q012,Pediatric BLS,youtube,VZa9QurNmyg,34,bls
Q012,Pediatric BLS,youtube,UquZ0ePjowM,35,bls
Q012,Pediatric BLS,youtube,3qt-mUDR1UM,36,bls
Q012,Pediatric BLS,youtube,sdJa8bzW6I4,37,bls
Q012,Pediatric BLS,youtube,nRYiTZibL6w,38,bls
Q012,Pediatric BLS,youtube,Do2dSEwF3rU,39,bls
Q012,Pediatric BLS,youtube,v29fLb7x810,40,bls
Q012,Pediatric BLS,youtube,84bc6h7RRgo,41,bls
Q012,Pediatric BLS,youtube,ipW8DZEXKOk,42,bls
Q012,Pediatric BLS,youtube,iGFnGqPbwDc,43,bls
Q012,Pediatric BLS,youtube,LPoVCqyLsF8,44,bls
Q012,Pediatric BLS,youtube,afWuOg33_7o,45,bls
Q012,Pediatric BLS,youtube,4j329wUsl3s,46,bls
Q012,Pediatric BLS,youtube,JjtX3m7lLDQ,47,bls
Q012,Pediatric BLS,youtube,X8h-FM8XngU,48,bls
Q012,Pediatric BLS,youtube,n7kqiAu2gC8,49,bls
Q012,Pediatric BLS,youtube,RKfzpDNXNuM,50,bls
Q012,Pediatric BLS,tiktok,7384825824026955013,1,bls
Q012,Pediatric BLS,tiktok,7569754465176276279,2,bls
Q012,Pediatric BLS,tiktok,7064996389398465838,3,bls
Q012,Pediatric BLS,tiktok,7607465197271256341,4,bls
Q012,Pediatric BLS,tiktok,7372841988783148294,5,bls
Q012,Pediatric BLS,tiktok,7586076552627047735,6,bls
Q012,Pediatric BLS,tiktok,7618025868404739358,7,bls
Q012,Pediatric BLS,tiktok,7621940388273605918,8,bls
Q012,Pediatric BLS,tiktok,7586369573516004626,9,bls
Q012,Pediatric BLS,tiktok,7680582157047172365,10,bls
Q012,Pediatric BLS,tiktok,7660607813886037269,11,bls
Q012,Pediatric BLS,tiktok,7660638880244288798,12,bls
Q012,Pediatric BLS,tiktok,7620806909951593758,13,bls
Q012,Pediatric BLS,tiktok,7587575565574491412,14,bls
Q012,Pediatric BLS,tiktok,7164177914001427754,15,bls
Q012,Pediatric BLS,tiktok,7688469863144131871,16,bls
Q012,Pediatric BLS,tiktok,7688006884263038239,17,bls
Q012,Pediatric BLS,tiktok,7556668227007352077,18,bls
Q012,Pediatric BLS,tiktok,7525490068253904158,19,bls
Q012,Pediatric BLS,tiktok,7686746851164605726,20,bls
Q012,Pediatric BLS,tiktok,7629677524703792398,21,bls
Q012,Pediatric BLS,tiktok,7646863632143273229,22,bls
Q012,Pediatric BLS,tiktok,7393353686493203742,23,bls
Q012,Pediatric BLS,tiktok,7676176817929096479,24,bls
Q012,Pediatric BLS,tiktok,7661456306338794782,25,bls
Q012,Pediatric BLS,tiktok,7682856842321546509,26,bls
Q012,Pediatric BLS,tiktok,7592333494202715422,27,bls
Q012,Pediatric BLS,tiktok,7689249815070297374,28,bls
Q012,Pediatric BLS,tiktok,7370245523153980678,29,bls
Q012,Pediatric BLS,tiktok,7623179886701645073,30,bls
Q012,Pediatric BLS,tiktok,7623643769199512845,31,bls
Q012,Pediatric BLS,tiktok,7689087696785968404,32,bls
Q012,Pediatric BLS,tiktok,7644439388830584095,33,bls
Q012,Pediatric BLS,tiktok,7665862674487512334,34,bls
Q012,Pediatric BLS,tiktok,7607871559901990174,35,bls
Q012,Pediatric BLS,tiktok,7333487917299404033,36,bls
Q012,Pediatric BLS,tiktok,7271414979885124870,37,bls
Q012,Pediatric BLS,tiktok,7545091845102128397,38,bls
Q012,Pediatric BLS,tiktok,7468000421269802272,39,bls
Q012,Pediatric BLS,tiktok,7509551321054334239,40,bls
Q012,Pediatric BLS,tiktok,7685893732930997535,41,bls
Q012,Pediatric BLS,tiktok,7677978953939733773,42,bls
Q012,Pediatric BLS,tiktok,7263152012924079403,43,bls
Q012,Pediatric BLS,tiktok,7689763190414019860,44,bls
Q012,Pediatric BLS,tiktok,7611546278484266248,45,bls
Q012,Pediatric BLS,tiktok,7602064718072778014,46,bls
Q012,Pediatric BLS,tiktok,7670551772632485140,47,bls
Q012,Pediatric BLS,tiktok,7519370550268005638,48,bls
Q012,Pediatric BLS,tiktok,7569723365607361822,49,bls
Q012,Pediatric BLS,tiktok,7400155453956558111,50,bls
Q012,Pediatric BLS,tiktok,7575338070870969621,51,bls
Q012,Pediatric BLS,tiktok,7574222401702071583,52,bls
Q012,Pediatric BLS,tiktok,7311549229271403819,53,bls
Q012,Pediatric BLS,tiktok,7580190257899982093,54,bls
Q012,Pediatric BLS,tiktok,7566429793768541496,55,bls
Q013,Basic Life Support for infants and children,youtube,n65HW1iJUuY,1,bls
Q013,Basic Life Support for infants and children,youtube,41kXJZdPDfs,2,bls
Q013,Basic Life Support for infants and children,youtube,0Ki7kam5mVM,3,bls
Q013,Basic Life Support for infants and children,youtube,NyvNGnKjKDw,4,bls
Q013,Basic Life Support for infants and children,youtube,-qJarzfflZI,5,bls
Q013,Basic Life Support for infants and children,youtube,4oXZX5uotI0,6,bls
Q013,Basic Life Support for infants and children,youtube,IzbnQ3JJsFY,7,bls
Q013,Basic Life Support for infants and children,youtube,6ybf_YfyUfQ,8,bls
Q013,Basic Life Support for infants and children,youtube,25ZbNoeOF3E,9,bls
Q013,Basic Life Support for infants and children,youtube,57KAIkJ6aag,10,bls
Q013,Basic Life Support for infants and children,youtube,qMR0WFByy4c,11,bls
Q013,Basic Life Support for infants and children,youtube,bHsqALpIwwc,12,bls
Q013,Basic Life Support for infants and children,youtube,avYRvVHAvfM,13,bls
Q013,Basic Life Support for infants and children,youtube,c7Q1s7ppSwc,14,bls
Q013,Basic Life Support for infants and children,youtube,rpMNkC-v2Ho,15,bls
Q013,Basic Life Support for infants and children,youtube,6Rt5_lkP1TU,16,bls
Q013,Basic Life Support for infants and children,youtube,yp5gjJa2FxA,17,bls
Q013,Basic Life Support for infants and children,youtube,dfE6ixuRfjQ,18,bls
Q013,Basic Life Support for infants and children,youtube,0U5jTQuxYKk,19,bls
Q013,Basic Life Support for infants and children,youtube,RQbWYqgr1o0,20,bls
Q013,Basic Life Support for infants and children,youtube,ZQQm_b03XHc,21,bls
Q013,Basic Life Support for infants and children,youtube,_OfDfLlEPHg,22,bls
Q013,Basic Life Support for infants and children,youtube,afWuOg33_7o,23,bls
Q013,Basic Life Support for infants and children,youtube,8dxDFVd7Mjs,24,bls
Q013,Basic Life Support for infants and children,youtube,Tdxcu4I_xNg,25,bls
Q013,Basic Life Support for infants and children,youtube,B9t6WkSIxB8,26,bls
Q013,Basic Life Support for infants and children,youtube,S1bAFYtWfJw,27,bls
Q013,Basic Life Support for infants and children,youtube,w5snpqV6bNk,28,bls
Q013,Basic Life Support for infants and children,youtube,t8_MXHyRku0,29,bls
Q013,Basic Life Support for infants and children,youtube,S8FF3iUSOf4,30,bls
Q013,Basic Life Support for infants and children,youtube,cD9XhUYnh6A,31,bls
Q013,Basic Life Support for infants and children,youtube,_iRxF4sJHNg,32,bls
Q013,Basic Life Support for infants and children,youtube,hnshmcwnyAg,33,bls
Q013,Basic Life Support for infants and children,youtube,FKtLyriOUjg,34,bls
Q013,Basic Life Support for infants and children,youtube,UVIVEycrIko,35,bls
Q013,Basic Life Support for infants and children,youtube,pDV-wDxuoBE,36,bls
Q013,Basic Life Support for infants and children,youtube,X8h-FM8XngU,37,bls
Q013,Basic Life Support for infants and children,youtube,AhiuNeag1uc,38,bls
Q013,Basic Life Support for infants and children,youtube,gHZdBY-CkGw,39,bls
Q013,Basic Life Support for infants and children,youtube,VQmhHGNTo_E,40,bls
Q013,Basic Life Support for infants and children,youtube,5EmAjAfUZws,41,bls
Q013,Basic Life Support for infants and children,youtube,93T8c2jjNhk,42,bls
Q013,Basic Life Support for infants and children,youtube,zp3Su7dIUqk,43,bls
Q013,Basic Life Support for infants and children,youtube,EitLff1ScTU,44,bls
Q013,Basic Life Support for infants and children,youtube,xQ3ABiOyNnk,45,bls
Q013,Basic Life Support for infants and children,youtube,IM51kuABhZw,46,bls
Q013,Basic Life Support for infants and children,youtube,iGFnGqPbwDc,47,bls
Q013,Basic Life Support for infants and children,youtube,xqQG8eGRceo,48,bls
Q013,Basic Life Support for infants and children,youtube,28TCmtmWBZQ,49,bls
Q013,Basic Life Support for infants and children,youtube,_K7Dwy6b2wQ,50,bls
Q013,Basic Life Support for infants and children,tiktok,7685866607582645535,1,bls
Q013,Basic Life Support for infants and children,tiktok,7688814021008510230,2,bls
Q013,Basic Life Support for infants and children,tiktok,7569242833413000470,3,bls
Q013,Basic Life Support for infants and children,tiktok,7307516317530197254,4,bls
Q013,Basic Life Support for infants and children,tiktok,7669954511103872286,5,bls
Q013,Basic Life Support for infants and children,tiktok,7384825824026955013,6,bls
Q013,Basic Life Support for infants and children,tiktok,7655154101327564046,7,bls
Q013,Basic Life Support for infants and children,tiktok,6860225151846321414,8,bls
Q013,Basic Life Support for infants and children,tiktok,7620790824179125522,9,bls
Q013,Basic Life Support for infants and children,tiktok,7655154186874572045,10,bls
Q013,Basic Life Support for infants and children,tiktok,7667531284188531998,11,bls
Q013,Basic Life Support for infants and children,tiktok,7623516155025706262,12,bls
Q013,Basic Life Support for infants and children,tiktok,7610700476077673750,13,bls
Q013,Basic Life Support for infants and children,tiktok,7158131822491209003,14,bls
Q013,Basic Life Support for infants and children,tiktok,7468000421269802272,15,bls
Q013,Basic Life Support for infants and children,tiktok,7011380955852082437,16,bls
Q013,Basic Life Support for infants and children,tiktok,7640012167793724679,17,bls
Q013,Basic Life Support for infants and children,tiktok,7616554359245131039,18,bls
Q013,Basic Life Support for infants and children,tiktok,7600121336341466390,19,bls
Q013,Basic Life Support for infants and children,tiktok,7467650998786346273,20,bls
Q013,Basic Life Support for infants and children,tiktok,7672954685556264222,21,bls
Q013,Basic Life Support for infants and children,tiktok,7468021013779893537,22,bls
Q013,Basic Life Support for infants and children,tiktok,7612218594969013511,23,bls
Q013,Basic Life Support for infants and children,tiktok,7675114261076626702,24,bls
Q013,Basic Life Support for infants and children,tiktok,7689615643334692118,25,bls
Q013,Basic Life Support for infants and children,tiktok,7691653797541612813,26,bls
Q013,Basic Life Support for infants and children,tiktok,7652296420459908370,27,bls
Q013,Basic Life Support for infants and children,tiktok,7541590230046870797,28,bls
Q013,Basic Life Support for infants and children,tiktok,7655448896860130574,29,bls
Q013,Basic Life Support for infants and children,tiktok,7690236608238406933,30,bls
Q013,Basic Life Support for infants and children,tiktok,7388235966294658335,31,bls
Q013,Basic Life Support for infants and children,tiktok,7675110241364675853,32,bls
Q013,Basic Life Support for infants and children,tiktok,7658321644569513247,33,bls
Q013,Basic Life Support for infants and children,tiktok,7396393974602272033,34,bls
Q013,Basic Life Support for infants and children,tiktok,7524426192058141974,35,bls
Q013,Basic Life Support for infants and children,tiktok,7063072853905689861,36,bls
Q013,Basic Life Support for infants and children,tiktok,7685526415520959774,37,bls
Q013,Basic Life Support for infants and children,tiktok,7532997656545725751,38,bls
Q013,Basic Life Support for infants and children,tiktok,7687734126895533320,39,bls
Q013,Basic Life Support for infants and children,tiktok,7684337885582986526,40,bls
Q013,Basic Life Support for infants and children,tiktok,7680326662180900110,41,bls
Q013,Basic Life Support for infants and children,tiktok,7663859544837164302,42,bls
Q013,Basic Life Support for infants and children,tiktok,7690748332343315725,43,bls
Q013,Basic Life Support for infants and children,tiktok,7680294983110331661,44,bls
Q013,Basic Life Support for infants and children,tiktok,7639484328673545486,45,bls
Q013,Basic Life Support for infants and children,tiktok,7666993610532850975,46,bls
Q013,Basic Life Support for infants and children,tiktok,7690681925211606302,47,bls
Q013,Basic Life Support for infants and children,tiktok,7204698065247259946,48,bls
Q013,Basic Life Support for infants and children,tiktok,7659983280829238542,49,bls
Q014,Pediatric choking,youtube,iv5g4NTVuVw,1,choking
Q014,Pediatric choking,youtube,ZjmbD7aIaf0,2,choking
Q014,Pediatric choking,youtube,WxsQBvr7K7E,3,choking
Q014,Pediatric choking,youtube,ePodw7L_mFM,4,choking
Q014,Pediatric choking,youtube,v29fLb7x810,5,choking
Q014,Pediatric choking,youtube,axqIju9CLKA,6,choking
Q014,Pediatric choking,youtube,SDOmUywwjeA,7,choking
Q014,Pediatric choking,youtube,fN_jrMrPLpY,8,choking
Q014,Pediatric choking,youtube,ShaNuST_58A,9,choking
Q014,Pediatric choking,youtube,VZET6z6SL54,10,choking
Q014,Pediatric choking,youtube,q_Xn9xaZd2U,11,choking
Q014,Pediatric choking,youtube,_K7Dwy6b2wQ,12,choking
Q014,Pediatric choking,youtube,CnbjPFwkiTQ,13,choking
Q014,Pediatric choking,youtube,gHZdBY-CkGw,14,choking
Q014,Pediatric choking,youtube,oswDpwzbAV8,15,choking
Q014,Pediatric choking,youtube,p9XLVf4eSZ8,16,choking
Q014,Pediatric choking,youtube,5Ti6ly1T-zk,17,choking
Q014,Pediatric choking,youtube,3R_H1jNbkP4,18,choking
Q014,Pediatric choking,youtube,TDrxN-rCi38,19,choking
Q014,Pediatric choking,youtube,597zNNt6f5o,20,choking
Q014,Pediatric choking,youtube,bEwxa0GpR6E,21,choking
Q014,Pediatric choking,youtube,I3pvuYMcPg4,22,choking
Q014,Pediatric choking,youtube,RViR5U-reDA,23,choking
Q014,Pediatric choking,youtube,D9BJL5qgPsc,24,choking
Q014,Pediatric choking,youtube,NF9oSpXt19c,25,choking
Q014,Pediatric choking,youtube,Z_rjGZffNAc,26,choking
Q014,Pediatric choking,youtube,eY40R-G_his,27,choking
Q014,Pediatric choking,youtube,LrPfzux2rI4,28,choking
Q014,Pediatric choking,youtube,0IfRtVlI7VI,29,choking
Q014,Pediatric choking,youtube,Fg7_AfDF1Fk,30,choking
Q014,Pediatric choking,youtube,c7Q1s7ppSwc,31,choking
Q014,Pediatric choking,youtube,f49yKmLadEg,32,choking
Q014,Pediatric choking,youtube,etyEWWEtbqI,33,choking
Q014,Pediatric choking,youtube,hmnsMCecvsg,34,choking
Q014,Pediatric choking,youtube,-zJ2OSektl8,35,choking
Q014,Pediatric choking,youtube,SafVahdSPHE,36,choking
Q014,Pediatric choking,youtube,GJbc4zlqoEk,37,choking
Q014,Pediatric choking,youtube,6pAglF7IjFg,38,choking
Q014,Pediatric choking,youtube,CObPhvJsZu8,39,choking
Q014,Pediatric choking,youtube,rrIgXfuzSvM,40,choking
Q014,Pediatric choking,youtube,iEXKlzxjXak,41,choking
Q014,Pediatric choking,youtube,8R3RWC-xx1I,42,choking
Q014,Pediatric choking,youtube,unKQuIWtweA,43,choking
Q014,Pediatric choking,youtube,QRTYQn-I7rY,44,choking
Q014,Pediatric choking,youtube,OrAF06dOJ6U,45,choking
Q014,Pediatric choking,youtube,j45WfhxK_Hs,46,choking
Q014,Pediatric choking,youtube,vJWtlDneG64,47,choking
Q014,Pediatric choking,youtube,aoLzcnvQpQA,48,choking
Q014,Pediatric choking,youtube,avYRvVHAvfM,49,choking
Q014,Pediatric choking,youtube,laAsTxO-O0g,50,choking
Q014,Pediatric choking,tiktok,7676948239358151950,1,choking
Q014,Pediatric choking,tiktok,7688859009708756254,2,choking
Q014,Pediatric choking,tiktok,7686922661171186974,3,choking
Q014,Pediatric choking,tiktok,7648412278710144286,4,choking
Q014,Pediatric choking,tiktok,7658370254636207391,5,choking
Q014,Pediatric choking,tiktok,7690972382927916318,6,choking
Q014,Pediatric choking,tiktok,7637284534794374413,7,choking
Q014,Pediatric choking,tiktok,7622379543084518670,8,choking
Q014,Pediatric choking,tiktok,7171196432194555138,9,choking
Q014,Pediatric choking,tiktok,7211309596768554242,10,choking
Q014,Pediatric choking,tiktok,7606557697957235999,11,choking
Q014,Pediatric choking,tiktok,7537713452672961822,12,choking
Q014,Pediatric choking,tiktok,7686565679083916575,13,choking
Q014,Pediatric choking,tiktok,7309225444862250286,14,choking
Q014,Pediatric choking,tiktok,7294398589969747243,15,choking
Q014,Pediatric choking,tiktok,7591437059848523063,16,choking
Q014,Pediatric choking,tiktok,7681446004540935445,17,choking
Q014,Pediatric choking,tiktok,7432741153251888427,18,choking
Q014,Pediatric choking,tiktok,7672393047237266719,19,choking
Q014,Pediatric choking,tiktok,7605544336532507934,20,choking
Q014,Pediatric choking,tiktok,7631173118802906381,21,choking
Q014,Pediatric choking,tiktok,7600445872714943774,22,choking
Q014,Pediatric choking,tiktok,7648288870362041630,23,choking
Q014,Pediatric choking,tiktok,7328913836088544554,24,choking
Q014,Pediatric choking,tiktok,7582352863934876959,25,choking
Q014,Pediatric choking,tiktok,7545565957670833430,26,choking
Q014,Pediatric choking,tiktok,7626565708423400718,27,choking
Q014,Pediatric choking,tiktok,7690314488339303682,28,choking
Q014,Pediatric choking,tiktok,7599962193777478934,29,choking
Q014,Pediatric choking,tiktok,7637506304692555022,30,choking
Q014,Pediatric choking,tiktok,7654117097659698462,31,choking
Q014,Pediatric choking,tiktok,7676876411772177671,32,choking
Q014,Pediatric choking,tiktok,7612427074401209631,33,choking
Q014,Pediatric choking,tiktok,7653207214101990686,34,choking
Q014,Pediatric choking,tiktok,7568534764609686814,35,choking
Q014,Pediatric choking,tiktok,7621665011982748958,36,choking
Q014,Pediatric choking,tiktok,7649340815004683550,37,choking
Q014,Pediatric choking,tiktok,7676557966501285153,38,choking
Q014,Pediatric choking,tiktok,7620836325037559048,39,choking
Q014,Pediatric choking,tiktok,7665155183877377311,40,choking
Q014,Pediatric choking,tiktok,7686912652609637646,41,choking
Q014,Pediatric choking,tiktok,7682066633061403918,42,choking
Q014,Pediatric choking,tiktok,7678927081299774733,43,choking
Q014,Pediatric choking,tiktok,7691285121927793940,44,choking
Q014,Pediatric choking,tiktok,7646103459682389279,45,choking
Q014,Pediatric choking,tiktok,7620152525882232065,46,choking
Q014,Pediatric choking,tiktok,7690057526661991693,47,choking
Q014,Pediatric choking,tiktok,7652407196856208658,48,choking
Q014,Pediatric choking,tiktok,7411294432466685227,49,choking
Q014,Pediatric choking,tiktok,7552946012252278046,50,choking
Q014,Pediatric choking,tiktok,7264407291116408069,51,choking
Q014,Pediatric choking,tiktok,7674807385302551829,52,choking
Q014,Pediatric choking,tiktok,7465816406760639790,53,choking
Q014,Pediatric choking,tiktok,7690299673558486324,54,choking
Q014,Pediatric choking,tiktok,7688540229090790670,55,choking
Q014,Pediatric choking,tiktok,7161446683019152682,56,choking
Q014,Pediatric choking,tiktok,7580020369264790814,57,choking
Q014,Pediatric choking,tiktok,7678149315314879758,58,choking
Q014,Pediatric choking,tiktok,7678698842996493598,59,choking
Q015,Infant choking,youtube,TDrxN-rCi38,1,choking
Q015,Infant choking,youtube,ShaNuST_58A,2,choking
Q015,Infant choking,youtube,4j329wUsl3s,3,choking
Q015,Infant choking,youtube,ZjmbD7aIaf0,4,choking
Q015,Infant choking,youtube,axqIju9CLKA,5,choking
Q015,Infant choking,youtube,_K7Dwy6b2wQ,6,choking
Q015,Infant choking,youtube,ivZ3VWfFdX4,7,choking
Q015,Infant choking,youtube,UrKWDFDiYRU,8,choking
Q015,Infant choking,youtube,I3pvuYMcPg4,9,choking
Q015,Infant choking,youtube,oswDpwzbAV8,10,choking
Q015,Infant choking,youtube,NF9oSpXt19c,11,choking
Q015,Infant choking,youtube,tsjik2xpDQs,12,choking
Q015,Infant choking,youtube,o_dUMiYHcZU,13,choking
Q015,Infant choking,youtube,5KNYlVY0RUs,14,choking
Q015,Infant choking,youtube,IoqfvTl8v8k,15,choking
Q015,Infant choking,youtube,cIykDq47MKQ,16,choking
Q015,Infant choking,youtube,vCacZ60EENY,17,choking
Q015,Infant choking,youtube,Fg7_AfDF1Fk,18,choking
Q015,Infant choking,youtube,597zNNt6f5o,19,choking
Q015,Infant choking,youtube,GymXjJJ7Ugo,20,choking
Q015,Infant choking,youtube,j6Ut6W9rsOg,21,choking
Q015,Infant choking,youtube,aoLzcnvQpQA,22,choking
Q015,Infant choking,youtube,W8OiRSoA4Vs,23,choking
Q015,Infant choking,youtube,2gPxRVuXn_4,24,choking
Q015,Infant choking,youtube,nUoQ3imdzF4,25,choking
Q015,Infant choking,youtube,sZqxauH7Ieg,26,choking
Q015,Infant choking,youtube,gfUd19Ibp9I,27,choking
Q015,Infant choking,youtube,h_vSEviFXIo,28,choking
Q015,Infant choking,youtube,3SJNCrY308s,29,choking
Q015,Infant choking,youtube,v29fLb7x810,30,choking
Q015,Infant choking,youtube,lv_xJldarp0,31,choking
Q015,Infant choking,youtube,VZET6z6SL54,32,choking
Q015,Infant choking,youtube,RF98bY8eiUo,33,choking
Q015,Infant choking,youtube,SDOmUywwjeA,34,choking
Q015,Infant choking,youtube,D9BJL5qgPsc,35,choking
Q015,Infant choking,youtube,v5lx0AxqUlI,36,choking
Q015,Infant choking,youtube,OEzBQlyRpRI,37,choking
Q015,Infant choking,youtube,DVjMfc8dHf4,38,choking
Q015,Infant choking,youtube,fN_jrMrPLpY,39,choking
Q015,Infant choking,youtube,653Z4Tcc_pQ,40,choking
Q015,Infant choking,youtube,Lx_AE-UNwmY,41,choking
Q015,Infant choking,youtube,CfTokZ3yctg,42,choking
Q015,Infant choking,youtube,Z_rjGZffNAc,43,choking
Q015,Infant choking,youtube,JQd0bZX8BoA,44,choking
Q015,Infant choking,youtube,E9kCWbqueaI,45,choking
Q015,Infant choking,youtube,iv5g4NTVuVw,46,choking
Q015,Infant choking,youtube,fkZA-C0hj6E,47,choking
Q015,Infant choking,youtube,FNYRhMQxRIQ,48,choking
Q015,Infant choking,youtube,hq0VHjZ-CzA,49,choking
Q015,Infant choking,youtube,KiWn4thXAI8,50,choking
Q015,Infant choking,tiktok,7676948239358151950,1,choking
Q015,Infant choking,tiktok,7187267837961063682,2,choking
Q015,Infant choking,tiktok,7688859009708756254,3,choking
Q015,Infant choking,tiktok,7686565679083916575,4,choking
Q015,Infant choking,tiktok,7690972382927916318,5,choking
Q015,Infant choking,tiktok,7648288870362041630,6,choking
Q015,Infant choking,tiktok,7606499365376625950,7,choking
Q015,Infant choking,tiktok,7681446004540935445,8,choking
Q015,Infant choking,tiktok,7211273728053759234,9,choking
Q015,Infant choking,tiktok,7171196432194555138,10,choking
Q015,Infant choking,tiktok,7658370254636207391,11,choking
Q015,Infant choking,tiktok,7691151172912139550,12,choking
Q015,Infant choking,tiktok,7483862184141917462,13,choking
Q015,Infant choking,tiktok,7513250382219414826,14,choking
Q015,Infant choking,tiktok,7673118113772178719,15,choking
Q015,Infant choking,tiktok,7682066633061403918,16,choking
Q015,Infant choking,tiktok,7565970393526226231,17,choking
Q015,Infant choking,tiktok,7233233038153387265,18,choking
Q015,Infant choking,tiktok,7591437059848523063,19,choking
Q015,Infant choking,tiktok,7153688980364479750,20,choking
Q015,Infant choking,tiktok,7641234924120411422,21,choking
Q015,Infant choking,tiktok,7645945628391902478,22,choking
Q015,Infant choking,tiktok,7691053719839902982,23,choking
Q015,Infant choking,tiktok,7432741153251888427,24,choking
Q015,Infant choking,tiktok,7623516155025706262,25,choking
Q015,Infant choking,tiktok,7618549469251964182,26,choking
Q015,Infant choking,tiktok,7679458952890944799,27,choking
Q015,Infant choking,tiktok,7688302257225387282,28,choking
Q015,Infant choking,tiktok,7582352863934876959,29,choking
Q015,Infant choking,tiktok,7574526813905456415,30,choking
Q015,Infant choking,tiktok,7605778176832310540,31,choking
Q015,Infant choking,tiktok,7423838414035864863,32,choking
Q015,Infant choking,tiktok,7649340815004683550,33,choking
Q015,Infant choking,tiktok,7624639363900640532,34,choking
Q015,Infant choking,tiktok,7273320520735657249,35,choking
Q015,Infant choking,tiktok,7628242077771386119,36,choking
Q015,Infant choking,tiktok,7281352381118303531,37,choking
Q015,Infant choking,tiktok,7201947427220327722,38,choking
Q015,Infant choking,tiktok,7644388377344757022,39,choking
Q015,Infant choking,tiktok,7691285121927793940,40,choking
Q015,Infant choking,tiktok,7606557697957235999,41,choking
Q015,Infant choking,tiktok,7161446683019152682,42,choking
Q015,Infant choking,tiktok,7340833017855872302,43,choking
Q015,Infant choking,tiktok,7453559534418677035,44,choking
Q015,Infant choking,tiktok,7593879712481561887,45,choking
Q015,Infant choking,tiktok,7352879834021825838,46,choking
Q015,Infant choking,tiktok,7626414548177767710,47,choking
Q015,Infant choking,tiktok,7579321654485028109,48,choking
Q015,Infant choking,tiktok,7672954685556264222,49,choking
Q015,Infant choking,tiktok,7678698842996493598,50,choking
Q015,Infant choking,tiktok,7446976370749672750,51,choking
Q015,Infant choking,tiktok,7428008160859852038,52,choking
Q015,Infant choking,tiktok,7646766097038920990,53,choking
Q015,Infant choking,tiktok,7560542804099812609,54,choking
Q015,Infant choking,tiktok,7690299673558486324,55,choking
Q015,Infant choking,tiktok,7533771294345661710,56,choking
Q016,Child choking,youtube,4j329wUsl3s,1,choking
Q016,Child choking,youtube,GymXjJJ7Ugo,2,choking
Q016,Child choking,youtube,iv5g4NTVuVw,3,choking
Q016,Child choking,youtube,ZjmbD7aIaf0,4,choking
Q016,Child choking,youtube,WxsQBvr7K7E,5,choking
Q016,Child choking,youtube,RViR5U-reDA,6,choking
Q016,Child choking,youtube,ePodw7L_mFM,7,choking
Q016,Child choking,youtube,v29fLb7x810,8,choking
Q016,Child choking,youtube,fN_jrMrPLpY,9,choking
Q016,Child choking,youtube,etyEWWEtbqI,10,choking
Q016,Child choking,youtube,laAsTxO-O0g,11,choking
Q016,Child choking,youtube,q_Xn9xaZd2U,12,choking
Q016,Child choking,youtube,Sba0T2XGIn4,13,choking
Q016,Child choking,youtube,5Ti6ly1T-zk,14,choking
Q016,Child choking,youtube,LrPfzux2rI4,15,choking
Q016,Child choking,youtube,IoqfvTl8v8k,16,choking
Q016,Child choking,youtube,aoLzcnvQpQA,17,choking
Q016,Child choking,youtube,oswDpwzbAV8,18,choking
Q016,Child choking,youtube,Z_rjGZffNAc,19,choking
Q016,Child choking,youtube,Qvh7CEZh_NA,20,choking
Q016,Child choking,youtube,KiWn4thXAI8,21,choking
Q016,Child choking,youtube,SDOmUywwjeA,22,choking
Q016,Child choking,youtube,gHZdBY-CkGw,23,choking
Q016,Child choking,youtube,FhZtQwayP1g,24,choking
Q016,Child choking,youtube,rrIgXfuzSvM,25,choking
Q016,Child choking,youtube,MX4d_g2uBY4,26,choking
Q016,Child choking,youtube,ShaNuST_58A,27,choking
Q016,Child choking,youtube,j45WfhxK_Hs,28,choking
Q016,Child choking,youtube,axqIju9CLKA,29,choking
Q016,Child choking,youtube,7M6oU9aaVyc,30,choking
Q016,Child choking,youtube,D9BJL5qgPsc,31,choking
Q016,Child choking,youtube,ySgh7bgrvu4,32,choking
Q016,Child choking,youtube,597zNNt6f5o,33,choking
Q016,Child choking,youtube,AdknJl-grpY,34,choking
Q016,Child choking,youtube,19qUSxAKkJ0,35,choking
Q016,Child choking,youtube,aQzGPDnJqmc,36,choking
Q016,Child choking,youtube,SL9MqxFlBFM,37,choking
Q016,Child choking,youtube,3R_H1jNbkP4,38,choking
Q016,Child choking,youtube,wFpqP7MlfLg,39,choking
Q016,Child choking,youtube,FNYRhMQxRIQ,40,choking
Q016,Child choking,youtube,p9XLVf4eSZ8,41,choking
Q016,Child choking,youtube,unKQuIWtweA,42,choking
Q016,Child choking,youtube,miFVSPKpXX8,43,choking
Q016,Child choking,youtube,f49yKmLadEg,44,choking
Q016,Child choking,youtube,JLQcbz1dR7A,45,choking
Q016,Child choking,youtube,JxpVLxBsswI,46,choking
Q016,Child choking,youtube,I3pvuYMcPg4,47,choking
Q016,Child choking,youtube,0IfRtVlI7VI,48,choking
Q016,Child choking,youtube,Ug0yTxb6fcw,49,choking
Q016,Child choking,youtube,LeGlVrrmAb4,50,choking
Q016,Child choking,tiktok,7673918199292824850,1,choking
Q016,Child choking,tiktok,7688877764719480078,2,choking
Q016,Child choking,tiktok,7563499087694204178,3,choking
Q016,Child choking,tiktok,7637094252090084638,4,choking
Q016,Child choking,tiktok,7599962193777478934,5,choking
Q016,Child choking,tiktok,7211273728053759234,6,choking
Q016,Child choking,tiktok,7576977865774861598,7,choking
Q016,Child choking,tiktok,7171196432194555138,8,choking
Q016,Child choking,tiktok,7591437059848523063,9,choking
Q016,Child choking,tiktok,7294398589969747243,10,choking
Q016,Child choking,tiktok,7687686256410496270,11,choking
Q016,Child choking,tiktok,7687703110893980958,12,choking
Q016,Child choking,tiktok,7690972382927916318,13,choking
Q016,Child choking,tiktok,7646533976886119693,14,choking
Q016,Child choking,tiktok,7658370254636207391,15,choking
Q016,Child choking,tiktok,7635422376053820686,16,choking
Q016,Child choking,tiktok,7605778176832310540,17,choking
Q016,Child choking,tiktok,7673118113772178719,18,choking
Q016,Child choking,tiktok,7233233038153387265,19,choking
Q016,Child choking,tiktok,7680980558737837325,20,choking
Q016,Child choking,tiktok,7602780829294595350,21,choking
Q016,Child choking,tiktok,7575073865387347230,22,choking
Q016,Child choking,tiktok,7688859009708756254,23,choking
Q016,Child choking,tiktok,7637096724657474829,24,choking
Q016,Child choking,tiktok,7545988062153592095,25,choking
Q016,Child choking,tiktok,7641132445256961310,26,choking
Q016,Child choking,tiktok,7672989699425815822,27,choking
Q016,Child choking,tiktok,7311727059879857450,28,choking
Q016,Child choking,tiktok,7655598905635261709,29,choking
Q016,Child choking,tiktok,7605544336532507934,30,choking
Q016,Child choking,tiktok,7678641926144265485,31,choking
Q016,Child choking,tiktok,7620249482512452878,32,choking
Q016,Child choking,tiktok,7606557697957235999,33,choking
Q016,Child choking,tiktok,7611758640457895198,34,choking
Q016,Child choking,tiktok,7573405371197394178,35,choking
Q016,Child choking,tiktok,7685827082294709518,36,choking
Q016,Child choking,tiktok,7665155183877377311,37,choking
Q016,Child choking,tiktok,7584900124359298334,38,choking
Q016,Child choking,tiktok,7618513642979347742,39,choking
Q016,Child choking,tiktok,7678927081299774733,40,choking
Q016,Child choking,tiktok,7663361775634484493,41,choking
Q016,Child choking,tiktok,7686922661171186974,42,choking
Q016,Child choking,tiktok,7620152525882232065,43,choking
Q016,Child choking,tiktok,7691010571335912718,44,choking
Q016,Child choking,tiktok,7568586415278198046,45,choking
Q016,Child choking,tiktok,7201947427220327722,46,choking
Q016,Child choking,tiktok,7145157711318240558,47,choking
Q016,Child choking,tiktok,7677416062283042061,48,choking
Q016,Child choking,tiktok,7691404804509240607,49,choking
Q016,Child choking,tiktok,7677927667819171085,50,choking
Q016,Child choking,tiktok,7604541222014717198,51,choking
Q016,Child choking,tiktok,7691401378484292877,52,choking
Q016,Child choking,tiktok,7272364614724128002,53,choking
Q016,Child choking,tiktok,7420242776907992362,54,choking
Q016,Child choking,tiktok,7264407291116408069,55,choking
Q016,Child choking,tiktok,7192875154043587841,56,choking
Q016,Child choking,tiktok,7495357752596958486,57,choking
Q016,Child choking,tiktok,7501431145284799775,58,choking
Q016,Child choking,tiktok,7678149315314879758,59,choking
Q016,Child choking,tiktok,7680194040767270166,60,choking
Q017,Baby choking,youtube,4j329wUsl3s,1,choking
Q017,Baby choking,youtube,TDrxN-rCi38,2,choking
Q017,Baby choking,youtube,ePodw7L_mFM,3,choking
Q017,Baby choking,youtube,ZjmbD7aIaf0,4,choking
Q017,Baby choking,youtube,ShaNuST_58A,5,choking
Q017,Baby choking,youtube,UrKWDFDiYRU,6,choking
Q017,Baby choking,youtube,axqIju9CLKA,7,choking
Q017,Baby choking,youtube,IoqfvTl8v8k,8,choking
Q017,Baby choking,youtube,_K7Dwy6b2wQ,9,choking
Q017,Baby choking,youtube,cIykDq47MKQ,10,choking
Q017,Baby choking,youtube,GymXjJJ7Ugo,11,choking
Q017,Baby choking,youtube,I3pvuYMcPg4,12,choking
Q017,Baby choking,youtube,WxsQBvr7K7E,13,choking
Q017,Baby choking,youtube,gHZdBY-CkGw,14,choking
Q017,Baby choking,youtube,o_dUMiYHcZU,15,choking
Q017,Baby choking,youtube,7M6oU9aaVyc,16,choking
Q017,Baby choking,youtube,VZET6z6SL54,17,choking
Q017,Baby choking,youtube,aoLzcnvQpQA,18,choking
Q017,Baby choking,youtube,vCacZ60EENY,19,choking
Q017,Baby choking,youtube,SDOmUywwjeA,20,choking
Q017,Baby choking,youtube,fHkhlr_WzUI,21,choking
Q017,Baby choking,youtube,aQzGPDnJqmc,22,choking
Q017,Baby choking,youtube,597zNNt6f5o,23,choking
Q017,Baby choking,youtube,ZRp99WrVaRs,24,choking
Q017,Baby choking,youtube,3SJNCrY308s,25,choking
Q017,Baby choking,youtube,ivZ3VWfFdX4,26,choking
Q017,Baby choking,youtube,nUoQ3imdzF4,27,choking
Q017,Baby choking,youtube,fN_jrMrPLpY,28,choking
Q017,Baby choking,youtube,h_vSEviFXIo,29,choking
Q017,Baby choking,youtube,f49yKmLadEg,30,choking
Q017,Baby choking,youtube,v29fLb7x810,31,choking
Q017,Baby choking,youtube,Lx_AE-UNwmY,32,choking
Q017,Baby choking,youtube,Z_rjGZffNAc,33,choking
Q017,Baby choking,youtube,eY40R-G_his,34,choking
Q017,Baby choking,youtube,eNaNXy3wuKg,35,choking
Q017,Baby choking,youtube,NcZ2UrbSMns,36,choking
Q017,Baby choking,youtube,D9BJL5qgPsc,37,choking
Q017,Baby choking,youtube,2gPxRVuXn_4,38,choking
Q017,Baby choking,youtube,5KNYlVY0RUs,39,choking
Q017,Baby choking,youtube,tsjik2xpDQs,40,choking
Q017,Baby choking,youtube,etyEWWEtbqI,41,choking
Q017,Baby choking,youtube,Fg7_AfDF1Fk,42,choking
Q017,Baby choking,youtube,z-3IAG_974o,43,choking
Q017,Baby choking,youtube,iv5g4NTVuVw,44,choking
Q017,Baby choking,youtube,CfTokZ3yctg,45,choking
Q017,Baby choking,youtube,-0nfC5O34C4,46,choking
Q017,Baby choking,youtube,C8mtNlLzrAM,47,choking
Q017,Baby choking,youtube,mPBa4v7Lrv4,48,choking
Q017,Baby choking,youtube,KiWn4thXAI8,49,choking
Q017,Baby choking,youtube,3R_H1jNbkP4,50,choking
Q017,Baby choking,tiktok,7652412566496595203,1,choking
Q017,Baby choking,tiktok,7681446004540935445,2,choking
Q017,Baby choking,tiktok,7690972382927916318,3,choking
Q017,Baby choking,tiktok,7599962193777478934,4,choking
Q017,Baby choking,tiktok,7563499087694204178,5,choking
Q017,Baby choking,tiktok,7684757955249589535,6,choking
Q017,Baby choking,tiktok,7513250382219414826,7,choking
Q017,Baby choking,tiktok,7658370254636207391,8,choking
Q017,Baby choking,tiktok,7605215680941608200,9,choking
Q017,Baby choking,tiktok,7620249482512452878,10,choking
Q017,Baby choking,tiktok,7686565679083916575,11,choking
Q017,Baby choking,tiktok,7545565957670833430,12,choking
Q017,Baby choking,tiktok,7648288870362041630,13,choking
Q017,Baby choking,tiktok,7664726177214450975,14,choking
Q017,Baby choking,tiktok,7687686256410496270,15,choking
Q017,Baby choking,tiktok,7460292989726952750,16,choking
Q017,Baby choking,tiktok,7591437059848523063,17,choking
Q017,Baby choking,tiktok,7293086260955024642,18,choking
Q017,Baby choking,tiktok,7688859009708756254,19,choking
Q017,Baby choking,tiktok,7665155183877377311,20,choking
Q017,Baby choking,tiktok,7161446683019152682,21,choking
Q017,Baby choking,tiktok,7600445872714943774,22,choking
Q017,Baby choking,tiktok,7089282654436068654,23,choking
Q017,Baby choking,tiktok,7623516155025706262,24,choking
Q017,Baby choking,tiktok,7687703110893980958,25,choking
Q017,Baby choking,tiktok,7578892472433036574,26,choking
Q017,Baby choking,tiktok,7629310143787797774,27,choking
Q017,Baby choking,tiktok,7553527025789701383,28,choking
Q017,Baby choking,tiktok,7211273728053759234,29,choking
Q017,Baby choking,tiktok,7682066633061403918,30,choking
Q017,Baby choking,tiktok,7618513642979347742,31,choking
Q017,Baby choking,tiktok,7676948239358151950,32,choking
Q017,Baby choking,tiktok,7272381247098309893,33,choking
Q017,Baby choking,tiktok,7682476407410199838,34,choking
Q017,Baby choking,tiktok,7665195559849954590,35,choking
Q017,Baby choking,tiktok,7565970393526226231,36,choking
Q017,Baby choking,tiktok,7428008160859852038,37,choking
Q017,Baby choking,tiktok,7620856000731467039,38,choking
Q017,Baby choking,tiktok,7272364614724128002,39,choking
Q017,Baby choking,tiktok,7691190774637038861,40,choking
Q017,Baby choking,tiktok,7573405371197394178,41,choking
Q017,Baby choking,tiktok,7275435849163181358,42,choking
Q017,Baby choking,tiktok,7201947427220327722,43,choking
Q017,Baby choking,tiktok,7235664423224970539,44,choking
Q017,Baby choking,tiktok,7353752494159187216,45,choking
Q017,Baby choking,tiktok,7233233038153387265,46,choking
Q017,Baby choking,tiktok,7668816561779543326,47,choking
Q017,Baby choking,tiktok,7270134273447873835,48,choking
Q017,Baby choking,tiktok,7352879834021825838,49,choking
Q017,Baby choking,tiktok,7294398589969747243,50,choking
Q017,Baby choking,tiktok,7626414548177767710,51,choking
Q017,Baby choking,tiktok,7688049023474765086,52,choking
Q017,Baby choking,tiktok,7533771294345661710,53,choking
Q017,Baby choking,tiktok,7584913612414782734,54,choking
Q017,Baby choking,tiktok,7035156379660864774,55,choking
Q017,Baby choking,tiktok,7628242077771386119,56,choking
Q018,Toddler choking,youtube,4j329wUsl3s,1,choking
Q018,Toddler choking,youtube,GymXjJJ7Ugo,2,choking
Q018,Toddler choking,youtube,fN_jrMrPLpY,3,choking
Q018,Toddler choking,youtube,ZjmbD7aIaf0,4,choking
Q018,Toddler choking,youtube,IoqfvTl8v8k,5,choking
Q018,Toddler choking,youtube,FhZtQwayP1g,6,choking
Q018,Toddler choking,youtube,SDOmUywwjeA,7,choking
Q018,Toddler choking,youtube,Z_rjGZffNAc,8,choking
Q018,Toddler choking,youtube,ShaNuST_58A,9,choking
Q018,Toddler choking,youtube,h_vSEviFXIo,10,choking
Q018,Toddler choking,youtube,ePodw7L_mFM,11,choking
Q018,Toddler choking,youtube,iv5g4NTVuVw,12,choking
Q018,Toddler choking,youtube,o_dUMiYHcZU,13,choking
Q018,Toddler choking,youtube,oswDpwzbAV8,14,choking
Q018,Toddler choking,youtube,k7oJLfk1bfk,15,choking
Q018,Toddler choking,youtube,axqIju9CLKA,16,choking
Q018,Toddler choking,youtube,SL9MqxFlBFM,17,choking
Q018,Toddler choking,youtube,WxsQBvr7K7E,18,choking
Q018,Toddler choking,youtube,Ug0yTxb6fcw,19,choking
Q018,Toddler choking,youtube,eOZI6-tc7C8,20,choking
Q018,Toddler choking,youtube,597zNNt6f5o,21,choking
Q018,Toddler choking,youtube,_K7Dwy6b2wQ,22,choking
Q018,Toddler choking,youtube,laAsTxO-O0g,23,choking
Q018,Toddler choking,youtube,bZu5LUe9Rjk,24,choking
Q018,Toddler choking,youtube,wFpqP7MlfLg,25,choking
Q018,Toddler choking,youtube,etyEWWEtbqI,26,choking
Q018,Toddler choking,youtube,v29fLb7x810,27,choking
Q018,Toddler choking,youtube,VZET6z6SL54,28,choking
Q018,Toddler choking,youtube,D9BJL5qgPsc,29,choking
Q018,Toddler choking,youtube,TDrxN-rCi38,30,choking
Q018,Toddler choking,youtube,unKQuIWtweA,31,choking
Q018,Toddler choking,youtube,NF9oSpXt19c,32,choking
Q018,Toddler choking,youtube,gHZdBY-CkGw,33,choking
Q018,Toddler choking,youtube,3R_H1jNbkP4,34,choking
Q018,Toddler choking,youtube,RF98bY8eiUo,35,choking
Q018,Toddler choking,youtube,q_Xn9xaZd2U,36,choking
Q018,Toddler choking,youtube,DVjMfc8dHf4,37,choking
Q018,Toddler choking,youtube,tQlyJl2S9rs,38,choking
Q018,Toddler choking,youtube,JxpVLxBsswI,39,choking
Q018,Toddler choking,youtube,CObPhvJsZu8,40,choking
Q018,Toddler choking,youtube,rrIgXfuzSvM,41,choking
Q018,Toddler choking,youtube,j45WfhxK_Hs,42,choking
Q018,Toddler choking,youtube,AdknJl-grpY,43,choking
Q018,Toddler choking,youtube,I3pvuYMcPg4,44,choking
Q018,Toddler choking,youtube,19qUSxAKkJ0,45,choking
Q018,Toddler choking,youtube,D92i87Z2S0I,46,choking
Q018,Toddler choking,youtube,qe4Gmt9blMI,47,choking
Q018,Toddler choking,youtube,5Ti6ly1T-zk,48,choking
Q018,Toddler choking,youtube,v5lx0AxqUlI,49,choking
Q018,Toddler choking,youtube,CnbjPFwkiTQ,50,choking
Q018,Toddler choking,tiktok,7673918199292824850,1,choking
Q018,Toddler choking,tiktok,7563499087694204178,2,choking
Q018,Toddler choking,tiktok,7681446004540935445,3,choking
Q018,Toddler choking,tiktok,7599962193777478934,4,choking
Q018,Toddler choking,tiktok,7618549469251964182,5,choking
Q018,Toddler choking,tiktok,7576977865774861598,6,choking
Q018,Toddler choking,tiktok,7644396059250150669,7,choking
Q018,Toddler choking,tiktok,7211273728053759234,8,choking
Q018,Toddler choking,tiktok,7171196432194555138,9,choking
Q018,Toddler choking,tiktok,7687703110893980958,10,choking
Q018,Toddler choking,tiktok,7559406768258845965,11,choking
Q018,Toddler choking,tiktok,7605886954303016223,12,choking
Q018,Toddler choking,tiktok,7591437059848523063,13,choking
Q018,Toddler choking,tiktok,7294398589969747243,14,choking
Q018,Toddler choking,tiktok,7690972382927916318,15,choking
Q018,Toddler choking,tiktok,7233233038153387265,16,choking
Q018,Toddler choking,tiktok,7688877764719480078,17,choking
Q018,Toddler choking,tiktok,7622379543084518670,18,choking
Q018,Toddler choking,tiktok,7605778176832310540,19,choking
Q018,Toddler choking,tiktok,7575073865387347230,20,choking
Q018,Toddler choking,tiktok,7680980558737837325,21,choking
Q018,Toddler choking,tiktok,7677751467960175903,22,choking
Q018,Toddler choking,tiktok,7605544336532507934,23,choking
Q018,Toddler choking,tiktok,7688859009708756254,24,choking
Q018,Toddler choking,tiktok,7673118113772178719,25,choking
Q018,Toddler choking,tiktok,7461830001487367455,26,choking
Q018,Toddler choking,tiktok,7188579005371616517,27,choking
Q018,Toddler choking,tiktok,7306196891199491358,28,choking
Q018,Toddler choking,tiktok,7627215691040443661,29,choking
Q018,Toddler choking,tiktok,7665155183877377311,30,choking
Q018,Toddler choking,tiktok,7335606781546089733,31,choking
Q018,Toddler choking,tiktok,7565970393526226231,32,choking
Q018,Toddler choking,tiktok,7641234924120411422,33,choking
Q018,Toddler choking,tiktok,7577940248060071189,34,choking
Q018,Toddler choking,tiktok,7264407291116408069,35,choking
Q018,Toddler choking,tiktok,7201947427220327722,36,choking
Q018,Toddler choking,tiktok,7674336191436688673,37,choking
Q018,Toddler choking,tiktok,7691493194604875029,38,choking
Q018,Toddler choking,tiktok,7584396251349716254,39,choking
Q018,Toddler choking,tiktok,7686644748714560799,40,choking
Q018,Toddler choking,tiktok,7418763037454257451,41,choking
Q018,Toddler choking,tiktok,7605215680941608200,42,choking
Q018,Toddler choking,tiktok,7349027249460432130,43,choking
Q018,Toddler choking,tiktok,7658252083627379982,44,choking
Q018,Toddler choking,tiktok,7623853909781564686,45,choking
Q018,Toddler choking,tiktok,7688346864931835150,46,choking
Q018,Toddler choking,tiktok,7573405371197394178,47,choking
Q018,Toddler choking,tiktok,7573858268066352414,48,choking
Q018,Toddler choking,tiktok,7690314488339303682,49,choking
Q018,Toddler choking,tiktok,7612851243811081485,50,choking
Q018,Toddler choking,tiktok,7519581921765084438,51,choking
Q018,Toddler choking,tiktok,7678927081299774733,52,choking
Q018,Toddler choking,tiktok,7674807385302551829,53,choking
Q018,Toddler choking,tiktok,7612850167812721933,54,choking
Q018,Toddler choking,tiktok,7611244812372643085,55,choking
Q018,Toddler choking,tiktok,7618513642979347742,56,choking
Q018,Toddler choking,tiktok,7463130191821393184,57,choking
Q019,Choking first aid for infants,youtube,ePodw7L_mFM,1,choking
Q019,Choking first aid for infants,youtube,GymXjJJ7Ugo,2,choking
Q019,Choking first aid for infants,youtube,SDOmUywwjeA,3,choking
Q019,Choking first aid for infants,youtube,gHZdBY-CkGw,4,choking
Q019,Choking first aid for infants,youtube,ShaNuST_58A,5,choking
Q019,Choking first aid for infants,youtube,lv_xJldarp0,6,choking
Q019,Choking first aid for infants,youtube,h_vSEviFXIo,7,choking
Q019,Choking first aid for infants,youtube,D9BJL5qgPsc,8,choking
Q019,Choking first aid for infants,youtube,fN_jrMrPLpY,9,choking
Q019,Choking first aid for infants,youtube,5KNYlVY0RUs,10,choking
Q019,Choking first aid for infants,youtube,VZET6z6SL54,11,choking
Q019,Choking first aid for infants,youtube,tsjik2xpDQs,12,choking
Q019,Choking first aid for infants,youtube,_K7Dwy6b2wQ,13,choking
Q019,Choking first aid for infants,youtube,axqIju9CLKA,14,choking
Q019,Choking first aid for infants,youtube,z-3IAG_974o,15,choking
Q019,Choking first aid for infants,youtube,I3pvuYMcPg4,16,choking
Q019,Choking first aid for infants,youtube,597zNNt6f5o,17,choking
Q019,Choking first aid for infants,youtube,NcZ2UrbSMns,18,choking
Q019,Choking first aid for infants,youtube,avYRvVHAvfM,19,choking
Q019,Choking first aid for infants,youtube,Lx_AE-UNwmY,20,choking
Q019,Choking first aid for infants,youtube,NF9oSpXt19c,21,choking
Q019,Choking first aid for infants,youtube,KiWn4thXAI8,22,choking
Q019,Choking first aid for infants,youtube,6pAglF7IjFg,23,choking
Q019,Choking first aid for infants,youtube,eY40R-G_his,24,choking
Q019,Choking first aid for infants,youtube,iv5g4NTVuVw,25,choking
Q019,Choking first aid for infants,youtube,etyEWWEtbqI,26,choking
Q019,Choking first aid for infants,youtube,TDrxN-rCi38,27,choking
Q019,Choking first aid for infants,youtube,gfUd19Ibp9I,28,choking
Q019,Choking first aid for infants,youtube,IoqfvTl8v8k,29,choking
Q019,Choking first aid for infants,youtube,CnbjPFwkiTQ,30,choking
Q019,Choking first aid for infants,youtube,YeDwkE9p52M,31,choking
Q019,Choking first aid for infants,youtube,v29fLb7x810,32,choking
Q019,Choking first aid for infants,youtube,Fg7_AfDF1Fk,33,choking
Q019,Choking first aid for infants,youtube,_SsWrgyWCn4,34,choking
Q019,Choking first aid for infants,youtube,n65HW1iJUuY,35,choking
Q019,Choking first aid for infants,youtube,DVjMfc8dHf4,36,choking
Q019,Choking first aid for infants,youtube,653Z4Tcc_pQ,37,choking
Q019,Choking first aid for infants,youtube,Z_rjGZffNAc,38,choking
Q019,Choking first aid for infants,youtube,UrKWDFDiYRU,39,choking
Q019,Choking first aid for infants,youtube,RXWPys3z7x4,40,choking
Q019,Choking first aid for infants,youtube,nSCnoF8wLIQ,41,choking
Q019,Choking first aid for infants,youtube,W8OiRSoA4Vs,42,choking
Q019,Choking first aid for infants,youtube,v5lx0AxqUlI,43,choking
Q019,Choking first aid for infants,youtube,JQd0bZX8BoA,44,choking
Q019,Choking first aid for infants,youtube,hq0VHjZ-CzA,45,choking
Q019,Choking first aid for infants,youtube,GJbc4zlqoEk,46,choking
Q019,Choking first aid for infants,youtube,j45WfhxK_Hs,47,choking
Q019,Choking first aid for infants,youtube,TBrgFxuuuFE,48,choking
Q019,Choking first aid for infants,youtube,3SJNCrY308s,49,choking
Q019,Choking first aid for infants,youtube,h4uS5EmpeEs,50,choking
Q019,Choking first aid for infants,tiktok,7606499365376625950,1,choking
Q019,Choking first aid for infants,tiktok,7187267837961063682,2,choking
Q019,Choking first aid for infants,tiktok,7688859009708756254,3,choking
Q019,Choking first aid for infants,tiktok,7645945628391902478,4,choking
Q019,Choking first aid for infants,tiktok,7634587936654167309,5,choking
Q019,Choking first aid for infants,tiktok,7574526813905456415,6,choking
Q019,Choking first aid for infants,tiktok,7648412278710144286,7,choking
Q019,Choking first aid for infants,tiktok,7211273728053759234,8,choking
Q019,Choking first aid for infants,tiktok,7579321654485028109,9,choking
Q019,Choking first aid for infants,tiktok,7569005520489631031,10,choking
Q019,Choking first aid for infants,tiktok,7453559534418677035,11,choking
Q019,Choking first aid for infants,tiktok,7622379543084518670,12,choking
Q019,Choking first aid for infants,tiktok,7171196432194555138,13,choking
Q019,Choking first aid for infants,tiktok,7690972382927916318,14,choking
Q019,Choking first aid for infants,tiktok,7292064322379844910,15,choking
Q019,Choking first aid for infants,tiktok,7612427074401209631,16,choking
Q019,Choking first aid for infants,tiktok,7233233038153387265,17,choking
Q019,Choking first aid for infants,tiktok,7658370254636207391,18,choking
Q019,Choking first aid for infants,tiktok,7691151172912139550,19,choking
Q019,Choking first aid for infants,tiktok,7641234924120411422,20,choking
Q019,Choking first aid for infants,tiktok,7432741153251888427,21,choking
Q019,Choking first aid for infants,tiktok,7624231031712894216,22,choking
Q019,Choking first aid for infants,tiktok,7623516155025706262,23,choking
Q019,Choking first aid for infants,tiktok,7626903095271869729,24,choking
Q019,Choking first aid for infants,tiktok,7607298365109374239,25,choking
Q019,Choking first aid for infants,tiktok,7649340815004683550,26,choking
Q019,Choking first aid for infants,tiktok,7582352863934876959,27,choking
Q019,Choking first aid for infants,tiktok,7616196542864592150,28,choking
Q019,Choking first aid for infants,tiktok,7621651416838360351,29,choking
Q019,Choking first aid for infants,tiktok,7357694575277788417,30,choking
Q019,Choking first aid for infants,tiktok,7566160966270881042,31,choking
Q019,Choking first aid for infants,tiktok,7506126662577458455,32,choking
Q019,Choking first aid for infants,tiktok,7621070143707172118,33,choking
Q019,Choking first aid for infants,tiktok,7606557697957235999,34,choking
Q019,Choking first aid for infants,tiktok,7311909126169300229,35,choking
Q019,Choking first aid for infants,tiktok,7665155183877377311,36,choking
Q019,Choking first aid for infants,tiktok,7624639363900640532,37,choking
Q019,Choking first aid for infants,tiktok,7437249315506015534,38,choking
Q019,Choking first aid for infants,tiktok,7691285121927793940,39,choking
Q019,Choking first aid for infants,tiktok,7382459600202698000,40,choking
Q019,Choking first aid for infants,tiktok,7388852602148080912,41,choking
Q019,Choking first aid for infants,tiktok,7593879712481561887,42,choking
Q019,Choking first aid for infants,tiktok,6974142114850491654,43,choking
Q019,Choking first aid for infants,tiktok,7201947427220327722,44,choking
Q019,Choking first aid for infants,tiktok,7651399316724141333,45,choking
Q019,Choking first aid for infants,tiktok,7690314488339303682,46,choking
Q019,Choking first aid for infants,tiktok,7629258637768150280,47,choking
Q019,Choking first aid for infants,tiktok,7594391025456631096,48,choking
Q019,Choking first aid for infants,tiktok,7398979261400452385,49,choking
Q019,Choking first aid for infants,tiktok,7194746458438962433,50,choking
Q019,Choking first aid for infants,tiktok,7668816561779543326,51,choking
Q019,Choking first aid for infants,tiktok,7690299673558486324,52,choking
Q019,Choking first aid for infants,tiktok,7580020369264790814,53,choking
Q019,Choking first aid for infants,tiktok,7224267642352176391,54,choking
Q019,Choking first aid for infants,tiktok,7483236802871053614,55,choking
Q019,Choking first aid for infants,tiktok,7533771294345661710,56,choking
Q019,Choking first aid for infants,tiktok,7287946237054110982,57,choking
Q019,Choking first aid for infants,tiktok,7535509488200109334,58,choking
Q020,How to save a choking baby,youtube,fN_jrMrPLpY,1,choking
Q020,How to save a choking baby,youtube,FhZtQwayP1g,2,choking
Q020,How to save a choking baby,youtube,GymXjJJ7Ugo,3,choking
Q020,How to save a choking baby,youtube,TDrxN-rCi38,4,choking
Q020,How to save a choking baby,youtube,AjhVUSQjEy8,5,choking
Q020,How to save a choking baby,youtube,Z_rjGZffNAc,6,choking
Q020,How to save a choking baby,youtube,ShaNuST_58A,7,choking
Q020,How to save a choking baby,youtube,3SJNCrY308s,8,choking
Q020,How to save a choking baby,youtube,eNaNXy3wuKg,9,choking
Q020,How to save a choking baby,youtube,-0nfC5O34C4,10,choking
Q020,How to save a choking baby,youtube,h_vSEviFXIo,11,choking
Q020,How to save a choking baby,youtube,gHZdBY-CkGw,12,choking
Q020,How to save a choking baby,youtube,_K7Dwy6b2wQ,13,choking
Q020,How to save a choking baby,youtube,mPBa4v7Lrv4,14,choking
Q020,How to save a choking baby,youtube,VZET6z6SL54,15,choking
Q020,How to save a choking baby,youtube,7M6oU9aaVyc,16,choking
Q020,How to save a choking baby,youtube,etyEWWEtbqI,17,choking
Q020,How to save a choking baby,youtube,SDOmUywwjeA,18,choking
Q020,How to save a choking baby,youtube,597zNNt6f5o,19,choking
Q020,How to save a choking baby,youtube,aQzGPDnJqmc,20,choking
Q020,How to save a choking baby,youtube,ePodw7L_mFM,21,choking
Q020,How to save a choking baby,youtube,4j329wUsl3s,22,choking
Q020,How to save a choking baby,youtube,oswDpwzbAV8,23,choking
Q020,How to save a choking baby,youtube,f49yKmLadEg,24,choking
Q020,How to save a choking baby,youtube,D9BJL5qgPsc,25,choking
Q020,How to save a choking baby,youtube,NF9oSpXt19c,26,choking
Q020,How to save a choking baby,youtube,KiWn4thXAI8,27,choking
Q020,How to save a choking baby,youtube,SYIwQNekj8I,28,choking
Q020,How to save a choking baby,youtube,_SsWrgyWCn4,29,choking
Q020,How to save a choking baby,youtube,qe4Gmt9blMI,30,choking
Q020,How to save a choking baby,youtube,bShrfpdYTfM,31,choking
Q020,How to save a choking baby,youtube,WxsQBvr7K7E,32,choking
Q020,How to save a choking baby,youtube,KCGFeOcb1vk,33,choking
Q020,How to save a choking baby,youtube,v29fLb7x810,34,choking
Q020,How to save a choking baby,youtube,5KNYlVY0RUs,35,choking
Q020,How to save a choking baby,youtube,I3pvuYMcPg4,36,choking
Q020,How to save a choking baby,youtube,IoqfvTl8v8k,37,choking
Q020,How to save a choking baby,youtube,avYRvVHAvfM,38,choking
Q020,How to save a choking baby,youtube,TBrgFxuuuFE,39,choking
Q020,How to save a choking baby,youtube,dSfXcQqLZqs,40,choking
Q020,How to save a choking baby,youtube,gfUd19Ibp9I,41,choking
Q020,How to save a choking baby,youtube,WmGRp84tPM8,42,choking
Q020,How to save a choking baby,youtube,YeDwkE9p52M,43,choking
Q020,How to save a choking baby,youtube,eY40R-G_his,44,choking
Q020,How to save a choking baby,youtube,Fg7_AfDF1Fk,45,choking
Q020,How to save a choking baby,youtube,IYm1T9045js,46,choking
Q020,How to save a choking baby,youtube,uQE_5aNf1CE,47,choking
Q020,How to save a choking baby,youtube,cpiJ9eRgK-4,48,choking
Q020,How to save a choking baby,youtube,j45WfhxK_Hs,49,choking
Q020,How to save a choking baby,youtube,QtqLAS5rgGQ,50,choking
Q020,How to save a choking baby,tiktok,7187267837961063682,1,choking
Q020,How to save a choking baby,tiktok,7606499365376625950,2,choking
Q020,How to save a choking baby,tiktok,7688859009708756254,3,choking
Q020,How to save a choking baby,tiktok,7673118113772178719,4,choking
Q020,How to save a choking baby,tiktok,7658370254636207391,5,choking
Q020,How to save a choking baby,tiktok,7171196432194555138,6,choking
Q020,How to save a choking baby,tiktok,7453559534418677035,7,choking
Q020,How to save a choking baby,tiktok,7211273728053759234,8,choking
Q020,How to save a choking baby,tiktok,7690972382927916318,9,choking
Q020,How to save a choking baby,tiktok,7622379543084518670,10,choking
Q020,How to save a choking baby,tiktok,7648412278710144286,11,choking
Q020,How to save a choking baby,tiktok,7631173118802906381,12,choking
Q020,How to save a choking baby,tiktok,7075484282868829486,13,choking
Q020,How to save a choking baby,tiktok,7426659821744704784,14,choking
Q020,How to save a choking baby,tiktok,7233233038153387265,15,choking
Q020,How to save a choking baby,tiktok,7624231031712894216,16,choking
Q020,How to save a choking baby,tiktok,7691151172912139550,17,choking
Q020,How to save a choking baby,tiktok,7537713452672961822,18,choking
Q020,How to save a choking baby,tiktok,7606557697957235999,19,choking
Q020,How to save a choking baby,tiktok,7574526813905456415,20,choking
Q020,How to save a choking baby,tiktok,7292064322379844910,21,choking
Q020,How to save a choking baby,tiktok,7167887680334728450,22,choking
Q020,How to save a choking baby,tiktok,7432741153251888427,23,choking
Q020,How to save a choking baby,tiktok,7629310143787797774,24,choking
Q020,How to save a choking baby,tiktok,7681446004540935445,25,choking
Q020,How to save a choking baby,tiktok,7423838414035864863,26,choking
Q020,How to save a choking baby,tiktok,7600445872714943774,27,choking
Q020,How to save a choking baby,tiktok,7639977125478501652,28,choking
Q020,How to save a choking baby,tiktok,7665155183877377311,29,choking
Q020,How to save a choking baby,tiktok,7664726177214450975,30,choking
Q020,How to save a choking baby,tiktok,7653207214101990686,31,choking
Q020,How to save a choking baby,tiktok,7605544336532507934,32,choking
Q020,How to save a choking baby,tiktok,7591437059848523063,33,choking
Q020,How to save a choking baby,tiktok,7667079700052741398,34,choking
Q020,How to save a choking baby,tiktok,7201947427220327722,35,choking
Q020,How to save a choking baby,tiktok,7612427074401209631,36,choking
Q020,How to save a choking baby,tiktok,7660089147062897941,37,choking
Q020,How to save a choking baby,tiktok,7621070143707172118,38,choking
Q020,How to save a choking baby,tiktok,7651399316724141333,39,choking
Q020,How to save a choking baby,tiktok,7275959134409723143,40,choking
Q020,How to save a choking baby,tiktok,7572201883943685390,41,choking
Q020,How to save a choking baby,tiktok,7691053719839902982,42,choking
Q020,How to save a choking baby,tiktok,7676495734354545951,43,choking
Q020,How to save a choking baby,tiktok,7634885566508567830,44,choking
Q020,How to save a choking baby,tiktok,7689934837247003935,45,choking
Q020,How to save a choking baby,tiktok,7676886518664891678,46,choking
Q020,How to save a choking baby,tiktok,7691285121927793940,47,choking
Q020,How to save a choking baby,tiktok,7689683559677775112,48,choking
Q020,How to save a choking baby,tiktok,7690314488339303682,49,choking
Q020,How to save a choking baby,tiktok,7685799380649118989,50,choking
Q020,How to save a choking baby,tiktok,7641849805433752853,51,choking
Q020,How to save a choking baby,tiktok,7641179471336197398,52,choking
Q020,How to save a choking baby,tiktok,7306665919164550407,53,choking
Q020,How to save a choking baby,tiktok,7690299673558486324,54,choking
Q020,How to save a choking baby,tiktok,7655039846909512967,55,choking
Q020,How to save a choking baby,tiktok,7680326662180900110,56,choking
Q020,How to save a choking baby,tiktok,7677751467960175903,57,choking
Q020,How to save a choking baby,tiktok,7046094735747976449,58,choking
Q021,Infant back blows and chest thrusts,youtube,ShaNuST_58A,1,choking
Q021,Infant back blows and chest thrusts,youtube,4j329wUsl3s,2,choking
Q021,Infant back blows and chest thrusts,youtube,OEzBQlyRpRI,3,choking
Q021,Infant back blows and chest thrusts,youtube,ePodw7L_mFM,4,choking
Q021,Infant back blows and chest thrusts,youtube,eY40R-G_his,5,choking
Q021,Infant back blows and chest thrusts,youtube,WmGRp84tPM8,6,choking
Q021,Infant back blows and chest thrusts,youtube,b5-9gx8d_OY,7,choking
Q021,Infant back blows and chest thrusts,youtube,o5jX54TJ2UE,8,choking
Q021,Infant back blows and chest thrusts,youtube,8admfjXAlJo,9,choking
Q021,Infant back blows and chest thrusts,youtube,GymXjJJ7Ugo,10,choking
Q021,Infant back blows and chest thrusts,youtube,gHZdBY-CkGw,11,choking
Q021,Infant back blows and chest thrusts,youtube,597zNNt6f5o,12,choking
Q021,Infant back blows and chest thrusts,youtube,653Z4Tcc_pQ,13,choking
Q021,Infant back blows and chest thrusts,youtube,QdgI8kKx7ew,14,choking
Q021,Infant back blows and chest thrusts,youtube,z1gyxbBQ-MY,15,choking
Q021,Infant back blows and chest thrusts,youtube,8OiptAWMvws,16,choking
Q021,Infant back blows and chest thrusts,youtube,oUF6dG04Hgk,17,choking
Q021,Infant back blows and chest thrusts,youtube,YyhZDhqpPQU,18,choking
Q021,Infant back blows and chest thrusts,youtube,eOZI6-tc7C8,19,choking
Q021,Infant back blows and chest thrusts,youtube,E53jGojYt4c,20,choking
Q021,Infant back blows and chest thrusts,youtube,nDpieX7pt4A,21,choking
Q021,Infant back blows and chest thrusts,youtube,vjH59s755Rk,22,choking
Q021,Infant back blows and chest thrusts,youtube,hq0VHjZ-CzA,23,choking
Q021,Infant back blows and chest thrusts,youtube,aXgxX1tznQ8,24,choking
Q021,Infant back blows and chest thrusts,youtube,K-HkceekrIA,25,choking
Q021,Infant back blows and chest thrusts,youtube,TDrxN-rCi38,26,choking
Q021,Infant back blows and chest thrusts,youtube,Y1tjyzQO624,27,choking
Q021,Infant back blows and chest thrusts,youtube,_SsWrgyWCn4,28,choking
Q021,Infant back blows and chest thrusts,youtube,zp3Su7dIUqk,29,choking
Q021,Infant back blows and chest thrusts,youtube,OOg6h3b5x74,30,choking
Q021,Infant back blows and chest thrusts,youtube,0VX0t6aHhB0,31,choking
Q021,Infant back blows and chest thrusts,youtube,u_gi_YJxia8,32,choking
Q021,Infant back blows and chest thrusts,youtube,8R3RWC-xx1I,33,choking
Q021,Infant back blows and chest thrusts,youtube,Z_rjGZffNAc,34,choking
Q021,Infant back blows and chest thrusts,youtube,O6YX3OOJDPA,35,choking
Q021,Infant back blows and chest thrusts,youtube,3_zvE9dtC4o,36,choking
Q021,Infant back blows and chest thrusts,youtube,T25XJX4s5Sc,37,choking
Q021,Infant back blows and chest thrusts,youtube,IGJ7EnwSTYU,38,choking
Q021,Infant back blows and chest thrusts,youtube,61nFn6UuOLs,39,choking
Q021,Infant back blows and chest thrusts,youtube,VZET6z6SL54,40,choking
Q021,Infant back blows and chest thrusts,youtube,5KNYlVY0RUs,41,choking
Q021,Infant back blows and chest thrusts,youtube,fN_jrMrPLpY,42,choking
Q021,Infant back blows and chest thrusts,youtube,o6xUczWK3Mw,43,choking
Q021,Infant back blows and chest thrusts,youtube,SwJlZnu05Cw,44,choking
Q021,Infant back blows and chest thrusts,youtube,z-3IAG_974o,45,choking
Q021,Infant back blows and chest thrusts,youtube,Lx_AE-UNwmY,46,choking
Q021,Infant back blows and chest thrusts,youtube,abqq0KIWG9s,47,choking
Q021,Infant back blows and chest thrusts,youtube,cpiJ9eRgK-4,48,choking
Q021,Infant back blows and chest thrusts,youtube,KL5AI4kKTyo,49,choking
Q021,Infant back blows and chest thrusts,youtube,lv_xJldarp0,50,choking
Q021,Infant back blows and chest thrusts,tiktok,7579321654485028109,1,choking
Q021,Infant back blows and chest thrusts,tiktok,7628764344922197279,2,choking
Q021,Infant back blows and chest thrusts,tiktok,7634587936654167309,3,choking
Q021,Infant back blows and chest thrusts,tiktok,7688859009708756254,4,choking
Q021,Infant back blows and chest thrusts,tiktok,7690972382927916318,5,choking
Q021,Infant back blows and chest thrusts,tiktok,6972536838925929734,6,choking
Q021,Infant back blows and chest thrusts,tiktok,7624231031712894216,7,choking
Q021,Infant back blows and chest thrusts,tiktok,7669835284963495198,8,choking
Q021,Infant back blows and chest thrusts,tiktok,7621665011982748958,9,choking
Q021,Infant back blows and chest thrusts,tiktok,7681107628310973703,10,choking
Q021,Infant back blows and chest thrusts,tiktok,7271414979885124870,11,choking
Q021,Infant back blows and chest thrusts,tiktok,7606499365376625950,12,choking
Q021,Infant back blows and chest thrusts,tiktok,7322233928805272834,13,choking
Q021,Infant back blows and chest thrusts,tiktok,7655359285299399957,14,choking
Q021,Infant back blows and chest thrusts,tiktok,7211273728053759234,15,choking
Q021,Infant back blows and chest thrusts,tiktok,7616754352849456415,16,choking
Q021,Infant back blows and chest thrusts,tiktok,7191914496779160875,17,choking
Q021,Infant back blows and chest thrusts,tiktok,7435356445157149994,18,choking
Q021,Infant back blows and chest thrusts,tiktok,7664143328656526599,19,choking
Q021,Infant back blows and chest thrusts,tiktok,7187267837961063682,20,choking
Q021,Infant back blows and chest thrusts,tiktok,7190476531775409450,21,choking
Q021,Infant back blows and chest thrusts,tiktok,7690486924120821012,22,choking
Q021,Infant back blows and chest thrusts,tiktok,7489333717815561490,23,choking
Q021,Infant back blows and chest thrusts,tiktok,7567867167039819016,24,choking
Q021,Infant back blows and chest thrusts,tiktok,7690299673558486324,25,choking
Q021,Infant back blows and chest thrusts,tiktok,7654389005705825549,26,choking
Q021,Infant back blows and chest thrusts,tiktok,7681069587214945567,27,choking
Q021,Infant back blows and chest thrusts,tiktok,7522301661914696973,28,choking
Q021,Infant back blows and chest thrusts,tiktok,7634382647472508191,29,choking
Q021,Infant back blows and chest thrusts,tiktok,7664599422310960414,30,choking
Q021,Infant back blows and chest thrusts,tiktok,7326244675566816554,31,choking
Q021,Infant back blows and chest thrusts,tiktok,7668112355242364181,32,choking
Q021,Infant back blows and chest thrusts,tiktok,7569816546026081566,33,choking
Q021,Infant back blows and chest thrusts,tiktok,7564546350927432991,34,choking
Q021,Infant back blows and chest thrusts,tiktok,7624339252075121950,35,choking
Q021,Infant back blows and chest thrusts,tiktok,7099865259342712069,36,choking
Q021,Infant back blows and chest thrusts,tiktok,7646515586989673758,37,choking
Q021,Infant back blows and chest thrusts,tiktok,7233233038153387265,38,choking
Q021,Infant back blows and chest thrusts,tiktok,7690908493892652295,39,choking
Q021,Infant back blows and chest thrusts,tiktok,7049900236633935109,40,choking
Q021,Infant back blows and chest thrusts,tiktok,7517335251387960598,41,choking
Q021,Infant back blows and chest thrusts,tiktok,7432741153251888427,42,choking
Q021,Infant back blows and chest thrusts,tiktok,7467138049059671329,43,choking
Q021,Infant back blows and chest thrusts,tiktok,6929982127043923205,44,choking
Q021,Infant back blows and chest thrusts,tiktok,7646973174738996493,45,choking
Q021,Infant back blows and chest thrusts,tiktok,7641663953625419038,46,choking
Q021,Infant back blows and chest thrusts,tiktok,7574692987834256671,47,choking
Q021,Infant back blows and chest thrusts,tiktok,7562763439433665822,48,choking
Q021,Infant back blows and chest thrusts,tiktok,7642642175603264788,49,choking
Q021,Infant back blows and chest thrusts,tiktok,7553191193845320992,50,choking
Q021,Infant back blows and chest thrusts,tiktok,7314830946048494879,51,choking
Q021,Infant back blows and chest thrusts,tiktok,7578646838488648990,52,choking
Q021,Infant back blows and chest thrusts,tiktok,7479275397784341778,53,choking
Q021,Infant back blows and chest thrusts,tiktok,7546850120948534536,54,choking
Q021,Infant back blows and chest thrusts,tiktok,7456650119060917510,55,choking
Q021,Infant back blows and chest thrusts,tiktok,7512002321107193110,56,choking
Q021,Infant back blows and chest thrusts,tiktok,7633972326412995871,57,choking
Q021,Infant back blows and chest thrusts,tiktok,7691512776367410462,58,choking
Q021,Infant back blows and chest thrusts,tiktok,7123748559685422362,59,choking
Q022,Heimlich maneuver for children,youtube,p9XLVf4eSZ8,1,choking
Q022,Heimlich maneuver for children,youtube,4j329wUsl3s,2,choking
Q022,Heimlich maneuver for children,youtube,D92i87Z2S0I,3,choking
Q022,Heimlich maneuver for children,youtube,aXaLc-AwX2g,4,choking
Q022,Heimlich maneuver for children,youtube,CnbjPFwkiTQ,5,choking
Q022,Heimlich maneuver for children,youtube,iv5g4NTVuVw,6,choking
Q022,Heimlich maneuver for children,youtube,etyEWWEtbqI,7,choking
Q022,Heimlich maneuver for children,youtube,dSfXcQqLZqs,8,choking
Q022,Heimlich maneuver for children,youtube,j45WfhxK_Hs,9,choking
Q022,Heimlich maneuver for children,youtube,lUS4TVzwl9g,10,choking
Q022,Heimlich maneuver for children,youtube,Z_rjGZffNAc,11,choking
Q022,Heimlich maneuver for children,youtube,h_vSEviFXIo,12,choking
Q022,Heimlich maneuver for children,youtube,2dn13zneEjo,13,choking
Q022,Heimlich maneuver for children,youtube,ePodw7L_mFM,14,choking
Q022,Heimlich maneuver for children,youtube,fN_jrMrPLpY,15,choking
Q022,Heimlich maneuver for children,youtube,_SsWrgyWCn4,16,choking
Q022,Heimlich maneuver for children,youtube,vjH59s755Rk,17,choking
Q022,Heimlich maneuver for children,youtube,qiYrQ_l4dws,18,choking
Q022,Heimlich maneuver for children,youtube,FhZtQwayP1g,19,choking
Q022,Heimlich maneuver for children,youtube,mfkzDVRI9xc,20,choking
Q022,Heimlich maneuver for children,youtube,WxsQBvr7K7E,21,choking
Q022,Heimlich maneuver for children,youtube,TDrxN-rCi38,22,choking
Q022,Heimlich maneuver for children,youtube,4LOyfyei58Q,23,choking
Q022,Heimlich maneuver for children,youtube,SqpcTF2HFvg,24,choking
Q022,Heimlich maneuver for children,youtube,ZjmbD7aIaf0,25,choking
Q022,Heimlich maneuver for children,youtube,v29fLb7x810,26,choking
Q022,Heimlich maneuver for children,youtube,NWC5WWK7zI0,27,choking
Q022,Heimlich maneuver for children,youtube,D9BJL5qgPsc,28,choking
Q022,Heimlich maneuver for children,youtube,unAWWFAB2Ek,29,choking
Q022,Heimlich maneuver for children,youtube,0IfRtVlI7VI,30,choking
Q022,Heimlich maneuver for children,youtube,597zNNt6f5o,31,choking
Q022,Heimlich maneuver for children,youtube,yT3oJZxgIaw,32,choking
Q022,Heimlich maneuver for children,youtube,L7EvRW83xow,33,choking
Q022,Heimlich maneuver for children,youtube,7CgtIgSyAiU,34,choking
Q022,Heimlich maneuver for children,youtube,3R_H1jNbkP4,35,choking
Q022,Heimlich maneuver for children,youtube,FNYRhMQxRIQ,36,choking
Q022,Heimlich maneuver for children,youtube,gHZdBY-CkGw,37,choking
Q022,Heimlich maneuver for children,youtube,QtqLAS5rgGQ,38,choking
Q022,Heimlich maneuver for children,youtube,60z9w2td6Vs,39,choking
Q022,Heimlich maneuver for children,youtube,mIjb9GR1hW4,40,choking
Q022,Heimlich maneuver for children,youtube,7M6oU9aaVyc,41,choking
Q022,Heimlich maneuver for children,youtube,c7Q1s7ppSwc,42,choking
Q022,Heimlich maneuver for children,youtube,NPsgdavnVOI,43,choking
Q022,Heimlich maneuver for children,youtube,oswDpwzbAV8,44,choking
Q022,Heimlich maneuver for children,youtube,g2GL1gmIdKo,45,choking
Q022,Heimlich maneuver for children,youtube,ShaNuST_58A,46,choking
Q022,Heimlich maneuver for children,youtube,aQzGPDnJqmc,47,choking
Q022,Heimlich maneuver for children,youtube,mTZgGhMNsIs,48,choking
Q022,Heimlich maneuver for children,youtube,PV2LVz-ol-E,49,choking
Q022,Heimlich maneuver for children,youtube,xnur-b4UJ7A,50,choking
Q022,Heimlich maneuver for children,tiktok,7075650933916650798,1,choking
Q022,Heimlich maneuver for children,tiktok,7607298365109374239,2,choking
Q022,Heimlich maneuver for children,tiktok,7191184270621248811,3,choking
Q022,Heimlich maneuver for children,tiktok,7335606781546089733,4,choking
Q022,Heimlich maneuver for children,tiktok,7588234471288212791,5,choking
Q022,Heimlich maneuver for children,tiktok,7075484282868829486,6,choking
Q022,Heimlich maneuver for children,tiktok,7051295157899250990,7,choking
Q022,Heimlich maneuver for children,tiktok,7283663885876464939,8,choking
Q022,Heimlich maneuver for children,tiktok,7660818167882599702,9,choking
Q022,Heimlich maneuver for children,tiktok,7201947427220327722,10,choking
Q022,Heimlich maneuver for children,tiktok,7315505470180052267,11,choking
Q022,Heimlich maneuver for children,tiktok,7483170074564807982,12,choking
Q022,Heimlich maneuver for children,tiktok,7678517262403292446,13,choking
Q022,Heimlich maneuver for children,tiktok,7278380751937080618,14,choking
Q022,Heimlich maneuver for children,tiktok,7676886518664891678,15,choking
Q022,Heimlich maneuver for children,tiktok,7686146577433382158,16,choking
Q022,Heimlich maneuver for children,tiktok,7573754974144924959,17,choking
Q022,Heimlich maneuver for children,tiktok,7586993500084899080,18,choking
Q022,Heimlich maneuver for children,tiktok,7556835586917534989,19,choking
Q022,Heimlich maneuver for children,tiktok,7236031341618515246,20,choking
Q022,Heimlich maneuver for children,tiktok,7681820255810833686,21,choking
Q022,Heimlich maneuver for children,tiktok,7328534914331151649,22,choking
Q022,Heimlich maneuver for children,tiktok,7437168000844991790,23,choking
Q022,Heimlich maneuver for children,tiktok,7685217563361561877,24,choking
Q022,Heimlich maneuver for children,tiktok,7605778176832310540,25,choking
Q022,Heimlich maneuver for children,tiktok,7681661393946496276,26,choking
Q022,Heimlich maneuver for children,tiktok,7555579803114523935,27,choking
Q022,Heimlich maneuver for children,tiktok,7688652957956541704,28,choking
Q022,Heimlich maneuver for children,tiktok,7208331763863670021,29,choking
Q022,Heimlich maneuver for children,tiktok,7688877764719480078,30,choking
Q022,Heimlich maneuver for children,tiktok,7389999068153449734,31,choking
Q022,Heimlich maneuver for children,tiktok,7691053719839902982,32,choking
Q022,Heimlich maneuver for children,tiktok,7683186962311744799,33,choking
Q022,Heimlich maneuver for children,tiktok,7684300210654219551,34,choking
Q022,Heimlich maneuver for children,tiktok,7359311593471069482,35,choking
Q022,Heimlich maneuver for children,tiktok,7425814015223352606,36,choking
Q022,Heimlich maneuver for children,tiktok,7465079773128133894,37,choking
Q022,Heimlich maneuver for children,tiktok,7616212388613754126,38,choking
Q022,Heimlich maneuver for children,tiktok,7189647216636677403,39,choking
Q022,Heimlich maneuver for children,tiktok,7586250573062655263,40,choking
Q022,Heimlich maneuver for children,tiktok,7573735750756355346,41,choking
Q022,Heimlich maneuver for children,tiktok,7566267215343815992,42,choking
Q022,Heimlich maneuver for children,tiktok,7563222132533120278,43,choking
Q022,Heimlich maneuver for children,tiktok,7308993057360317729,44,choking
Q022,Heimlich maneuver for children,tiktok,7448705304369368325,45,choking
Q022,Heimlich maneuver for children,tiktok,7172296526759234822,46,choking
Q022,Heimlich maneuver for children,tiktok,7420830642604297518,47,choking
Q022,Heimlich maneuver for children,tiktok,7620603108674096385,48,choking
Q022,Heimlich maneuver for children,tiktok,7637921922461846791,49,choking
Q022,Heimlich maneuver for children,tiktok,7594906660783590686,50,choking
Q022,Heimlich maneuver for children,tiktok,7689972120339762462,51,choking
Q022,Heimlich maneuver for children,tiktok,7618513642979347742,52,choking
Q022,Heimlich maneuver for children,tiktok,7377607888484797701,53,choking
Q022,Heimlich maneuver for children,tiktok,7690899433835482399,54,choking
Q022,Heimlich maneuver for children,tiktok,7605271718835408142,55,choking
Q022,Heimlich maneuver for children,tiktok,7480764058182995242,56,choking
Q022,Heimlich maneuver for children,tiktok,7319635699265719594,57,choking
Q022,Heimlich maneuver for children,tiktok,7372594929010412846,58,choking
Q022,Heimlich maneuver for children,tiktok,7558303067288898829,59,choking
Q023,Unconscious choking child CPR,youtube,RViR5U-reDA,1,choking
Q023,Unconscious choking child CPR,youtube,aoLzcnvQpQA,2,choking
Q023,Unconscious choking child CPR,youtube,5Ti6ly1T-zk,3,choking
Q023,Unconscious choking child CPR,youtube,WRezZgqqnI4,4,choking
Q023,Unconscious choking child CPR,youtube,3mWiJYIG0Tc,5,choking
Q023,Unconscious choking child CPR,youtube,WxsQBvr7K7E,6,choking
Q023,Unconscious choking child CPR,youtube,Hyvn52EkuZ4,7,choking
Q023,Unconscious choking child CPR,youtube,1jZGnNSyR10,8,choking
Q023,Unconscious choking child CPR,youtube,5kmsKNvKAvU,9,choking
Q023,Unconscious choking child CPR,youtube,kyWQ4I4X8R8,10,choking
Q023,Unconscious choking child CPR,youtube,ZBZfB27K-t4,11,choking
Q023,Unconscious choking child CPR,youtube,GymXjJJ7Ugo,12,choking
Q023,Unconscious choking child CPR,youtube,LrPfzux2rI4,13,choking
Q023,Unconscious choking child CPR,youtube,_K7Dwy6b2wQ,14,choking
Q023,Unconscious choking child CPR,youtube,xtQLmy_zVcQ,15,choking
Q023,Unconscious choking child CPR,youtube,4j329wUsl3s,16,choking
Q023,Unconscious choking child CPR,youtube,x2X5gjNuN5Q,17,choking
Q023,Unconscious choking child CPR,youtube,Lu0Uw7ixfRk,18,choking
Q023,Unconscious choking child CPR,youtube,Jitb0fUgizQ,19,choking
Q023,Unconscious choking child CPR,youtube,kbZK8Kx9ICQ,20,choking
Q023,Unconscious choking child CPR,youtube,c7Q1s7ppSwc,21,choking
Q023,Unconscious choking child CPR,youtube,65GCjxSqEWw,22,choking
Q023,Unconscious choking child CPR,youtube,1XkHxJMx1hE,23,choking
Q023,Unconscious choking child CPR,youtube,E9kCWbqueaI,24,choking
Q023,Unconscious choking child CPR,youtube,iv5g4NTVuVw,25,choking
Q023,Unconscious choking child CPR,youtube,osUekePZP_k,26,choking
Q023,Unconscious choking child CPR,youtube,stpWhn-EMmA,27,choking
Q023,Unconscious choking child CPR,youtube,sZqxauH7Ieg,28,choking
Q023,Unconscious choking child CPR,youtube,nUoQ3imdzF4,29,choking
Q023,Unconscious choking child CPR,youtube,1OU21hV9Jos,30,choking
Q023,Unconscious choking child CPR,youtube,PuZtNkZjqGE,31,choking
Q023,Unconscious choking child CPR,youtube,rzsN7Z1c9fE,32,choking
Q023,Unconscious choking child CPR,youtube,YPagMCjb-L0,33,choking
Q023,Unconscious choking child CPR,youtube,XOTbjDGZ7wg,34,choking
Q023,Unconscious choking child CPR,youtube,ZjmbD7aIaf0,35,choking
Q023,Unconscious choking child CPR,youtube,Hffo4f9mr2g,36,choking
Q023,Unconscious choking child CPR,youtube,vCacZ60EENY,37,choking
Q023,Unconscious choking child CPR,youtube,FhZtQwayP1g,38,choking
Q023,Unconscious choking child CPR,youtube,769K77x64wY,39,choking
Q023,Unconscious choking child CPR,youtube,CObPhvJsZu8,40,choking
Q023,Unconscious choking child CPR,youtube,axqIju9CLKA,41,choking
Q023,Unconscious choking child CPR,youtube,Xu9WTPOCxwU,42,choking
Q023,Unconscious choking child CPR,youtube,-4Ke4vOoWn0,43,choking
Q023,Unconscious choking child CPR,youtube,laAsTxO-O0g,44,choking
Q023,Unconscious choking child CPR,youtube,dDR6O20ETSA,45,choking
Q023,Unconscious choking child CPR,youtube,sKQ1Zu9mY5w,46,choking
Q023,Unconscious choking child CPR,youtube,UgvdmB0eYxg,47,choking
Q023,Unconscious choking child CPR,youtube,TDrxN-rCi38,48,choking
Q023,Unconscious choking child CPR,youtube,_SsWrgyWCn4,49,choking
Q023,Unconscious choking child CPR,youtube,_fGhMf0XlN4,50,choking
Q023,Unconscious choking child CPR,tiktok,7606557697957235999,1,choking
Q023,Unconscious choking child CPR,tiktok,7211273728053759234,2,choking
Q023,Unconscious choking child CPR,tiktok,7172281149824273665,3,choking
Q023,Unconscious choking child CPR,tiktok,7665661153405701407,4,choking
Q023,Unconscious choking child CPR,tiktok,7673118113772178719,5,choking
Q023,Unconscious choking child CPR,tiktok,7603245246947790088,6,choking
Q023,Unconscious choking child CPR,tiktok,7078476018561928490,7,choking
Q023,Unconscious choking child CPR,tiktok,7584446561195707678,8,choking
Q023,Unconscious choking child CPR,tiktok,7685558570800254238,9,choking
Q023,Unconscious choking child CPR,tiktok,7681107628310973703,10,choking
Q023,Unconscious choking child CPR,tiktok,7690972382927916318,11,choking
Q023,Unconscious choking child CPR,tiktok,7674628436274580749,12,choking
Q023,Unconscious choking child CPR,tiktok,7688859009708756254,13,choking
Q023,Unconscious choking child CPR,tiktok,7155984314725895425,14,choking
Q023,Unconscious choking child CPR,tiktok,7146272266928524586,15,choking
Q023,Unconscious choking child CPR,tiktok,7630747956597116167,16,choking
Q023,Unconscious choking child CPR,tiktok,7605778176832310540,17,choking
Q023,Unconscious choking child CPR,tiktok,7075059399001230634,18,choking
Q023,Unconscious choking child CPR,tiktok,7628764344922197279,19,choking
Q023,Unconscious choking child CPR,tiktok,7676864313964989697,20,choking
Q023,Unconscious choking child CPR,tiktok,7199121983483809051,21,choking
Q023,Unconscious choking child CPR,tiktok,7658370254636207391,22,choking
Q023,Unconscious choking child CPR,tiktok,7662601906333797663,23,choking
Q023,Unconscious choking child CPR,tiktok,7622379543084518670,24,choking
Q023,Unconscious choking child CPR,tiktok,7645796267246898462,25,choking
Q023,Unconscious choking child CPR,tiktok,7665155183877377311,26,choking
Q023,Unconscious choking child CPR,tiktok,7688877764719480078,27,choking
Q023,Unconscious choking child CPR,tiktok,7607298365109374239,28,choking
Q023,Unconscious choking child CPR,tiktok,7677751467960175903,29,choking
Q023,Unconscious choking child CPR,tiktok,7665808671066033439,30,choking
Q023,Unconscious choking child CPR,tiktok,7519107420765916438,31,choking
Q023,Unconscious choking child CPR,tiktok,7151094205404826926,32,choking
Q023,Unconscious choking child CPR,tiktok,7679860706740571406,33,choking
Q023,Unconscious choking child CPR,tiktok,7653207214101990686,34,choking
Q023,Unconscious choking child CPR,tiktok,7372349949889269038,35,choking
Q023,Unconscious choking child CPR,tiktok,7564431597357845780,36,choking
Q023,Unconscious choking child CPR,tiktok,7269795254511979782,37,choking
Q023,Unconscious choking child CPR,tiktok,7184875167019978030,38,choking
Q023,Unconscious choking child CPR,tiktok,7677245575628147982,39,choking
Q023,Unconscious choking child CPR,tiktok,7670307515363626270,40,choking
Q023,Unconscious choking child CPR,tiktok,7685866607582645535,41,choking
Q023,Unconscious choking child CPR,tiktok,7181191720330202411,42,choking
Q023,Unconscious choking child CPR,tiktok,7646738442428239135,43,choking
Q023,Unconscious choking child CPR,tiktok,7681855052868275469,44,choking
Q023,Unconscious choking child CPR,tiktok,7580020369264790814,45,choking
Q023,Unconscious choking child CPR,tiktok,7690669659409976607,46,choking
Q023,Unconscious choking child CPR,tiktok,7681344037286071566,47,choking
Q023,Unconscious choking child CPR,tiktok,7522885508729474334,48,choking
Q023,Unconscious choking child CPR,tiktok,7668713175470050574,49,choking
Q023,Unconscious choking child CPR,tiktok,7654249367972498702,50,choking
Q023,Unconscious choking child CPR,tiktok,7629169411919760653,51,choking
Q023,Unconscious choking child CPR,tiktok,7541021036381490454,52,choking
Q023,Unconscious choking child CPR,tiktok,7677026361827020045,53,choking
Q023,Unconscious choking child CPR,tiktok,7679486158874742047,54,choking
Q023,Unconscious choking child CPR,tiktok,7672954685556264222,55,choking
Q023,Unconscious choking child CPR,tiktok,7511838945991281951,56,choking
Q023,Unconscious choking child CPR,tiktok,7520098513426959646,57,choking
Q023,Unconscious choking child CPR,tiktok,7691010571335912718,58,choking
Q023,Unconscious choking child CPR,tiktok,7620249482512452878,59,choking
Q024,Foreign body airway obstruction in children,youtube,4vPeTUp6Hy8,1,airway_obstruction
Q024,Foreign body airway obstruction in children,youtube,4j329wUsl3s,2,airway_obstruction
Q024,Foreign body airway obstruction in children,youtube,GymXjJJ7Ugo,3,airway_obstruction
Q024,Foreign body airway obstruction in children,youtube,p15mOSnMs6w,4,airway_obstruction
Q024,Foreign body airway obstruction in children,youtube,FZO-I7BwJlg,5,airway_obstruction
Q024,Foreign body airway obstruction in children,youtube,AoDk2QlPJbY,6,airway_obstruction
Q024,Foreign body airway obstruction in children,youtube,7UK6zUIXIjQ,7,airway_obstruction
Q024,Foreign body airway obstruction in children,youtube,NpKJQzUcQWs,8,airway_obstruction
Q024,Foreign body airway obstruction in children,youtube,8U1XCYoMdHs,9,airway_obstruction
Q024,Foreign body airway obstruction in children,youtube,3gy8YhYoO_M,10,airway_obstruction
Q024,Foreign body airway obstruction in children,youtube,uORrCEyqowo,11,airway_obstruction
Q024,Foreign body airway obstruction in children,youtube,DdP8qLnEByY,12,airway_obstruction
Q024,Foreign body airway obstruction in children,youtube,OdpSr2CTrrg,13,airway_obstruction
Q024,Foreign body airway obstruction in children,youtube,Iyn42S7mHhQ,14,airway_obstruction
Q024,Foreign body airway obstruction in children,youtube,PC07mNzOKuQ,15,airway_obstruction
Q024,Foreign body airway obstruction in children,youtube,sXsvyeTLBdA,16,airway_obstruction
Q024,Foreign body airway obstruction in children,youtube,s2T8v4RlXvA,17,airway_obstruction
Q024,Foreign body airway obstruction in children,youtube,Dk8FVIRRXmY,18,airway_obstruction
Q024,Foreign body airway obstruction in children,youtube,XYW0URoc0K4,19,airway_obstruction
Q024,Foreign body airway obstruction in children,youtube,SxoIC9YO-NU,20,airway_obstruction
Q024,Foreign body airway obstruction in children,youtube,SAPOi1TLbAA,21,airway_obstruction
Q024,Foreign body airway obstruction in children,youtube,vvREnnycsP0,22,airway_obstruction
Q024,Foreign body airway obstruction in children,youtube,jRE3QwyQHQQ,23,airway_obstruction
Q024,Foreign body airway obstruction in children,youtube,R9AYsRvLGLg,24,airway_obstruction
Q024,Foreign body airway obstruction in children,youtube,fGwwIrSktIQ,25,airway_obstruction
Q024,Foreign body airway obstruction in children,youtube,UV42JKxD4u4,26,airway_obstruction
Q024,Foreign body airway obstruction in children,youtube,TaRQGy5Ov4A,27,airway_obstruction
Q024,Foreign body airway obstruction in children,youtube,Kiy3G8HYqS8,28,airway_obstruction
Q024,Foreign body airway obstruction in children,youtube,p9XLVf4eSZ8,29,airway_obstruction
Q024,Foreign body airway obstruction in children,youtube,v3wJ_Bw8kcw,30,airway_obstruction
Q024,Foreign body airway obstruction in children,youtube,HfjcgxHTVgw,31,airway_obstruction
Q024,Foreign body airway obstruction in children,youtube,ctToBnt4gyA,32,airway_obstruction
Q024,Foreign body airway obstruction in children,youtube,axqIju9CLKA,33,airway_obstruction
Q024,Foreign body airway obstruction in children,youtube,7Vn6hfUhg5s,34,airway_obstruction
Q024,Foreign body airway obstruction in children,youtube,1XLuZ33fzhA,35,airway_obstruction
Q024,Foreign body airway obstruction in children,youtube,bvE34sEsaLY,36,airway_obstruction
Q024,Foreign body airway obstruction in children,youtube,ePodw7L_mFM,37,airway_obstruction
Q024,Foreign body airway obstruction in children,youtube,SSK3DL9hfck,38,airway_obstruction
Q024,Foreign body airway obstruction in children,youtube,EsIIZjbOex0,39,airway_obstruction
Q024,Foreign body airway obstruction in children,youtube,PkHB6s-SAjg,40,airway_obstruction
Q024,Foreign body airway obstruction in children,youtube,vrABAB5YXa4,41,airway_obstruction
Q024,Foreign body airway obstruction in children,youtube,xlS8eB3cMlo,42,airway_obstruction
Q024,Foreign body airway obstruction in children,youtube,UpJpAUbEehI,43,airway_obstruction
Q024,Foreign body airway obstruction in children,youtube,TlLwtuv57EU,44,airway_obstruction
Q024,Foreign body airway obstruction in children,youtube,D6-RYtVT2Po,45,airway_obstruction
Q024,Foreign body airway obstruction in children,youtube,ShaNuST_58A,46,airway_obstruction
Q024,Foreign body airway obstruction in children,youtube,xDAOKx7uqKk,47,airway_obstruction
Q024,Foreign body airway obstruction in children,youtube,iOcg7ySIB-4,48,airway_obstruction
Q024,Foreign body airway obstruction in children,youtube,597zNNt6f5o,49,airway_obstruction
Q024,Foreign body airway obstruction in children,youtube,HvPI-v4R1ks,50,airway_obstruction
Q024,Foreign body airway obstruction in children,tiktok,7602630045118549262,1,airway_obstruction
Q024,Foreign body airway obstruction in children,tiktok,7582097114612698381,2,airway_obstruction
Q024,Foreign body airway obstruction in children,tiktok,7415997021192047915,3,airway_obstruction
Q024,Foreign body airway obstruction in children,tiktok,7588970030394543382,4,airway_obstruction
Q024,Foreign body airway obstruction in children,tiktok,7660504145429892382,5,airway_obstruction
Q024,Foreign body airway obstruction in children,tiktok,7665330988762828045,6,airway_obstruction
Q024,Foreign body airway obstruction in children,tiktok,7664929275346210068,7,airway_obstruction
Q024,Foreign body airway obstruction in children,tiktok,7649685370229067030,8,airway_obstruction
Q024,Foreign body airway obstruction in children,tiktok,7658427984553970975,9,airway_obstruction
Q024,Foreign body airway obstruction in children,tiktok,7207489801388395818,10,airway_obstruction
Q024,Foreign body airway obstruction in children,tiktok,7556065912298671390,11,airway_obstruction
Q024,Foreign body airway obstruction in children,tiktok,7652255358471245076,12,airway_obstruction
Q024,Foreign body airway obstruction in children,tiktok,7600445872714943774,13,airway_obstruction
Q024,Foreign body airway obstruction in children,tiktok,7612814929346694414,14,airway_obstruction
Q024,Foreign body airway obstruction in children,tiktok,7679929225264024854,15,airway_obstruction
Q024,Foreign body airway obstruction in children,tiktok,7414635730363780359,16,airway_obstruction
Q024,Foreign body airway obstruction in children,tiktok,7624063120771779854,17,airway_obstruction
Q024,Foreign body airway obstruction in children,tiktok,7654640925376875777,18,airway_obstruction
Q024,Foreign body airway obstruction in children,tiktok,7674892326480743681,19,airway_obstruction
Q024,Foreign body airway obstruction in children,tiktok,7681446225391996174,20,airway_obstruction
Q024,Foreign body airway obstruction in children,tiktok,7690903264489065748,21,airway_obstruction
Q024,Foreign body airway obstruction in children,tiktok,7663211983793065247,22,airway_obstruction
Q024,Foreign body airway obstruction in children,tiktok,7654709363017288990,23,airway_obstruction
Q024,Foreign body airway obstruction in children,tiktok,7636172961854098718,24,airway_obstruction
Q024,Foreign body airway obstruction in children,tiktok,7643860333102157069,25,airway_obstruction
Q024,Foreign body airway obstruction in children,tiktok,7689822434572389652,26,airway_obstruction
Q024,Foreign body airway obstruction in children,tiktok,7690972382927916318,27,airway_obstruction
Q024,Foreign body airway obstruction in children,tiktok,7688753670112005390,28,airway_obstruction
Q024,Foreign body airway obstruction in children,tiktok,7649178711576612126,29,airway_obstruction
Q024,Foreign body airway obstruction in children,tiktok,7688675801071406350,30,airway_obstruction
Q024,Foreign body airway obstruction in children,tiktok,7646909727611292935,31,airway_obstruction
Q024,Foreign body airway obstruction in children,tiktok,7641343182185205023,32,airway_obstruction
Q024,Foreign body airway obstruction in children,tiktok,7209139495042600234,33,airway_obstruction
Q024,Foreign body airway obstruction in children,tiktok,7642254628238740743,34,airway_obstruction
Q024,Foreign body airway obstruction in children,tiktok,7490451033374641416,35,airway_obstruction
Q024,Foreign body airway obstruction in children,tiktok,7631801437046983956,36,airway_obstruction
Q024,Foreign body airway obstruction in children,tiktok,7353513117923446058,37,airway_obstruction
Q024,Foreign body airway obstruction in children,tiktok,7673107851514023190,38,airway_obstruction
Q024,Foreign body airway obstruction in children,tiktok,7690294325464288532,39,airway_obstruction
Q024,Foreign body airway obstruction in children,tiktok,7690400455045827854,40,airway_obstruction
Q024,Foreign body airway obstruction in children,tiktok,7691411064650468629,41,airway_obstruction
Q024,Foreign body airway obstruction in children,tiktok,7690772821575765278,42,airway_obstruction
Q024,Foreign body airway obstruction in children,tiktok,7641938646270102815,43,airway_obstruction
Q024,Foreign body airway obstruction in children,tiktok,7680150891474832653,44,airway_obstruction
Q024,Foreign body airway obstruction in children,tiktok,7337190466691009835,45,airway_obstruction
Q024,Foreign body airway obstruction in children,tiktok,7335536990768598314,46,airway_obstruction
Q024,Foreign body airway obstruction in children,tiktok,7337835690241084715,47,airway_obstruction
Q024,Foreign body airway obstruction in children,tiktok,7355104662233795886,48,airway_obstruction
Q024,Foreign body airway obstruction in children,tiktok,7691534893989383430,49,airway_obstruction
Q024,Foreign body airway obstruction in children,tiktok,7442251124633062686,50,airway_obstruction
Q024,Foreign body airway obstruction in children,tiktok,7336269787686882606,51,airway_obstruction
Q024,Foreign body airway obstruction in children,tiktok,7066618423358524718,52,airway_obstruction
Q024,Foreign body airway obstruction in children,tiktok,7161446683019152682,53,airway_obstruction
Q024,Foreign body airway obstruction in children,tiktok,7369788786957405482,54,airway_obstruction
Q024,Foreign body airway obstruction in children,tiktok,7638555779590524182,55,airway_obstruction
Q024,Foreign body airway obstruction in children,tiktok,7660524850619993362,56,airway_obstruction
Q024,Foreign body airway obstruction in children,tiktok,7166255997802073386,57,airway_obstruction
Q024,Foreign body airway obstruction in children,tiktok,7675054498858962198,58,airway_obstruction
Q024,Foreign body airway obstruction in children,tiktok,7587202686806691093,59,airway_obstruction
Q025,Foreign body airway obstruction in infants,youtube,p15mOSnMs6w,1,airway_obstruction
Q025,Foreign body airway obstruction in infants,youtube,4vPeTUp6Hy8,2,airway_obstruction
Q025,Foreign body airway obstruction in infants,youtube,AoDk2QlPJbY,3,airway_obstruction
Q025,Foreign body airway obstruction in infants,youtube,8U1XCYoMdHs,4,airway_obstruction
Q025,Foreign body airway obstruction in infants,youtube,3gy8YhYoO_M,5,airway_obstruction
Q025,Foreign body airway obstruction in infants,youtube,NpKJQzUcQWs,6,airway_obstruction
Q025,Foreign body airway obstruction in infants,youtube,FZO-I7BwJlg,7,airway_obstruction
Q025,Foreign body airway obstruction in infants,youtube,ePodw7L_mFM,8,airway_obstruction
Q025,Foreign body airway obstruction in infants,youtube,axqIju9CLKA,9,airway_obstruction
Q025,Foreign body airway obstruction in infants,youtube,sZqxauH7Ieg,10,airway_obstruction
Q025,Foreign body airway obstruction in infants,youtube,Dk8FVIRRXmY,11,airway_obstruction
Q025,Foreign body airway obstruction in infants,youtube,GymXjJJ7Ugo,12,airway_obstruction
Q025,Foreign body airway obstruction in infants,youtube,_K7Dwy6b2wQ,13,airway_obstruction
Q025,Foreign body airway obstruction in infants,youtube,Kiy3G8HYqS8,14,airway_obstruction
Q025,Foreign body airway obstruction in infants,youtube,ShaNuST_58A,15,airway_obstruction
Q025,Foreign body airway obstruction in infants,youtube,UpJpAUbEehI,16,airway_obstruction
Q025,Foreign body airway obstruction in infants,youtube,CAl7y3GAOBk,17,airway_obstruction
Q025,Foreign body airway obstruction in infants,youtube,EsIIZjbOex0,18,airway_obstruction
Q025,Foreign body airway obstruction in infants,youtube,vvREnnycsP0,19,airway_obstruction
Q025,Foreign body airway obstruction in infants,youtube,UV42JKxD4u4,20,airway_obstruction
Q025,Foreign body airway obstruction in infants,youtube,v3wJ_Bw8kcw,21,airway_obstruction
Q025,Foreign body airway obstruction in infants,youtube,_1Ov1JlPHyc,22,airway_obstruction
Q025,Foreign body airway obstruction in infants,youtube,s2T8v4RlXvA,23,airway_obstruction
Q025,Foreign body airway obstruction in infants,youtube,uORrCEyqowo,24,airway_obstruction
Q025,Foreign body airway obstruction in infants,youtube,HfjcgxHTVgw,25,airway_obstruction
Q025,Foreign body airway obstruction in infants,youtube,ZWuBZ8_Pkmg,26,airway_obstruction
Q025,Foreign body airway obstruction in infants,youtube,SAPOi1TLbAA,27,airway_obstruction
Q025,Foreign body airway obstruction in infants,youtube,tsjik2xpDQs,28,airway_obstruction
Q025,Foreign body airway obstruction in infants,youtube,fGwwIrSktIQ,29,airway_obstruction
Q025,Foreign body airway obstruction in infants,youtube,bvE34sEsaLY,30,airway_obstruction
Q025,Foreign body airway obstruction in infants,youtube,7Vn6hfUhg5s,31,airway_obstruction
Q025,Foreign body airway obstruction in infants,youtube,jrKrUpCE5qc,32,airway_obstruction
Q025,Foreign body airway obstruction in infants,youtube,xlS8eB3cMlo,33,airway_obstruction
Q025,Foreign body airway obstruction in infants,youtube,597zNNt6f5o,34,airway_obstruction
Q025,Foreign body airway obstruction in infants,youtube,TaRQGy5Ov4A,35,airway_obstruction
Q025,Foreign body airway obstruction in infants,youtube,Iyn42S7mHhQ,36,airway_obstruction
Q025,Foreign body airway obstruction in infants,youtube,7UK6zUIXIjQ,37,airway_obstruction
Q025,Foreign body airway obstruction in infants,youtube,rer5TA0Rll4,38,airway_obstruction
Q025,Foreign body airway obstruction in infants,youtube,DdP8qLnEByY,39,airway_obstruction
Q025,Foreign body airway obstruction in infants,youtube,PkHB6s-SAjg,40,airway_obstruction
Q025,Foreign body airway obstruction in infants,youtube,SSK3DL9hfck,41,airway_obstruction
Q025,Foreign body airway obstruction in infants,youtube,ry_ZNaAtJw8,42,airway_obstruction
Q025,Foreign body airway obstruction in infants,youtube,fDkvi48EmaY,43,airway_obstruction
Q025,Foreign body airway obstruction in infants,youtube,FsvrEuYQQ7c,44,airway_obstruction
Q025,Foreign body airway obstruction in infants,youtube,OdpSr2CTrrg,45,airway_obstruction
Q025,Foreign body airway obstruction in infants,youtube,Ek9L0rKMPJU,46,airway_obstruction
Q025,Foreign body airway obstruction in infants,youtube,p9XLVf4eSZ8,47,airway_obstruction
Q025,Foreign body airway obstruction in infants,youtube,tFltY_H9h8M,48,airway_obstruction
Q025,Foreign body airway obstruction in infants,youtube,0nHwnJ7NcE0,49,airway_obstruction
Q025,Foreign body airway obstruction in infants,youtube,mhaSoiode10,50,airway_obstruction
Q025,Foreign body airway obstruction in infants,tiktok,7660621143296052510,1,airway_obstruction
Q025,Foreign body airway obstruction in infants,tiktok,7160372618405694766,2,airway_obstruction
Q025,Foreign body airway obstruction in infants,tiktok,7279139371247308075,3,airway_obstruction
Q025,Foreign body airway obstruction in infants,tiktok,7672866275390967053,4,airway_obstruction
Q025,Foreign body airway obstruction in infants,tiktok,7329178979808611589,5,airway_obstruction
Q025,Foreign body airway obstruction in infants,tiktok,7204484699765411115,6,airway_obstruction
Q025,Foreign body airway obstruction in infants,tiktok,7588970030394543382,7,airway_obstruction
Q025,Foreign body airway obstruction in infants,tiktok,7660504145429892382,8,airway_obstruction
Q025,Foreign body airway obstruction in infants,tiktok,6959665878707211525,9,airway_obstruction
Q025,Foreign body airway obstruction in infants,tiktok,7475078507974921503,10,airway_obstruction
Q025,Foreign body airway obstruction in infants,tiktok,7253939649788251397,11,airway_obstruction
Q025,Foreign body airway obstruction in infants,tiktok,7309182095614561578,12,airway_obstruction
Q025,Foreign body airway obstruction in infants,tiktok,7023130144197922054,13,airway_obstruction
Q025,Foreign body airway obstruction in infants,tiktok,7665330988762828045,14,airway_obstruction
Q025,Foreign body airway obstruction in infants,tiktok,7096112608423562501,15,airway_obstruction
Q025,Foreign body airway obstruction in infants,tiktok,7654640925376875777,16,airway_obstruction
Q025,Foreign body airway obstruction in infants,tiktok,7664929275346210068,17,airway_obstruction
Q025,Foreign body airway obstruction in infants,tiktok,7658427984553970975,18,airway_obstruction
Q025,Foreign body airway obstruction in infants,tiktok,7600445872714943774,19,airway_obstruction
Q025,Foreign body airway obstruction in infants,tiktok,7502793731083423031,20,airway_obstruction
Q025,Foreign body airway obstruction in infants,tiktok,7587657783630220552,21,airway_obstruction
Q025,Foreign body airway obstruction in infants,tiktok,7452766212896853290,22,airway_obstruction
Q025,Foreign body airway obstruction in infants,tiktok,7646909727611292935,23,airway_obstruction
Q025,Foreign body airway obstruction in infants,tiktok,7654709363017288990,24,airway_obstruction
Q025,Foreign body airway obstruction in infants,tiktok,7440613663167286558,25,airway_obstruction
Q025,Foreign body airway obstruction in infants,tiktok,7414635730363780359,26,airway_obstruction
Q025,Foreign body airway obstruction in infants,tiktok,7632094388235029780,27,airway_obstruction
Q025,Foreign body airway obstruction in infants,tiktok,7652840979166186772,28,airway_obstruction
Q025,Foreign body airway obstruction in infants,tiktok,7572371716488367391,29,airway_obstruction
Q025,Foreign body airway obstruction in infants,tiktok,7641343182185205023,30,airway_obstruction
Q025,Foreign body airway obstruction in infants,tiktok,7413864705422331142,31,airway_obstruction
Q025,Foreign body airway obstruction in infants,tiktok,7673996892040170759,32,airway_obstruction
Q025,Foreign body airway obstruction in infants,tiktok,7208331763863670021,33,airway_obstruction
Q025,Foreign body airway obstruction in infants,tiktok,7582352863934876959,34,airway_obstruction
Q025,Foreign body airway obstruction in infants,tiktok,7669027261324021000,35,airway_obstruction
Q025,Foreign body airway obstruction in infants,tiktok,7691053719839902982,36,airway_obstruction
Q025,Foreign body airway obstruction in infants,tiktok,7598075321111334166,37,airway_obstruction
Q025,Foreign body airway obstruction in infants,tiktok,7651561286320262431,38,airway_obstruction
Q025,Foreign body airway obstruction in infants,tiktok,7628020656159935775,39,airway_obstruction
Q025,Foreign body airway obstruction in infants,tiktok,7146584262534270254,40,airway_obstruction
Q025,Foreign body airway obstruction in infants,tiktok,7690299673558486324,41,airway_obstruction
Q025,Foreign body airway obstruction in infants,tiktok,7442251124633062686,42,airway_obstruction
Q025,Foreign body airway obstruction in infants,tiktok,7595210038088633630,43,airway_obstruction
Q025,Foreign body airway obstruction in infants,tiktok,7691328605443427604,44,airway_obstruction
Q025,Foreign body airway obstruction in infants,tiktok,7636131059008146718,45,airway_obstruction
Q025,Foreign body airway obstruction in infants,tiktok,7161446683019152682,46,airway_obstruction
Q025,Foreign body airway obstruction in infants,tiktok,7358209024887754027,47,airway_obstruction
Q025,Foreign body airway obstruction in infants,tiktok,7372674280489831685,48,airway_obstruction
Q025,Foreign body airway obstruction in infants,tiktok,7512170394833521925,49,airway_obstruction
Q025,Foreign body airway obstruction in infants,tiktok,7624506718218685704,50,airway_obstruction
Q025,Foreign body airway obstruction in infants,tiktok,7594525226193489173,51,airway_obstruction
Q025,Foreign body airway obstruction in infants,tiktok,7122262028688887045,52,airway_obstruction
Q025,Foreign body airway obstruction in infants,tiktok,7673107851514023190,53,airway_obstruction
Q026,Pediatric chest compressions,youtube,n65HW1iJUuY,1,chest_compressions
Q026,Pediatric chest compressions,youtube,c7Q1s7ppSwc,2,chest_compressions
Q026,Pediatric chest compressions,youtube,4j329wUsl3s,3,chest_compressions
Q026,Pediatric chest compressions,youtube,YeDwkE9p52M,4,chest_compressions
Q026,Pediatric chest compressions,youtube,lXK7IjyhbL0,5,chest_compressions
Q026,Pediatric chest compressions,youtube,NFKBWMkNDRA,6,chest_compressions
Q026,Pediatric chest compressions,youtube,ql6Ob8gbVDw,7,chest_compressions
Q026,Pediatric chest compressions,youtube,0Ki7kam5mVM,8,chest_compressions
Q026,Pediatric chest compressions,youtube,vVZrbyo9jrA,9,chest_compressions
Q026,Pediatric chest compressions,youtube,avYRvVHAvfM,10,chest_compressions
Q026,Pediatric chest compressions,youtube,nAu9mehwiG4,11,chest_compressions
Q026,Pediatric chest compressions,youtube,57KAIkJ6aag,12,chest_compressions
Q026,Pediatric chest compressions,youtube,gJwXKFRxpqg,13,chest_compressions
Q026,Pediatric chest compressions,youtube,bt9re5ZDk_M,14,chest_compressions
Q026,Pediatric chest compressions,youtube,sVgwkPJ5OPE,15,chest_compressions
Q026,Pediatric chest compressions,youtube,22hHcU9nO-Y,16,chest_compressions
Q026,Pediatric chest compressions,youtube,2PngCv7NjaI,17,chest_compressions
Q026,Pediatric chest compressions,youtube,Lu0Uw7ixfRk,18,chest_compressions
Q026,Pediatric chest compressions,youtube,l5Nqlbovygg,19,chest_compressions
Q026,Pediatric chest compressions,youtube,afWuOg33_7o,20,chest_compressions
Q026,Pediatric chest compressions,youtube,3Y5sO2REU2o,21,chest_compressions
Q026,Pediatric chest compressions,youtube,ulJL3jFVKNs,22,chest_compressions
Q026,Pediatric chest compressions,youtube,-NodDRTsV88,23,chest_compressions
Q026,Pediatric chest compressions,youtube,DUaxt8OlT3o,24,chest_compressions
Q026,Pediatric chest compressions,youtube,hizBdM1Ob68,25,chest_compressions
Q026,Pediatric chest compressions,youtube,XJQF-qUWOLA,26,chest_compressions
Q026,Pediatric chest compressions,youtube,L5K4RfsVNKs,27,chest_compressions
Q026,Pediatric chest compressions,youtube,rCN5DU897r4,28,chest_compressions
Q026,Pediatric chest compressions,youtube,WqIJbT8cCI8,29,chest_compressions
Q026,Pediatric chest compressions,youtube,RwP5xqbqXTs,30,chest_compressions
Q026,Pediatric chest compressions,youtube,ItUoVJvhg7w,31,chest_compressions
Q026,Pediatric chest compressions,youtube,lDFN1bgdAqM,32,chest_compressions
Q026,Pediatric chest compressions,youtube,AYW8rf__60U,33,chest_compressions
Q026,Pediatric chest compressions,youtube,_K7Dwy6b2wQ,34,chest_compressions
Q026,Pediatric chest compressions,youtube,ksLwSIUljP4,35,chest_compressions
Q026,Pediatric chest compressions,youtube,4eOtcqKQ0K4,36,chest_compressions
Q026,Pediatric chest compressions,youtube,TgX7RG8RDow,37,chest_compressions
Q026,Pediatric chest compressions,youtube,0WhEtCygUJM,38,chest_compressions
Q026,Pediatric chest compressions,youtube,22r0TjoXcxI,39,chest_compressions
Q026,Pediatric chest compressions,youtube,6THKEJ_Ciag,40,chest_compressions
Q026,Pediatric chest compressions,youtube,TEcJqzaF_pQ,41,chest_compressions
Q026,Pediatric chest compressions,youtube,W4KjYC51B-c,42,chest_compressions
Q026,Pediatric chest compressions,youtube,ZlJtRckoNhs,43,chest_compressions
Q026,Pediatric chest compressions,youtube,MEqJKbfvric,44,chest_compressions
Q026,Pediatric chest compressions,youtube,sdJa8bzW6I4,45,chest_compressions
Q026,Pediatric chest compressions,youtube,9eVVxFVecVE,46,chest_compressions
Q026,Pediatric chest compressions,youtube,TF77qEDHbZs,47,chest_compressions
Q026,Pediatric chest compressions,youtube,Gqhkc9LzsGk,48,chest_compressions
Q026,Pediatric chest compressions,youtube,VPE8cvaxtgM,49,chest_compressions
Q026,Pediatric chest compressions,youtube,TsJ49Np3HS0,50,chest_compressions
Q026,Pediatric chest compressions,tiktok,7670576564555271455,1,chest_compressions
Q026,Pediatric chest compressions,tiktok,7606911350165523743,2,chest_compressions
Q026,Pediatric chest compressions,tiktok,7112963352313384238,3,chest_compressions
Q026,Pediatric chest compressions,tiktok,7566139997523348791,4,chest_compressions
Q026,Pediatric chest compressions,tiktok,7655855908408347934,5,chest_compressions
Q026,Pediatric chest compressions,tiktok,7345229591713287466,6,chest_compressions
Q026,Pediatric chest compressions,tiktok,7685866607582645535,7,chest_compressions
Q026,Pediatric chest compressions,tiktok,6861028866023099653,8,chest_compressions
Q026,Pediatric chest compressions,tiktok,7636459219046190357,9,chest_compressions
Q026,Pediatric chest compressions,tiktok,7616731059434179862,10,chest_compressions
Q026,Pediatric chest compressions,tiktok,7267696040835304705,11,chest_compressions
Q026,Pediatric chest compressions,tiktok,7691667740016332064,12,chest_compressions
Q026,Pediatric chest compressions,tiktok,7675179422265232671,13,chest_compressions
Q026,Pediatric chest compressions,tiktok,7597948119325691158,14,chest_compressions
Q026,Pediatric chest compressions,tiktok,6797845597597568262,15,chest_compressions
Q026,Pediatric chest compressions,tiktok,7399200000833539361,16,chest_compressions
Q026,Pediatric chest compressions,tiktok,7669157989886086431,17,chest_compressions
Q026,Pediatric chest compressions,tiktok,7453565992732724526,18,chest_compressions
Q026,Pediatric chest compressions,tiktok,7586043072253807886,19,chest_compressions
Q026,Pediatric chest compressions,tiktok,7237177562894503210,20,chest_compressions
Q026,Pediatric chest compressions,tiktok,7645796267246898462,21,chest_compressions
Q026,Pediatric chest compressions,tiktok,7687711394468236576,22,chest_compressions
Q026,Pediatric chest compressions,tiktok,7476828006095457582,23,chest_compressions
Q026,Pediatric chest compressions,tiktok,7611201713139141901,24,chest_compressions
Q026,Pediatric chest compressions,tiktok,7676771894879685910,25,chest_compressions
Q026,Pediatric chest compressions,tiktok,7686757553165831457,26,chest_compressions
Q026,Pediatric chest compressions,tiktok,7686580205489638688,27,chest_compressions
Q026,Pediatric chest compressions,tiktok,7592067978930212109,28,chest_compressions
Q026,Pediatric chest compressions,tiktok,7510728259491941663,29,chest_compressions
Q026,Pediatric chest compressions,tiktok,7652353596452850974,30,chest_compressions
Q026,Pediatric chest compressions,tiktok,7397113456467479814,31,chest_compressions
Q026,Pediatric chest compressions,tiktok,7575044299725737247,32,chest_compressions
Q026,Pediatric chest compressions,tiktok,7657232278510144781,33,chest_compressions
Q026,Pediatric chest compressions,tiktok,7617640400076999967,34,chest_compressions
Q026,Pediatric chest compressions,tiktok,7514722884326034710,35,chest_compressions
Q026,Pediatric chest compressions,tiktok,7673678518563179789,36,chest_compressions
Q026,Pediatric chest compressions,tiktok,7374927525799005470,37,chest_compressions
Q026,Pediatric chest compressions,tiktok,7227217690941738282,38,chest_compressions
Q026,Pediatric chest compressions,tiktok,7366600086383578374,39,chest_compressions
Q026,Pediatric chest compressions,tiktok,7625429362719952159,40,chest_compressions
Q026,Pediatric chest compressions,tiktok,7616767049569668368,41,chest_compressions
Q026,Pediatric chest compressions,tiktok,6962164607427431685,42,chest_compressions
Q026,Pediatric chest compressions,tiktok,7429709069289639210,43,chest_compressions
Q026,Pediatric chest compressions,tiktok,7629890596731112735,44,chest_compressions
Q026,Pediatric chest compressions,tiktok,6891404173523291397,45,chest_compressions
Q026,Pediatric chest compressions,tiktok,7523607574374092063,46,chest_compressions
Q026,Pediatric chest compressions,tiktok,7468000421269802272,47,chest_compressions
Q026,Pediatric chest compressions,tiktok,7064996389398465838,48,chest_compressions
Q026,Pediatric chest compressions,tiktok,7482760068304227627,49,chest_compressions
Q026,Pediatric chest compressions,tiktok,7677606495046913294,50,chest_compressions
Q026,Pediatric chest compressions,tiktok,7430898469901962539,51,chest_compressions
Q026,Pediatric chest compressions,tiktok,7513264944167619845,52,chest_compressions
Q026,Pediatric chest compressions,tiktok,7611896405568900382,53,chest_compressions
Q026,Pediatric chest compressions,tiktok,7684033817048272142,54,chest_compressions
Q026,Pediatric chest compressions,tiktok,7664579147242507538,55,chest_compressions
Q026,Pediatric chest compressions,tiktok,7573856082574069023,56,chest_compressions
Q027,Infant chest compressions,youtube,n65HW1iJUuY,1,chest_compressions
Q027,Infant chest compressions,youtube,YeDwkE9p52M,2,chest_compressions
Q027,Infant chest compressions,youtube,vVZrbyo9jrA,3,chest_compressions
Q027,Infant chest compressions,youtube,57KAIkJ6aag,4,chest_compressions
Q027,Infant chest compressions,youtube,cY5N8cks0Vw,5,chest_compressions
Q027,Infant chest compressions,youtube,XJQF-qUWOLA,6,chest_compressions
Q027,Infant chest compressions,youtube,bt9re5ZDk_M,7,chest_compressions
Q027,Infant chest compressions,youtube,c7Q1s7ppSwc,8,chest_compressions
Q027,Infant chest compressions,youtube,RwP5xqbqXTs,9,chest_compressions
Q027,Infant chest compressions,youtube,TF77qEDHbZs,10,chest_compressions
Q027,Infant chest compressions,youtube,ksLwSIUljP4,11,chest_compressions
Q027,Infant chest compressions,youtube,avYRvVHAvfM,12,chest_compressions
Q027,Infant chest compressions,youtube,NFKBWMkNDRA,13,chest_compressions
Q027,Infant chest compressions,youtube,22r0TjoXcxI,14,chest_compressions
Q027,Infant chest compressions,youtube,3Y5sO2REU2o,15,chest_compressions
Q027,Infant chest compressions,youtube,MEaPefB1GIM,16,chest_compressions
Q027,Infant chest compressions,youtube,afWuOg33_7o,17,chest_compressions
Q027,Infant chest compressions,youtube,lXK7IjyhbL0,18,chest_compressions
Q027,Infant chest compressions,youtube,WqIJbT8cCI8,19,chest_compressions
Q027,Infant chest compressions,youtube,ItUoVJvhg7w,20,chest_compressions
Q027,Infant chest compressions,youtube,UMhZz1HUJ_U,21,chest_compressions
Q027,Infant chest compressions,youtube,2PngCv7NjaI,22,chest_compressions
Q027,Infant chest compressions,youtube,TgX7RG8RDow,23,chest_compressions
Q027,Infant chest compressions,youtube,0Ki7kam5mVM,24,chest_compressions
Q027,Infant chest compressions,youtube,sdJa8bzW6I4,25,chest_compressions
Q027,Infant chest compressions,youtube,gvPGuS8Pwaw,26,chest_compressions
Q027,Infant chest compressions,youtube,nAu9mehwiG4,27,chest_compressions
Q027,Infant chest compressions,youtube,TEcJqzaF_pQ,28,chest_compressions
Q027,Infant chest compressions,youtube,l5Nqlbovygg,29,chest_compressions
Q027,Infant chest compressions,youtube,NF9oSpXt19c,30,chest_compressions
Q027,Infant chest compressions,youtube,i6HKA6yBCSk,31,chest_compressions
Q027,Infant chest compressions,youtube,22hHcU9nO-Y,32,chest_compressions
Q027,Infant chest compressions,youtube,9jiSjk7jlUQ,33,chest_compressions
Q027,Infant chest compressions,youtube,mJKQMbffcEs,34,chest_compressions
Q027,Infant chest compressions,youtube,KjKx3YPgli4,35,chest_compressions
Q027,Infant chest compressions,youtube,vvcLd4bKmCI,36,chest_compressions
Q027,Infant chest compressions,youtube,-NodDRTsV88,37,chest_compressions
Q027,Infant chest compressions,youtube,gHZdBY-CkGw,38,chest_compressions
Q027,Infant chest compressions,youtube,VPE8cvaxtgM,39,chest_compressions
Q027,Infant chest compressions,youtube,DUaxt8OlT3o,40,chest_compressions
Q027,Infant chest compressions,youtube,4j329wUsl3s,41,chest_compressions
Q027,Infant chest compressions,youtube,ZlJtRckoNhs,42,chest_compressions
Q027,Infant chest compressions,youtube,r8lQCwsaRtc,43,chest_compressions
Q027,Infant chest compressions,youtube,RLr6uW2DdFo,44,chest_compressions
Q027,Infant chest compressions,youtube,8admfjXAlJo,45,chest_compressions
Q027,Infant chest compressions,youtube,sVgwkPJ5OPE,46,chest_compressions
Q027,Infant chest compressions,youtube,EVQo_NECgko,47,chest_compressions
Q027,Infant chest compressions,youtube,TB25-_aBmKc,48,chest_compressions
Q027,Infant chest compressions,youtube,RGkBcjhDnP4,49,chest_compressions
Q027,Infant chest compressions,youtube,9eVVxFVecVE,50,chest_compressions
Q027,Infant chest compressions,tiktok,7606911350165523743,1,chest_compressions
Q027,Infant chest compressions,tiktok,7655855908408347934,2,chest_compressions
Q027,Infant chest compressions,tiktok,7592067978930212109,3,chest_compressions
Q027,Infant chest compressions,tiktok,7670576564555271455,4,chest_compressions
Q027,Infant chest compressions,tiktok,7145939399375588614,5,chest_compressions
Q027,Infant chest compressions,tiktok,7064996389398465838,6,chest_compressions
Q027,Infant chest compressions,tiktok,7656411784462568734,7,chest_compressions
Q027,Infant chest compressions,tiktok,7686691013217324318,8,chest_compressions
Q027,Infant chest compressions,tiktok,7597948119325691158,9,chest_compressions
Q027,Infant chest compressions,tiktok,7284755092123798785,10,chest_compressions
Q027,Infant chest compressions,tiktok,7686580205489638688,11,chest_compressions
Q027,Infant chest compressions,tiktok,7163665607253052715,12,chest_compressions
Q027,Infant chest compressions,tiktok,7586043072253807886,13,chest_compressions
Q027,Infant chest compressions,tiktok,7616731059434179862,14,chest_compressions
Q027,Infant chest compressions,tiktok,7655092194100989205,15,chest_compressions
Q027,Infant chest compressions,tiktok,7684287831396650254,16,chest_compressions
Q027,Infant chest compressions,tiktok,7429709069289639210,17,chest_compressions
Q027,Infant chest compressions,tiktok,7472072700396178710,18,chest_compressions
Q027,Infant chest compressions,tiktok,7566139997523348791,19,chest_compressions
Q027,Infant chest compressions,tiktok,7625070408131218702,20,chest_compressions
Q027,Infant chest compressions,tiktok,7586835123308465428,21,chest_compressions
Q027,Infant chest compressions,tiktok,7399200000833539361,22,chest_compressions
Q027,Infant chest compressions,tiktok,7267696040835304705,23,chest_compressions
Q027,Infant chest compressions,tiktok,7691667740016332064,24,chest_compressions
Q027,Infant chest compressions,tiktok,7366600086383578374,25,chest_compressions
Q027,Infant chest compressions,tiktok,7689081400439459102,26,chest_compressions
Q027,Infant chest compressions,tiktok,7666291462417517854,27,chest_compressions
Q027,Infant chest compressions,tiktok,7645796267246898462,28,chest_compressions
Q027,Infant chest compressions,tiktok,7595933102145309960,29,chest_compressions
Q027,Infant chest compressions,tiktok,7571805586627628295,30,chest_compressions
Q027,Infant chest compressions,tiktok,7628764344922197279,31,chest_compressions
Q027,Infant chest compressions,tiktok,7593417060898671880,32,chest_compressions
Q027,Infant chest compressions,tiktok,7642998558463053078,33,chest_compressions
Q027,Infant chest compressions,tiktok,7611336420287876372,34,chest_compressions
Q027,Infant chest compressions,tiktok,7615387560570817813,35,chest_compressions
Q027,Infant chest compressions,tiktok,7669195592479821063,36,chest_compressions
Q027,Infant chest compressions,tiktok,7519809657871895815,37,chest_compressions
Q027,Infant chest compressions,tiktok,7179737681528737067,38,chest_compressions
Q027,Infant chest compressions,tiktok,7625429362719952159,39,chest_compressions
Q027,Infant chest compressions,tiktok,7687711394468236576,40,chest_compressions
Q027,Infant chest compressions,tiktok,7668069518320618782,41,chest_compressions
Q027,Infant chest compressions,tiktok,7626233448495090974,42,chest_compressions
Q027,Infant chest compressions,tiktok,7665149677725093150,43,chest_compressions
Q027,Infant chest compressions,tiktok,7616407447925820692,44,chest_compressions
Q027,Infant chest compressions,tiktok,7619801850304335118,45,chest_compressions
Q027,Infant chest compressions,tiktok,7616554359245131039,46,chest_compressions
Q027,Infant chest compressions,tiktok,7083660882101718314,47,chest_compressions
Q027,Infant chest compressions,tiktok,7453565992732724526,48,chest_compressions
Q027,Infant chest compressions,tiktok,7621722743402171679,49,chest_compressions
Q027,Infant chest compressions,tiktok,7567214318735920397,50,chest_compressions
Q027,Infant chest compressions,tiktok,7681352790597192973,51,chest_compressions
Q027,Infant chest compressions,tiktok,7423740103685623073,52,chest_compressions
Q027,Infant chest compressions,tiktok,7128429062749539590,53,chest_compressions
Q027,Infant chest compressions,tiktok,7622810592306302229,54,chest_compressions
Q028,Pediatric AED,youtube,LBn3yostEco,1,aed
Q028,Pediatric AED,youtube,yp5gjJa2FxA,2,aed
Q028,Pediatric AED,youtube,zHe9TEn5sno,3,aed
Q028,Pediatric AED,youtube,cVWOh8ENx14,4,aed
Q028,Pediatric AED,youtube,2VxVQ2expR0,5,aed
Q028,Pediatric AED,youtube,2dP1WOa1jGY,6,aed
Q028,Pediatric AED,youtube,BvObLDRLCO0,7,aed
Q028,Pediatric AED,youtube,7ForFXe7Zjo,8,aed
Q028,Pediatric AED,youtube,eu2DwU_k5hg,9,aed
Q028,Pediatric AED,youtube,0Ki7kam5mVM,10,aed
Q028,Pediatric AED,youtube,G9n6vjK42DM,11,aed
Q028,Pediatric AED,youtube,dZaVfBh1s_k,12,aed
Q028,Pediatric AED,youtube,ckUvaQ-z4xA,13,aed
Q028,Pediatric AED,youtube,r_LyzA2NsGA,14,aed
Q028,Pediatric AED,youtube,grb_Oy-7NPA,15,aed
Q028,Pediatric AED,youtube,_i2-_67xcvw,16,aed
Q028,Pediatric AED,youtube,xoXZCDH2bIU,17,aed
Q028,Pediatric AED,youtube,o7Rcw4XtZBA,18,aed
Q028,Pediatric AED,youtube,bC1TZg0XP6A,19,aed
Q028,Pediatric AED,youtube,W4KjYC51B-c,20,aed
Q028,Pediatric AED,youtube,E_kcfCcSL3w,21,aed
Q028,Pediatric AED,youtube,iskHdH5Dsmc,22,aed
Q028,Pediatric AED,youtube,4eOtcqKQ0K4,23,aed
Q028,Pediatric AED,youtube,9uljx0mHExs,24,aed
Q028,Pediatric AED,youtube,57KAIkJ6aag,25,aed
Q028,Pediatric AED,youtube,kQY35Zjni9o,26,aed
Q028,Pediatric AED,youtube,oZMhUJ1bP7Q,27,aed
Q028,Pediatric AED,youtube,22hHcU9nO-Y,28,aed
Q028,Pediatric AED,youtube,8ZLGPzydXW4,29,aed
Q028,Pediatric AED,youtube,RmstnDebVpA,30,aed
Q028,Pediatric AED,youtube,in8j2Q2z3HE,31,aed
Q028,Pediatric AED,youtube,CB61zpgFjgI,32,aed
Q028,Pediatric AED,youtube,rCN5DU897r4,33,aed
Q028,Pediatric AED,youtube,0BVSEa0S8cs,34,aed
Q028,Pediatric AED,youtube,XpjFqZnklzY,35,aed
Q028,Pediatric AED,youtube,41kXJZdPDfs,36,aed
Q028,Pediatric AED,youtube,WondHtUo3Pc,37,aed
Q028,Pediatric AED,youtube,skVfeipcXps,38,aed
Q028,Pediatric AED,youtube,lXK7IjyhbL0,39,aed
Q028,Pediatric AED,youtube,h4CJCDE4TaE,40,aed
Q028,Pediatric AED,youtube,ulqtk6NqGNE,41,aed
Q028,Pediatric AED,youtube,9rHG19S-qUc,42,aed
Q028,Pediatric AED,youtube,sdJa8bzW6I4,43,aed
Q028,Pediatric AED,youtube,YAYzJlK3LTM,44,aed
Q028,Pediatric AED,youtube,c7Q1s7ppSwc,45,aed
Q028,Pediatric AED,youtube,kxCJmnvwQwI,46,aed
Q028,Pediatric AED,youtube,_IQqO_PU4U0,47,aed
Q028,Pediatric AED,youtube,3qt-mUDR1UM,48,aed
Q028,Pediatric AED,youtube,L6KLhYH11ng,49,aed
Q028,Pediatric AED,youtube,n65HW1iJUuY,50,aed
Q028,Pediatric AED,tiktok,7280536641662471467,1,aed
Q028,Pediatric AED,tiktok,7611460027664174357,2,aed
Q028,Pediatric AED,tiktok,7685558570800254238,3,aed
Q028,Pediatric AED,tiktok,7669954511103872286,4,aed
Q028,Pediatric AED,tiktok,7368940114988371246,5,aed
Q028,Pediatric AED,tiktok,7673037298006609169,6,aed
Q028,Pediatric AED,tiktok,7655676139091889421,7,aed
Q028,Pediatric AED,tiktok,7613269382193548575,8,aed
Q028,Pediatric AED,tiktok,7677626929507323166,9,aed
Q028,Pediatric AED,tiktok,7571805586627628295,10,aed
Q028,Pediatric AED,tiktok,7456634099755781418,11,aed
Q028,Pediatric AED,tiktok,7625077767578684702,12,aed
Q028,Pediatric AED,tiktok,7056665381607509294,13,aed
Q028,Pediatric AED,tiktok,6851304746544860421,14,aed
Q028,Pediatric AED,tiktok,7546397230442417422,15,aed
Q028,Pediatric AED,tiktok,7463300073233993002,16,aed
Q028,Pediatric AED,tiktok,7686530894085082399,17,aed
Q028,Pediatric AED,tiktok,7398195526266588446,18,aed
Q028,Pediatric AED,tiktok,7680636663168650527,19,aed
Q028,Pediatric AED,tiktok,7338470492241661227,20,aed
Q028,Pediatric AED,tiktok,7622772556415634702,21,aed
Q028,Pediatric AED,tiktok,7359570159591345413,22,aed
Q028,Pediatric AED,tiktok,7457641037717261614,23,aed
Q028,Pediatric AED,tiktok,7653248811686579469,24,aed
Q028,Pediatric AED,tiktok,7626581833626455309,25,aed
Q028,Pediatric AED,tiktok,7660328781785140494,26,aed
Q028,Pediatric AED,tiktok,7660529844899335454,27,aed
Q028,Pediatric AED,tiktok,7543011876565683470,28,aed
Q028,Pediatric AED,tiktok,7678994757514841366,29,aed
Q028,Pediatric AED,tiktok,7688712635864386847,30,aed
Q028,Pediatric AED,tiktok,7677955331267235102,31,aed
Q028,Pediatric AED,tiktok,7680632610598554911,32,aed
Q028,Pediatric AED,tiktok,7545091845102128397,33,aed
Q028,Pediatric AED,tiktok,7675181993507802399,34,aed
Q028,Pediatric AED,tiktok,7686540607149411614,35,aed
Q028,Pediatric AED,tiktok,7247933164486692142,36,aed
Q028,Pediatric AED,tiktok,7619451080136477983,37,aed
Q028,Pediatric AED,tiktok,7685893732930997535,38,aed
Q028,Pediatric AED,tiktok,7680573181958147342,39,aed
Q028,Pediatric AED,tiktok,7602064718072778014,40,aed
Q028,Pediatric AED,tiktok,7241591851726146858,41,aed
Q028,Pediatric AED,tiktok,7263152012924079403,42,aed
Q028,Pediatric AED,tiktok,7600110133246528798,43,aed
Q028,Pediatric AED,tiktok,7630516320508939542,44,aed
Q028,Pediatric AED,tiktok,7658852872305610002,45,aed
Q028,Pediatric AED,tiktok,7544371977432108319,46,aed
Q028,Pediatric AED,tiktok,7576792673307118879,47,aed
Q028,Pediatric AED,tiktok,7403475680819727659,48,aed
Q028,Pediatric AED,tiktok,7689172164397878558,49,aed
Q028,Pediatric AED,tiktok,7600500237332909343,50,aed
Q028,Pediatric AED,tiktok,7587582036051905847,51,aed
Q028,Pediatric AED,tiktok,7215696437215087914,52,aed
Q029,AED use in children,youtube,LBn3yostEco,1,aed
Q029,AED use in children,youtube,yp5gjJa2FxA,2,aed
Q029,AED use in children,youtube,zHe9TEn5sno,3,aed
Q029,AED use in children,youtube,eu2DwU_k5hg,4,aed
Q029,AED use in children,youtube,W4KjYC51B-c,5,aed
Q029,AED use in children,youtube,-cxlZzZGxCs,6,aed
Q029,AED use in children,youtube,2VxVQ2expR0,7,aed
Q029,AED use in children,youtube,-nOCSyKlu-Y,8,aed
Q029,AED use in children,youtube,grb_Oy-7NPA,9,aed
Q029,AED use in children,youtube,2dP1WOa1jGY,10,aed
Q029,AED use in children,youtube,sI-MpaMQsCU,11,aed
Q029,AED use in children,youtube,7RiQ0aoEhJc,12,aed
Q029,AED use in children,youtube,w5EtgCuKgx4,13,aed
Q029,AED use in children,youtube,G9n6vjK42DM,14,aed
Q029,AED use in children,youtube,-zNtIPRL8FQ,15,aed
Q029,AED use in children,youtube,C6uVLy_f4Xo,16,aed
Q029,AED use in children,youtube,Elij_f6Rqy8,17,aed
Q029,AED use in children,youtube,kQY35Zjni9o,18,aed
Q029,AED use in children,youtube,tFGR6QwtRYs,19,aed
Q029,AED use in children,youtube,xcwL4KfzaVQ,20,aed
Q029,AED use in children,youtube,r_LyzA2NsGA,21,aed
Q029,AED use in children,youtube,cx3b4aF-09g,22,aed
Q029,AED use in children,youtube,nPdTFLB1CFQ,23,aed
Q029,AED use in children,youtube,xtQLmy_zVcQ,24,aed
Q029,AED use in children,youtube,JMWm7gFJd3o,25,aed
Q029,AED use in children,youtube,GmFUi3Bhioo,26,aed
Q029,AED use in children,youtube,AQCxojC3884,27,aed
Q029,AED use in children,youtube,skVfeipcXps,28,aed
Q029,AED use in children,youtube,ckUvaQ-z4xA,29,aed
Q029,AED use in children,youtube,t0XsbZQWHkI,30,aed
Q029,AED use in children,youtube,9uljx0mHExs,31,aed
Q029,AED use in children,youtube,PPwarGTmNQg,32,aed
Q029,AED use in children,youtube,YWotKcD4wPc,33,aed
Q029,AED use in children,youtube,in8j2Q2z3HE,34,aed
Q029,AED use in children,youtube,UF5YEHsBu5g,35,aed
Q029,AED use in children,youtube,cDm9Aj5LTso,36,aed
Q029,AED use in children,youtube,xoXZCDH2bIU,37,aed
Q029,AED use in children,youtube,0q9YW-3QdpA,38,aed
Q029,AED use in children,youtube,LusETAfqPWI,39,aed
Q029,AED use in children,youtube,BvObLDRLCO0,40,aed
Q029,AED use in children,youtube,JgGGKQNT1Zg,41,aed
Q029,AED use in children,youtube,msRft-g-k_s,42,aed
Q029,AED use in children,youtube,4AnjF-bpedw,43,aed
Q029,AED use in children,youtube,C8MbQJ3fmKc,44,aed
Q029,AED use in children,youtube,EMv7fazyksk,45,aed
Q029,AED use in children,youtube,rCN5DU897r4,46,aed
Q029,AED use in children,youtube,0Ki7kam5mVM,47,aed
Q029,AED use in children,youtube,eI5CUl_qH_w,48,aed
Q029,AED use in children,youtube,SNSc4VrLEh8,49,aed
Q029,AED use in children,youtube,XI7qjadXPes,50,aed
Q029,AED use in children,tiktok,7611460027664174357,1,aed
Q029,AED use in children,tiktok,7280536641662471467,2,aed
Q029,AED use in children,tiktok,7456634099755781418,3,aed
Q029,AED use in children,tiktok,7669954511103872286,4,aed
Q029,AED use in children,tiktok,7670592276258622750,5,aed
Q029,AED use in children,tiktok,7653712796206566678,6,aed
Q029,AED use in children,tiktok,7625630437662149908,7,aed
Q029,AED use in children,tiktok,7668372969546140950,8,aed
Q029,AED use in children,tiktok,7615419793096641800,9,aed
Q029,AED use in children,tiktok,7689831574946221332,10,aed
Q029,AED use in children,tiktok,7613269382193548575,11,aed
Q029,AED use in children,tiktok,7618717999633108254,12,aed
Q029,AED use in children,tiktok,7571805586627628295,13,aed
Q029,AED use in children,tiktok,7630560204572265750,14,aed
Q029,AED use in children,tiktok,7688893131089005855,15,aed
Q029,AED use in children,tiktok,7463300073233993002,16,aed
Q029,AED use in children,tiktok,7361893070230539563,17,aed
Q029,AED use in children,tiktok,7230537432729439514,18,aed
Q029,AED use in children,tiktok,7566139997523348791,19,aed
Q029,AED use in children,tiktok,7675181993507802399,20,aed
Q029,AED use in children,tiktok,7253887098338594094,21,aed
Q029,AED use in children,tiktok,7586043072253807886,22,aed
Q029,AED use in children,tiktok,7630448737285917974,23,aed
Q029,AED use in children,tiktok,7546397230442417422,24,aed
Q029,AED use in children,tiktok,7224642874011520302,25,aed
Q029,AED use in children,tiktok,7368940114988371246,26,aed
Q029,AED use in children,tiktok,7618368081827515678,27,aed
Q029,AED use in children,tiktok,7673037298006609169,28,aed
Q029,AED use in children,tiktok,7677626929507323166,29,aed
Q029,AED use in children,tiktok,7538970937954241823,30,aed
Q029,AED use in children,tiktok,7678994757514841366,31,aed
Q029,AED use in children,tiktok,7398195526266588446,32,aed
Q029,AED use in children,tiktok,7686530894085082399,33,aed
Q029,AED use in children,tiktok,7262402108580859182,34,aed
Q029,AED use in children,tiktok,7226312101000744234,35,aed
Q029,AED use in children,tiktok,7535833193765752086,36,aed
Q029,AED use in children,tiktok,7626581833626455309,37,aed
Q029,AED use in children,tiktok,7548557258498608397,38,aed
Q029,AED use in children,tiktok,7247933164486692142,39,aed
Q029,AED use in children,tiktok,7185003542426684718,40,aed
Q029,AED use in children,tiktok,7688712635864386847,41,aed
Q029,AED use in children,tiktok,7544371977432108319,42,aed
Q029,AED use in children,tiktok,7518818501616733471,43,aed
Q029,AED use in children,tiktok,7190304325065903406,44,aed
Q029,AED use in children,tiktok,7634168324133358862,45,aed
Q029,AED use in children,tiktok,7241591851726146858,46,aed
Q029,AED use in children,tiktok,7338470492241661227,47,aed
Q029,AED use in children,tiktok,7680573181958147342,48,aed
Q029,AED use in children,tiktok,7443563241755938094,49,aed
Q029,AED use in children,tiktok,7403475680819727659,50,aed
Q029,AED use in children,tiktok,7215696437215087914,51,aed
Q029,AED use in children,tiktok,7671010703184071967,52,aed
Q029,AED use in children,tiktok,7660529844899335454,53,aed
Q029,AED use in children,tiktok,7239371429328817450,54,aed
Q029,AED use in children,tiktok,7630516320508939542,55,aed
Q029,AED use in children,tiktok,7610968560285863198,56,aed
Q029,AED use in children,tiktok,7594847716941860118,57,aed
Q029,AED use in children,tiktok,7311818881805503790,58,aed
Q029,AED use in children,tiktok,7662692528721808672,59,aed
Q029,AED use in children,tiktok,7594861232386002190,60,aed
Q030,Pediatric rescue breathing,youtube,Xu9WTPOCxwU,1,rescue_breathing
Q030,Pediatric rescue breathing,youtube,9BSmQiUZNaE,2,rescue_breathing
Q030,Pediatric rescue breathing,youtube,ZyF_wpZAylg,3,rescue_breathing
Q030,Pediatric rescue breathing,youtube,WT83B5dJk00,4,rescue_breathing
Q030,Pediatric rescue breathing,youtube,OAb-reiq16w,5,rescue_breathing
Q030,Pediatric rescue breathing,youtube,A3jYQRrAiHU,6,rescue_breathing
Q030,Pediatric rescue breathing,youtube,rfdyry5uumY,7,rescue_breathing
Q030,Pediatric rescue breathing,youtube,yBFd6lObvIU,8,rescue_breathing
Q030,Pediatric rescue breathing,youtube,aw7NlkyYbWE,9,rescue_breathing
Q030,Pediatric rescue breathing,youtube,c7Q1s7ppSwc,10,rescue_breathing
Q030,Pediatric rescue breathing,youtube,cY5N8cks0Vw,11,rescue_breathing
Q030,Pediatric rescue breathing,youtube,YeDwkE9p52M,12,rescue_breathing
Q030,Pediatric rescue breathing,youtube,Zh44OeEMay0,13,rescue_breathing
Q030,Pediatric rescue breathing,youtube,Lu0Uw7ixfRk,14,rescue_breathing
Q030,Pediatric rescue breathing,youtube,hFHIg4kePYQ,15,rescue_breathing
Q030,Pediatric rescue breathing,youtube,0U5jTQuxYKk,16,rescue_breathing
Q030,Pediatric rescue breathing,youtube,avYRvVHAvfM,17,rescue_breathing
Q030,Pediatric rescue breathing,youtube,-NodDRTsV88,18,rescue_breathing
Q030,Pediatric rescue breathing,youtube,ksLwSIUljP4,19,rescue_breathing
Q030,Pediatric rescue breathing,youtube,u7VpsAOEzzU,20,rescue_breathing
Q030,Pediatric rescue breathing,youtube,afWuOg33_7o,21,rescue_breathing
Q030,Pediatric rescue breathing,youtube,_dHlpsz-hhA,22,rescue_breathing
Q030,Pediatric rescue breathing,youtube,_K7Dwy6b2wQ,23,rescue_breathing
Q030,Pediatric rescue breathing,youtube,gJwXKFRxpqg,24,rescue_breathing
Q030,Pediatric rescue breathing,youtube,zTMiHTl4Axc,25,rescue_breathing
Q030,Pediatric rescue breathing,youtube,UvenXEHUfEQ,26,rescue_breathing
Q030,Pediatric rescue breathing,youtube,dfE6ixuRfjQ,27,rescue_breathing
Q030,Pediatric rescue breathing,youtube,pwFQgTqrtuc,28,rescue_breathing
Q030,Pediatric rescue breathing,youtube,UquZ0ePjowM,29,rescue_breathing
Q030,Pediatric rescue breathing,youtube,Z_WFBrtg0V0,30,rescue_breathing
Q030,Pediatric rescue breathing,youtube,0aV9NS0ogiM,31,rescue_breathing
Q030,Pediatric rescue breathing,youtube,H2Dt-E4CHeM,32,rescue_breathing
Q030,Pediatric rescue breathing,youtube,NFKBWMkNDRA,33,rescue_breathing
Q030,Pediatric rescue breathing,youtube,xoXZCDH2bIU,34,rescue_breathing
Q030,Pediatric rescue breathing,youtube,BUhUiPeEX-8,35,rescue_breathing
Q030,Pediatric rescue breathing,youtube,MHucPo-DBgc,36,rescue_breathing
Q030,Pediatric rescue breathing,youtube,wUJ-BIEY7H0,37,rescue_breathing
Q030,Pediatric rescue breathing,youtube,GUPwhWvO6kw,38,rescue_breathing
Q030,Pediatric rescue breathing,youtube,r_oNepLEdk4,39,rescue_breathing
Q030,Pediatric rescue breathing,youtube,F6gDA6TaAnE,40,rescue_breathing
Q030,Pediatric rescue breathing,youtube,Y9mFYcHTouA,41,rescue_breathing
Q030,Pediatric rescue breathing,youtube,ShaNuST_58A,42,rescue_breathing
Q030,Pediatric rescue breathing,youtube,_Qo_Pnr-L-g,43,rescue_breathing
Q030,Pediatric rescue breathing,youtube,mIjb9GR1hW4,44,rescue_breathing
Q030,Pediatric rescue breathing,youtube,ulJL3jFVKNs,45,rescue_breathing
Q030,Pediatric rescue breathing,youtube,5xiW4VPZU7g,46,rescue_breathing
Q030,Pediatric rescue breathing,youtube,-J0GswG0XaY,47,rescue_breathing
Q030,Pediatric rescue breathing,youtube,MEaPefB1GIM,48,rescue_breathing
Q030,Pediatric rescue breathing,youtube,loWG7nCIuMA,49,rescue_breathing
Q030,Pediatric rescue breathing,youtube,4j329wUsl3s,50,rescue_breathing
Q030,Pediatric rescue breathing,tiktok,7579779285653785887,1,rescue_breathing
Q030,Pediatric rescue breathing,tiktok,7638602075659701525,2,rescue_breathing
Q030,Pediatric rescue breathing,tiktok,7640027288423189780,3,rescue_breathing
Q030,Pediatric rescue breathing,tiktok,7583046319250427191,4,rescue_breathing
Q030,Pediatric rescue breathing,tiktok,7175932821939178795,5,rescue_breathing
Q030,Pediatric rescue breathing,tiktok,7237095281710435590,6,rescue_breathing
Q030,Pediatric rescue breathing,tiktok,7358409475272789265,7,rescue_breathing
Q030,Pediatric rescue breathing,tiktok,7587892505786453303,8,rescue_breathing
Q030,Pediatric rescue breathing,tiktok,6988456890296470786,9,rescue_breathing
Q030,Pediatric rescue breathing,tiktok,7436568313603362079,10,rescue_breathing
Q030,Pediatric rescue breathing,tiktok,7136637792460786950,11,rescue_breathing
Q030,Pediatric rescue breathing,tiktok,7656989927757876510,12,rescue_breathing
Q030,Pediatric rescue breathing,tiktok,7618300269524274454,13,rescue_breathing
Q030,Pediatric rescue breathing,tiktok,7630448737285917974,14,rescue_breathing
Q030,Pediatric rescue breathing,tiktok,7113999929042914606,15,rescue_breathing
Q030,Pediatric rescue breathing,tiktok,7657882656910150942,16,rescue_breathing
Q030,Pediatric rescue breathing,tiktok,7615748398527859998,17,rescue_breathing
Q030,Pediatric rescue breathing,tiktok,7488353448304315703,18,rescue_breathing
Q030,Pediatric rescue breathing,tiktok,7595184468009291030,19,rescue_breathing
Q030,Pediatric rescue breathing,tiktok,7441270243101576470,20,rescue_breathing
Q030,Pediatric rescue breathing,tiktok,7664910536169114910,21,rescue_breathing
Q030,Pediatric rescue breathing,tiktok,7606809396059983134,22,rescue_breathing
Q030,Pediatric rescue breathing,tiktok,7677539867718389006,23,rescue_breathing
Q030,Pediatric rescue breathing,tiktok,7654940574251830541,24,rescue_breathing
Q030,Pediatric rescue breathing,tiktok,7265315674032016682,25,rescue_breathing
Q030,Pediatric rescue breathing,tiktok,7684043712975867150,26,rescue_breathing
Q030,Pediatric rescue breathing,tiktok,7659820826224610582,27,rescue_breathing
Q030,Pediatric rescue breathing,tiktok,7576710840448011534,28,rescue_breathing
Q030,Pediatric rescue breathing,tiktok,7644035299558952222,29,rescue_breathing
Q030,Pediatric rescue breathing,tiktok,7569242833413000470,30,rescue_breathing
Q030,Pediatric rescue breathing,tiktok,7623516155025706262,31,rescue_breathing
Q030,Pediatric rescue breathing,tiktok,7431682786093731103,32,rescue_breathing
Q030,Pediatric rescue breathing,tiktok,7684749425826106637,33,rescue_breathing
Q030,Pediatric rescue breathing,tiktok,7687734126895533320,34,rescue_breathing
Q030,Pediatric rescue breathing,tiktok,7666008255100980498,35,rescue_breathing
Q030,Pediatric rescue breathing,tiktok,7433776926801628459,36,rescue_breathing
Q030,Pediatric rescue breathing,tiktok,7471203603114429739,37,rescue_breathing
Q030,Pediatric rescue breathing,tiktok,7674628436274580749,38,rescue_breathing
Q030,Pediatric rescue breathing,tiktok,7659840617194867981,39,rescue_breathing
Q030,Pediatric rescue breathing,tiktok,7584900124359298334,40,rescue_breathing
Q030,Pediatric rescue breathing,tiktok,7657734369196379414,41,rescue_breathing
Q030,Pediatric rescue breathing,tiktok,7652574557483568397,42,rescue_breathing
Q030,Pediatric rescue breathing,tiktok,7672922988135730463,43,rescue_breathing
Q030,Pediatric rescue breathing,tiktok,7253214417779789102,44,rescue_breathing
Q030,Pediatric rescue breathing,tiktok,7690961142398651668,45,rescue_breathing
Q030,Pediatric rescue breathing,tiktok,7690645444887694612,46,rescue_breathing
Q030,Pediatric rescue breathing,tiktok,7654709363017288990,47,rescue_breathing
Q030,Pediatric rescue breathing,tiktok,7393236991564844304,48,rescue_breathing
Q030,Pediatric rescue breathing,tiktok,7674090921482308882,49,rescue_breathing
Q030,Pediatric rescue breathing,tiktok,7394956660395101456,50,rescue_breathing
Q030,Pediatric rescue breathing,tiktok,7646511839769136398,51,rescue_breathing
Q030,Pediatric rescue breathing,tiktok,7689615643334692118,52,rescue_breathing
Q030,Pediatric rescue breathing,tiktok,7402071104329682177,53,rescue_breathing
Q030,Pediatric rescue breathing,tiktok,7506921974099168534,54,rescue_breathing
Q030,Pediatric rescue breathing,tiktok,7566778393732074760,55,rescue_breathing
Q030,Pediatric rescue breathing,tiktok,7664463234547649806,56,rescue_breathing
Q030,Pediatric rescue breathing,tiktok,7685429277684239646,57,rescue_breathing
Q031,Rescue breathing for infants,youtube,ZyF_wpZAylg,1,rescue_breathing
Q031,Rescue breathing for infants,youtube,WT83B5dJk00,2,rescue_breathing
Q031,Rescue breathing for infants,youtube,A3jYQRrAiHU,3,rescue_breathing
Q031,Rescue breathing for infants,youtube,Xu9WTPOCxwU,4,rescue_breathing
Q031,Rescue breathing for infants,youtube,YeDwkE9p52M,5,rescue_breathing
Q031,Rescue breathing for infants,youtube,OAb-reiq16w,6,rescue_breathing
Q031,Rescue breathing for infants,youtube,cY5N8cks0Vw,7,rescue_breathing
Q031,Rescue breathing for infants,youtube,Z_WFBrtg0V0,8,rescue_breathing
Q031,Rescue breathing for infants,youtube,5hxGkl_o-dQ,9,rescue_breathing
Q031,Rescue breathing for infants,youtube,rfdyry5uumY,10,rescue_breathing
Q031,Rescue breathing for infants,youtube,9BSmQiUZNaE,11,rescue_breathing
Q031,Rescue breathing for infants,youtube,ksLwSIUljP4,12,rescue_breathing
Q031,Rescue breathing for infants,youtube,pDV-wDxuoBE,13,rescue_breathing
Q031,Rescue breathing for infants,youtube,ePodw7L_mFM,14,rescue_breathing
Q031,Rescue breathing for infants,youtube,gJwXKFRxpqg,15,rescue_breathing
Q031,Rescue breathing for infants,youtube,4j329wUsl3s,16,rescue_breathing
Q031,Rescue breathing for infants,youtube,_dHlpsz-hhA,17,rescue_breathing
Q031,Rescue breathing for infants,youtube,UquZ0ePjowM,18,rescue_breathing
Q031,Rescue breathing for infants,youtube,_K7Dwy6b2wQ,19,rescue_breathing
Q031,Rescue breathing for infants,youtube,c7Q1s7ppSwc,20,rescue_breathing
Q031,Rescue breathing for infants,youtube,5xiW4VPZU7g,21,rescue_breathing
Q031,Rescue breathing for infants,youtube,Zh44OeEMay0,22,rescue_breathing
Q031,Rescue breathing for infants,youtube,XJQF-qUWOLA,23,rescue_breathing
Q031,Rescue breathing for infants,youtube,VRCue1TkCIw,24,rescue_breathing
Q031,Rescue breathing for infants,youtube,MEaPefB1GIM,25,rescue_breathing
Q031,Rescue breathing for infants,youtube,afWuOg33_7o,26,rescue_breathing
Q031,Rescue breathing for infants,youtube,r_oNepLEdk4,27,rescue_breathing
Q031,Rescue breathing for infants,youtube,u7VpsAOEzzU,28,rescue_breathing
Q031,Rescue breathing for infants,youtube,pwFQgTqrtuc,29,rescue_breathing
Q031,Rescue breathing for infants,youtube,yBFd6lObvIU,30,rescue_breathing
Q031,Rescue breathing for infants,youtube,lXK7IjyhbL0,31,rescue_breathing
Q031,Rescue breathing for infants,youtube,-NodDRTsV88,32,rescue_breathing
Q031,Rescue breathing for infants,youtube,NF9oSpXt19c,33,rescue_breathing
Q031,Rescue breathing for infants,youtube,bt9re5ZDk_M,34,rescue_breathing
Q031,Rescue breathing for infants,youtube,AYW8rf__60U,35,rescue_breathing
Q031,Rescue breathing for infants,youtube,TEcJqzaF_pQ,36,rescue_breathing
Q031,Rescue breathing for infants,youtube,loWG7nCIuMA,37,rescue_breathing
Q031,Rescue breathing for infants,youtube,Lu0Uw7ixfRk,38,rescue_breathing
Q031,Rescue breathing for infants,youtube,RLr6uW2DdFo,39,rescue_breathing
Q031,Rescue breathing for infants,youtube,BUhUiPeEX-8,40,rescue_breathing
Q031,Rescue breathing for infants,youtube,ShaNuST_58A,41,rescue_breathing
Q031,Rescue breathing for infants,youtube,VPE8cvaxtgM,42,rescue_breathing
Q031,Rescue breathing for infants,youtube,Zt-9sE577V4,43,rescue_breathing
Q031,Rescue breathing for infants,youtube,axqIju9CLKA,44,rescue_breathing
Q031,Rescue breathing for infants,youtube,aks4waFy5yU,45,rescue_breathing
Q031,Rescue breathing for infants,youtube,djzdaM--Mu8,46,rescue_breathing
Q031,Rescue breathing for infants,youtube,s9UH7i9eWyk,47,rescue_breathing
Q031,Rescue breathing for infants,youtube,IodU3vZ6eok,48,rescue_breathing
Q031,Rescue breathing for infants,youtube,v1YrU55ACbE,49,rescue_breathing
Q031,Rescue breathing for infants,youtube,oswDpwzbAV8,50,rescue_breathing
Q031,Rescue breathing for infants,tiktok,7358409475272789265,1,rescue_breathing
Q031,Rescue breathing for infants,tiktok,7603153715561860383,2,rescue_breathing
Q031,Rescue breathing for infants,tiktok,7640027288423189780,3,rescue_breathing
Q031,Rescue breathing for infants,tiktok,7421221843379686702,4,rescue_breathing
Q031,Rescue breathing for infants,tiktok,7113999929042914606,5,rescue_breathing
Q031,Rescue breathing for infants,tiktok,7606809396059983134,6,rescue_breathing
Q031,Rescue breathing for infants,tiktok,7647520912190934280,7,rescue_breathing
Q031,Rescue breathing for infants,tiktok,7642662599552797983,8,rescue_breathing
Q031,Rescue breathing for infants,tiktok,7583046319250427191,9,rescue_breathing
Q031,Rescue breathing for infants,tiktok,7657734369196379414,10,rescue_breathing
Q031,Rescue breathing for infants,tiktok,7664269143864069379,11,rescue_breathing
Q031,Rescue breathing for infants,tiktok,7347784605988113710,12,rescue_breathing
Q031,Rescue breathing for infants,tiktok,7686757553165831457,13,rescue_breathing
Q031,Rescue breathing for infants,tiktok,7658048900015705366,14,rescue_breathing
Q031,Rescue breathing for infants,tiktok,7619801850304335118,15,rescue_breathing
Q031,Rescue breathing for infants,tiktok,6988456890296470786,16,rescue_breathing
Q031,Rescue breathing for infants,tiktok,7471203603114429739,17,rescue_breathing
Q031,Rescue breathing for infants,tiktok,7677539867718389006,18,rescue_breathing
Q031,Rescue breathing for infants,tiktok,7602318339448278286,19,rescue_breathing
Q031,Rescue breathing for infants,tiktok,7573490148810263839,20,rescue_breathing
Q031,Rescue breathing for infants,tiktok,7402071104329682177,21,rescue_breathing
Q031,Rescue breathing for infants,tiktok,7599450086157896991,22,rescue_breathing
Q031,Rescue breathing for infants,tiktok,7265315674032016682,23,rescue_breathing
Q031,Rescue breathing for infants,tiktok,7682058577867033877,24,rescue_breathing
Q031,Rescue breathing for infants,tiktok,7664910536169114910,25,rescue_breathing
Q031,Rescue breathing for infants,tiktok,7614174440372342047,26,rescue_breathing
Q031,Rescue breathing for infants,tiktok,7659820826224610582,27,rescue_breathing
Q031,Rescue breathing for infants,tiktok,7394956660395101456,28,rescue_breathing
Q031,Rescue breathing for infants,tiktok,7393236991564844304,29,rescue_breathing
Q031,Rescue breathing for infants,tiktok,7237095281710435590,30,rescue_breathing
Q031,Rescue breathing for infants,tiktok,7590114255874084118,31,rescue_breathing
Q031,Rescue breathing for infants,tiktok,7195064635303808257,32,rescue_breathing
Q031,Rescue breathing for infants,tiktok,7690972382927916318,33,rescue_breathing
Q031,Rescue breathing for infants,tiktok,7602689701161553182,34,rescue_breathing
Q031,Rescue breathing for infants,tiktok,7539517940350127391,35,rescue_breathing
Q031,Rescue breathing for infants,tiktok,7567107472679374094,36,rescue_breathing
Q031,Rescue breathing for infants,tiktok,7584900124359298334,37,rescue_breathing
Q031,Rescue breathing for infants,tiktok,7335166257714449697,38,rescue_breathing
Q031,Rescue breathing for infants,tiktok,7570899763919359262,39,rescue_breathing
Q031,Rescue breathing for infants,tiktok,7594962825198505238,40,rescue_breathing
Q031,Rescue breathing for infants,tiktok,7426090181498850602,41,rescue_breathing
Q031,Rescue breathing for infants,tiktok,7559231646625533215,42,rescue_breathing
Q031,Rescue breathing for infants,tiktok,7472056696819600686,43,rescue_breathing
Q031,Rescue breathing for infants,tiktok,7608240131547385119,44,rescue_breathing
Q031,Rescue breathing for infants,tiktok,7529308694341799199,45,rescue_breathing
Q031,Rescue breathing for infants,tiktok,7682495962564136206,46,rescue_breathing
Q031,Rescue breathing for infants,tiktok,7556225726005972246,47,rescue_breathing
Q031,Rescue breathing for infants,tiktok,7535117659013254413,48,rescue_breathing
Q031,Rescue breathing for infants,tiktok,7616554359245131039,49,rescue_breathing
Q031,Rescue breathing for infants,tiktok,7518064029051505927,50,rescue_breathing
Q031,Rescue breathing for infants,tiktok,7586065435611729174,51,rescue_breathing
Q031,Rescue breathing for infants,tiktok,7674754448870165774,52,rescue_breathing
Q031,Rescue breathing for infants,tiktok,7567214318735920397,53,rescue_breathing
Q031,Rescue breathing for infants,tiktok,7687734126895533320,54,rescue_breathing
Q031,Rescue breathing for infants,tiktok,7522460917867482423,55,rescue_breathing
Q031,Rescue breathing for infants,tiktok,7579240657198517527,56,rescue_breathing
Q031,Rescue breathing for infants,tiktok,7621215612202929428,57,rescue_breathing
Q031,Rescue breathing for infants,tiktok,6971524402865294598,58,rescue_breathing
Q031,Rescue breathing for infants,tiktok,7574978727415794974,59,rescue_breathing
Q031,Rescue breathing for infants,tiktok,7467507910872927510,60,rescue_breathing
Q032,Pediatric CPR and choking management,youtube,n65HW1iJUuY,1,combined
Q032,Pediatric CPR and choking management,youtube,0Ki7kam5mVM,2,combined
Q032,Pediatric CPR and choking management,youtube,4j329wUsl3s,3,combined
Q032,Pediatric CPR and choking management,youtube,_K7Dwy6b2wQ,4,combined
Q032,Pediatric CPR and choking management,youtube,YeDwkE9p52M,5,combined
Q032,Pediatric CPR and choking management,youtube,c7Q1s7ppSwc,6,combined
Q032,Pediatric CPR and choking management,youtube,axqIju9CLKA,7,combined
Q032,Pediatric CPR and choking management,youtube,ShaNuST_58A,8,combined
Q032,Pediatric CPR and choking management,youtube,avYRvVHAvfM,9,combined
Q032,Pediatric CPR and choking management,youtube,597zNNt6f5o,10,combined
Q032,Pediatric CPR and choking management,youtube,h_vSEviFXIo,11,combined
Q032,Pediatric CPR and choking management,youtube,ePodw7L_mFM,12,combined
Q032,Pediatric CPR and choking management,youtube,NF9oSpXt19c,13,combined
Q032,Pediatric CPR and choking management,youtube,GymXjJJ7Ugo,14,combined
Q032,Pediatric CPR and choking management,youtube,I3pvuYMcPg4,15,combined
Q032,Pediatric CPR and choking management,youtube,iv5g4NTVuVw,16,combined
Q032,Pediatric CPR and choking management,youtube,D9BJL5qgPsc,17,combined
Q032,Pediatric CPR and choking management,youtube,SDOmUywwjeA,18,combined
Q032,Pediatric CPR and choking management,youtube,TDrxN-rCi38,19,combined
Q032,Pediatric CPR and choking management,youtube,v29fLb7x810,20,combined
Q032,Pediatric CPR and choking management,youtube,ZPjwpv6xUj8,21,combined
Q032,Pediatric CPR and choking management,youtube,oswDpwzbAV8,22,combined
Q032,Pediatric CPR and choking management,youtube,bEwxa0GpR6E,23,combined
Q032,Pediatric CPR and choking management,youtube,tsjik2xpDQs,24,combined
Q032,Pediatric CPR and choking management,youtube,653Z4Tcc_pQ,25,combined
Q032,Pediatric CPR and choking management,youtube,WxsQBvr7K7E,26,combined
Q032,Pediatric CPR and choking management,youtube,xoXZCDH2bIU,27,combined
Q032,Pediatric CPR and choking management,youtube,41kXJZdPDfs,28,combined
Q032,Pediatric CPR and choking management,youtube,Zo2EHbXbMB8,29,combined
Q032,Pediatric CPR and choking management,youtube,5KNYlVY0RUs,30,combined
Q032,Pediatric CPR and choking management,youtube,zKBTpUFGlbs,31,combined
Q032,Pediatric CPR and choking management,youtube,CnbjPFwkiTQ,32,combined
Q032,Pediatric CPR and choking management,youtube,WqIJbT8cCI8,33,combined
Q032,Pediatric CPR and choking management,youtube,_SsWrgyWCn4,34,combined
Q032,Pediatric CPR and choking management,youtube,EVQo_NECgko,35,combined
Q032,Pediatric CPR and choking management,youtube,0aV9NS0ogiM,36,combined
Q032,Pediatric CPR and choking management,youtube,r-ibJ29bpH8,37,combined
Q032,Pediatric CPR and choking management,youtube,gfUd19Ibp9I,38,combined
Q032,Pediatric CPR and choking management,youtube,RViR5U-reDA,39,combined
Q032,Pediatric CPR and choking management,youtube,lv_xJldarp0,40,combined
Q032,Pediatric CPR and choking management,youtube,Z_rjGZffNAc,41,combined
Q032,Pediatric CPR and choking management,youtube,BUhUiPeEX-8,42,combined
Q032,Pediatric CPR and choking management,youtube,XOTbjDGZ7wg,43,combined
Q032,Pediatric CPR and choking management,youtube,Yzo4qJrMLqs,44,combined
Q032,Pediatric CPR and choking management,youtube,aoLzcnvQpQA,45,combined
Q032,Pediatric CPR and choking management,youtube,fN_jrMrPLpY,46,combined
Q032,Pediatric CPR and choking management,youtube,3R_H1jNbkP4,47,combined
Q032,Pediatric CPR and choking management,youtube,-NodDRTsV88,48,combined
Q032,Pediatric CPR and choking management,youtube,FtBq1Rn5rZE,49,combined
Q032,Pediatric CPR and choking management,youtube,MX4d_g2uBY4,50,combined
Q032,Pediatric CPR and choking management,tiktok,7606557697957235999,1,combined
Q032,Pediatric CPR and choking management,tiktok,7648412278710144286,2,combined
Q032,Pediatric CPR and choking management,tiktok,7688859009708756254,3,combined
Q032,Pediatric CPR and choking management,tiktok,7624231031712894216,4,combined
Q032,Pediatric CPR and choking management,tiktok,7635819971494284558,5,combined
Q032,Pediatric CPR and choking management,tiktok,7673118113772178719,6,combined
Q032,Pediatric CPR and choking management,tiktok,7691151172912139550,7,combined
Q032,Pediatric CPR and choking management,tiktok,7579321654485028109,8,combined
Q032,Pediatric CPR and choking management,tiktok,7690972382927916318,9,combined
Q032,Pediatric CPR and choking management,tiktok,7665661153405701407,10,combined
Q032,Pediatric CPR and choking management,tiktok,7685866607582645535,11,combined
Q032,Pediatric CPR and choking management,tiktok,7654117097659698462,12,combined
Q032,Pediatric CPR and choking management,tiktok,7685558570800254238,13,combined
Q032,Pediatric CPR and choking management,tiktok,7690669659409976607,14,combined
Q032,Pediatric CPR and choking management,tiktok,7690574786556153119,15,combined
Q032,Pediatric CPR and choking management,tiktok,7631173118802906381,16,combined
Q032,Pediatric CPR and choking management,tiktok,7569005520489631031,17,combined
Q032,Pediatric CPR and choking management,tiktok,7640247660418469150,18,combined
Q032,Pediatric CPR and choking management,tiktok,7691512776367410462,19,combined
Q032,Pediatric CPR and choking management,tiktok,7690972768153701638,20,combined
Q032,Pediatric CPR and choking management,tiktok,7690057526661991693,21,combined
Q032,Pediatric CPR and choking management,tiktok,7668713175470050574,22,combined
Q032,Pediatric CPR and choking management,tiktok,7690235524019129614,23,combined
Q032,Pediatric CPR and choking management,tiktok,7628764344922197279,24,combined
Q032,Pediatric CPR and choking management,tiktok,7649340815004683550,25,combined
Q032,Pediatric CPR and choking management,tiktok,7579844322045005070,26,combined
Q032,Pediatric CPR and choking management,tiktok,7646738442428239135,27,combined
Q032,Pediatric CPR and choking management,tiktok,7637506304692555022,28,combined
Q032,Pediatric CPR and choking management,tiktok,7233233038153387265,29,combined
Q032,Pediatric CPR and choking management,tiktok,7583056475120028942,30,combined
Q032,Pediatric CPR and choking management,tiktok,7311909126169300229,31,combined
Q032,Pediatric CPR and choking management,tiktok,7674986452685442324,32,combined
Q032,Pediatric CPR and choking management,tiktok,7184875167019978030,33,combined
Q032,Pediatric CPR and choking management,tiktok,7453565992732724526,34,combined
Q032,Pediatric CPR and choking management,tiktok,7580020369264790814,35,combined
Q032,Pediatric CPR and choking management,tiktok,7568495621779262750,36,combined
Q032,Pediatric CPR and choking management,tiktok,7677245575628147982,37,combined
Q032,Pediatric CPR and choking management,tiktok,7647600236520541471,38,combined
Q032,Pediatric CPR and choking management,tiktok,7540350603654974751,39,combined
Q032,Pediatric CPR and choking management,tiktok,7464928308677905694,40,combined
Q032,Pediatric CPR and choking management,tiktok,7511838945991281951,41,combined
Q032,Pediatric CPR and choking management,tiktok,7652072093189754134,42,combined
Q032,Pediatric CPR and choking management,tiktok,7664599422310960414,43,combined
Q032,Pediatric CPR and choking management,tiktok,7264407291116408069,44,combined
Q032,Pediatric CPR and choking management,tiktok,6972536838925929734,45,combined
Q032,Pediatric CPR and choking management,tiktok,7688897111001222414,46,combined
Q032,Pediatric CPR and choking management,tiktok,7514117061359127854,47,combined
Q032,Pediatric CPR and choking management,tiktok,7395090148272164097,48,combined
Q032,Pediatric CPR and choking management,tiktok,7519107420765916438,49,combined
Q032,Pediatric CPR and choking management,tiktok,7410454612173491461,50,combined
Q032,Pediatric CPR and choking management,tiktok,7514540808758889759,51,combined
Q032,Pediatric CPR and choking management,tiktok,7293299566126943518,52,combined
Q032,Pediatric CPR and choking management,tiktok,7533576647593774358,53,combined
Q032,Pediatric CPR and choking management,tiktok,7248308254823075118,54,combined
Q032,Pediatric CPR and choking management,tiktok,7191912479935434027,55,combined
Q032,Pediatric CPR and choking management,tiktok,7680317432359030030,56,combined
Q032,Pediatric CPR and choking management,tiktok,7672954685556264222,57,combined
Q032,Pediatric CPR and choking management,tiktok,7056838378452487470,58,combined
Q032,Pediatric CPR and choking management,tiktok,7534305063167167766,59,combined
Q032,Pediatric CPR and choking management,tiktok,7342587636374113567,60,combined
Q033,Infant and child CPR and choking,youtube,n65HW1iJUuY,1,combined
Q033,Infant and child CPR and choking,youtube,YeDwkE9p52M,2,combined
Q033,Infant and child CPR and choking,youtube,I3pvuYMcPg4,3,combined
Q033,Infant and child CPR and choking,youtube,ePodw7L_mFM,4,combined
Q033,Infant and child CPR and choking,youtube,c7Q1s7ppSwc,5,combined
Q033,Infant and child CPR and choking,youtube,D9BJL5qgPsc,6,combined
Q033,Infant and child CPR and choking,youtube,avYRvVHAvfM,7,combined
Q033,Infant and child CPR and choking,youtube,ShaNuST_58A,8,combined
Q033,Infant and child CPR and choking,youtube,597zNNt6f5o,9,combined
Q033,Infant and child CPR and choking,youtube,oswDpwzbAV8,10,combined
Q033,Infant and child CPR and choking,youtube,GymXjJJ7Ugo,11,combined
Q033,Infant and child CPR and choking,youtube,ksLwSIUljP4,12,combined
Q033,Infant and child CPR and choking,youtube,0aV9NS0ogiM,13,combined
Q033,Infant and child CPR and choking,youtube,0Ki7kam5mVM,14,combined
Q033,Infant and child CPR and choking,youtube,AWEHRyeQLkw,15,combined
Q033,Infant and child CPR and choking,youtube,lXK7IjyhbL0,16,combined
Q033,Infant and child CPR and choking,youtube,57KAIkJ6aag,17,combined
Q033,Infant and child CPR and choking,youtube,Fg7_AfDF1Fk,18,combined
Q033,Infant and child CPR and choking,youtube,653Z4Tcc_pQ,19,combined
Q033,Infant and child CPR and choking,youtube,nAu9mehwiG4,20,combined
Q033,Infant and child CPR and choking,youtube,TEcJqzaF_pQ,21,combined
Q033,Infant and child CPR and choking,youtube,axqIju9CLKA,22,combined
Q033,Infant and child CPR and choking,youtube,01jpBkoQr4Y,23,combined
Q033,Infant and child CPR and choking,youtube,afWuOg33_7o,24,combined
Q033,Infant and child CPR and choking,youtube,h_vSEviFXIo,25,combined
Q033,Infant and child CPR and choking,youtube,_K7Dwy6b2wQ,26,combined
Q033,Infant and child CPR and choking,youtube,ZPjwpv6xUj8,27,combined
Q033,Infant and child CPR and choking,youtube,_dHlpsz-hhA,28,combined
Q033,Infant and child CPR and choking,youtube,NyvNGnKjKDw,29,combined
Q033,Infant and child CPR and choking,youtube,dfE6ixuRfjQ,30,combined
Q033,Infant and child CPR and choking,youtube,iCQU_CW9cM4,31,combined
Q033,Infant and child CPR and choking,youtube,iv5g4NTVuVw,32,combined
Q033,Infant and child CPR and choking,youtube,v29fLb7x810,33,combined
Q033,Infant and child CPR and choking,youtube,9jiSjk7jlUQ,34,combined
Q033,Infant and child CPR and choking,youtube,0FXzHFlmQmk,35,combined
Q033,Infant and child CPR and choking,youtube,Z_rjGZffNAc,36,combined
Q033,Infant and child CPR and choking,youtube,WqIJbT8cCI8,37,combined
Q033,Infant and child CPR and choking,youtube,2gPxRVuXn_4,38,combined
Q033,Infant and child CPR and choking,youtube,PP8Dy_IKMDM,39,combined
Q033,Infant and child CPR and choking,youtube,mJKQMbffcEs,40,combined
Q033,Infant and child CPR and choking,youtube,xT7mfgkndrM,41,combined
Q033,Infant and child CPR and choking,youtube,CObPhvJsZu8,42,combined
Q033,Infant and child CPR and choking,youtube,-NodDRTsV88,43,combined
Q033,Infant and child CPR and choking,youtube,ZyF_wpZAylg,44,combined
Q033,Infant and child CPR and choking,youtube,r-ibJ29bpH8,45,combined
Q033,Infant and child CPR and choking,youtube,RLr6uW2DdFo,46,combined
Q033,Infant and child CPR and choking,youtube,vvcLd4bKmCI,47,combined
Q033,Infant and child CPR and choking,youtube,NSzsMRzS1C4,48,combined
Q033,Infant and child CPR and choking,youtube,TDrxN-rCi38,49,combined
Q033,Infant and child CPR and choking,youtube,CnbjPFwkiTQ,50,combined
Q033,Infant and child CPR and choking,tiktok,7606499365376625950,1,combined
Q033,Infant and child CPR and choking,tiktok,7688859009708756254,2,combined
Q033,Infant and child CPR and choking,tiktok,7648412278710144286,3,combined
Q033,Infant and child CPR and choking,tiktok,7592067978930212109,4,combined
Q033,Infant and child CPR and choking,tiktok,7211273728053759234,5,combined
Q033,Infant and child CPR and choking,tiktok,7607298365109374239,6,combined
Q033,Infant and child CPR and choking,tiktok,7690972382927916318,7,combined
Q033,Infant and child CPR and choking,tiktok,7624231031712894216,8,combined
Q033,Infant and child CPR and choking,tiktok,7635819971494284558,9,combined
Q033,Infant and child CPR and choking,tiktok,7691151172912139550,10,combined
Q033,Infant and child CPR and choking,tiktok,7637506304692555022,11,combined
Q033,Infant and child CPR and choking,tiktok,7628764344922197279,12,combined
Q033,Infant and child CPR and choking,tiktok,7670576564555271455,13,combined
Q033,Infant and child CPR and choking,tiktok,7292064322379844910,14,combined
Q033,Infant and child CPR and choking,tiktok,7432741153251888427,15,combined
Q033,Infant and child CPR and choking,tiktok,7579321654485028109,16,combined
Q033,Infant and child CPR and choking,tiktok,7171196432194555138,17,combined
Q033,Infant and child CPR and choking,tiktok,7665155183877377311,18,combined
Q033,Infant and child CPR and choking,tiktok,7311051018803039534,19,combined
Q033,Infant and child CPR and choking,tiktok,7574526813905456415,20,combined
Q033,Infant and child CPR and choking,tiktok,7233233038153387265,21,combined
Q033,Infant and child CPR and choking,tiktok,7688244589282594062,22,combined
Q033,Infant and child CPR and choking,tiktok,7645796267246898462,23,combined
Q033,Infant and child CPR and choking,tiktok,7315431794764025130,24,combined
Q033,Infant and child CPR and choking,tiktok,7658370254636207391,25,combined
Q033,Infant and child CPR and choking,tiktok,7687770818008452383,26,combined
Q033,Infant and child CPR and choking,tiktok,7623516155025706262,27,combined
Q033,Infant and child CPR and choking,tiktok,7519736982470184222,28,combined
Q033,Infant and child CPR and choking,tiktok,7495123623800311083,29,combined
Q033,Infant and child CPR and choking,tiktok,7665661153405701407,30,combined
Q033,Infant and child CPR and choking,tiktok,7017226841450646789,31,combined
Q033,Infant and child CPR and choking,tiktok,7582111304270236942,32,combined
Q033,Infant and child CPR and choking,tiktok,7032713693221850415,33,combined
Q033,Infant and child CPR and choking,tiktok,7637230501069131039,34,combined
Q033,Infant and child CPR and choking,tiktok,7659412509530541319,35,combined
Q033,Infant and child CPR and choking,tiktok,7241028286342614314,36,combined
Q033,Infant and child CPR and choking,tiktok,7659111242778365205,37,combined
Q033,Infant and child CPR and choking,tiktok,7382459600202698000,38,combined
Q033,Infant and child CPR and choking,tiktok,7685866607582645535,39,combined
Q033,Infant and child CPR and choking,tiktok,7568534764609686814,40,combined
Q033,Infant and child CPR and choking,tiktok,7570092972348427551,41,combined
Q033,Infant and child CPR and choking,tiktok,7690057526661991693,42,combined
Q033,Infant and child CPR and choking,tiktok,7540855433292975374,43,combined
Q033,Infant and child CPR and choking,tiktok,7114071546682969390,44,combined
Q033,Infant and child CPR and choking,tiktok,7619520164782017823,45,combined
Q033,Infant and child CPR and choking,tiktok,7664726177214450975,46,combined
Q033,Infant and child CPR and choking,tiktok,7690235524019129614,47,combined
Q033,Infant and child CPR and choking,tiktok,7569686126852590879,48,combined
Q033,Infant and child CPR and choking,tiktok,7577940248060071189,49,combined
Q033,Infant and child CPR and choking,tiktok,7680573181958147342,50,combined
Q033,Infant and child CPR and choking,tiktok,7668713175470050574,51,combined
Q033,Infant and child CPR and choking,tiktok,7342587636374113567,52,combined
Q033,Infant and child CPR and choking,tiktok,7680317432359030030,53,combined
Q033,Infant and child CPR and choking,tiktok,7573541981993913630,54,combined
Q033,Infant and child CPR and choking,tiktok,7542323230653107487,55,combined
Q033,Infant and child CPR and choking,tiktok,7646460848411610382,56,combined
Q033,Infant and child CPR and choking,tiktok,7451358229361118494,57,combined
Q033,Infant and child CPR and choking,tiktok,7630154254409272606,58,combined
Q033,Infant and child CPR and choking,tiktok,7512533092616162591,59,combined
Q034,bachon ki CPR,youtube,n65HW1iJUuY,1,cpr
Q034,bachon ki CPR,youtube,c7Q1s7ppSwc,2,cpr
Q034,bachon ki CPR,youtube,22hHcU9nO-Y,3,cpr
Q034,bachon ki CPR,youtube,lXK7IjyhbL0,4,cpr
Q034,bachon ki CPR,youtube,YeDwkE9p52M,5,cpr
Q034,bachon ki CPR,youtube,fwoz2ETqRWc,6,cpr
Q034,bachon ki CPR,youtube,2PngCv7NjaI,7,cpr
Q034,bachon ki CPR,youtube,ulJL3jFVKNs,8,cpr
Q034,bachon ki CPR,youtube,AYW8rf__60U,9,cpr
Q034,bachon ki CPR,youtube,-NodDRTsV88,10,cpr
Q034,bachon ki CPR,youtube,afWuOg33_7o,11,cpr
Q034,bachon ki CPR,youtube,NSzsMRzS1C4,12,cpr
Q034,bachon ki CPR,youtube,qRNNCkVgRQY,13,cpr
Q034,bachon ki CPR,youtube,avYRvVHAvfM,14,cpr
Q034,bachon ki CPR,youtube,0aV9NS0ogiM,15,cpr
Q034,bachon ki CPR,youtube,W4KjYC51B-c,16,cpr
Q034,bachon ki CPR,youtube,dfE6ixuRfjQ,17,cpr
Q034,bachon ki CPR,youtube,stpWhn-EMmA,18,cpr
Q034,bachon ki CPR,youtube,3WPOYQOYNnA,19,cpr
Q034,bachon ki CPR,youtube,7qosksRw5Qs,20,cpr
Q034,bachon ki CPR,youtube,XJQF-qUWOLA,21,cpr
Q034,bachon ki CPR,youtube,vvcLd4bKmCI,22,cpr
Q034,bachon ki CPR,youtube,DlBdJOG4rvs,23,cpr
Q034,bachon ki CPR,youtube,sFC1O2FWcmE,24,cpr
Q034,bachon ki CPR,youtube,flJ9Psd1j_c,25,cpr
Q034,bachon ki CPR,youtube,PJbJ5IFvtIg,26,cpr
Q034,bachon ki CPR,youtube,eNLcl2sHDAg,27,cpr
Q034,bachon ki CPR,youtube,Opfuyz0aHWA,28,cpr
Q034,bachon ki CPR,youtube,bp0qjBe1Zhc,29,cpr
Q034,bachon ki CPR,youtube,MG9P9fX7I9k,30,cpr
Q034,bachon ki CPR,youtube,msRft-g-k_s,31,cpr
Q034,bachon ki CPR,youtube,naalpe_MxBU,32,cpr
Q034,bachon ki CPR,youtube,bsP45AXQGC4,33,cpr
Q034,bachon ki CPR,youtube,xoXZCDH2bIU,34,cpr
Q034,bachon ki CPR,youtube,mnL_Dugm4y0,35,cpr
Q034,bachon ki CPR,youtube,XcPiwRHEUa8,36,cpr
Q034,bachon ki CPR,youtube,L5K4RfsVNKs,37,cpr
Q034,bachon ki CPR,youtube,MEaPefB1GIM,38,cpr
Q034,bachon ki CPR,youtube,g9Qjg3BSmp8,39,cpr
Q034,bachon ki CPR,youtube,ZlJtRckoNhs,40,cpr
Q034,bachon ki CPR,youtube,AhiuNeag1uc,41,cpr
Q034,bachon ki CPR,youtube,IpHVwLk008U,42,cpr
Q034,bachon ki CPR,youtube,VhFX-ELhDSc,43,cpr
Q034,bachon ki CPR,youtube,ZsJBnTxRmA0,44,cpr
Q034,bachon ki CPR,youtube,hTS6gtaTHcI,45,cpr
Q034,bachon ki CPR,youtube,fW1Bddhq3u4,46,cpr
Q034,bachon ki CPR,youtube,3wlTW4qWSro,47,cpr
Q034,bachon ki CPR,youtube,mJKQMbffcEs,48,cpr
Q034,bachon ki CPR,youtube,A_4n-lHDo_E,49,cpr
Q034,bachon ki CPR,youtube,qzdLmL4Er9E,50,cpr
Q034,bachon ki CPR,tiktok,7541021036381490454,1,cpr
Q034,bachon ki CPR,tiktok,7688859009708756254,2,cpr
Q034,bachon ki CPR,tiktok,7593417060898671880,3,cpr
Q034,bachon ki CPR,tiktok,7630134364390640910,4,cpr
Q034,bachon ki CPR,tiktok,7649340815004683550,5,cpr
Q034,bachon ki CPR,tiktok,7211273728053759234,6,cpr
Q034,bachon ki CPR,tiktok,7685558570800254238,7,cpr
Q034,bachon ki CPR,tiktok,6908345940197821697,8,cpr
Q034,bachon ki CPR,tiktok,7645796267246898462,9,cpr
Q034,bachon ki CPR,tiktok,7292925783008365825,10,cpr
Q034,bachon ki CPR,tiktok,7596481755368983822,11,cpr
Q034,bachon ki CPR,tiktok,7685866607582645535,12,cpr
Q034,bachon ki CPR,tiktok,7592067978930212109,13,cpr
Q034,bachon ki CPR,tiktok,7665155183877377311,14,cpr
Q034,bachon ki CPR,tiktok,7673116426269510920,15,cpr
Q034,bachon ki CPR,tiktok,7675179422265232671,16,cpr
Q034,bachon ki CPR,tiktok,7265251335564578056,17,cpr
Q034,bachon ki CPR,tiktok,7526656867418836246,18,cpr
Q034,bachon ki CPR,tiktok,7656903815869844749,19,cpr
Q034,bachon ki CPR,tiktok,7655855908408347934,20,cpr
Q034,bachon ki CPR,tiktok,7078012949092224298,21,cpr
Q034,bachon ki CPR,tiktok,7656411784462568734,22,cpr
Q034,bachon ki CPR,tiktok,7566647211568696598,23,cpr
Q034,bachon ki CPR,tiktok,7621322406593891606,24,cpr
Q034,bachon ki CPR,tiktok,7686691013217324318,25,cpr
Q034,bachon ki CPR,tiktok,7689615643334692118,26,cpr
Q034,bachon ki CPR,tiktok,7664614056958889238,27,cpr
Q034,bachon ki CPR,tiktok,7647119090108075284,28,cpr
Q034,bachon ki CPR,tiktok,7525463138997701910,29,cpr
Q034,bachon ki CPR,tiktok,7083660882101718314,30,cpr
Q034,bachon ki CPR,tiktok,7688856236334304530,31,cpr
Q034,bachon ki CPR,tiktok,7687604753534143777,32,cpr
Q034,bachon ki CPR,tiktok,7689087696785968404,33,cpr
Q034,bachon ki CPR,tiktok,7687662179226619166,34,cpr
Q034,bachon ki CPR,tiktok,7688784405115964694,35,cpr
Q034,bachon ki CPR,tiktok,7690798814122282254,36,cpr
Q034,bachon ki CPR,tiktok,7691086006463859982,37,cpr
Q034,bachon ki CPR,tiktok,7660096347399343390,38,cpr
Q034,bachon ki CPR,tiktok,7675114261076626702,39,cpr
Q034,bachon ki CPR,tiktok,7670766550600715528,40,cpr
Q034,bachon ki CPR,tiktok,7687711394468236576,41,cpr
Q034,bachon ki CPR,tiktok,7688496288249236767,42,cpr
Q034,bachon ki CPR,tiktok,7519809657871895815,43,cpr
Q034,bachon ki CPR,tiktok,7688836002793721102,44,cpr
Q034,bachon ki CPR,tiktok,7489383077899226390,45,cpr
Q034,bachon ki CPR,tiktok,7682993749227588896,46,cpr
Q034,bachon ki CPR,tiktok,7683575599251688736,47,cpr
Q034,bachon ki CPR,tiktok,7680702154650193182,48,cpr
Q034,bachon ki CPR,tiktok,7641371413944732941,49,cpr
Q034,bachon ki CPR,tiktok,7665149677725093150,50,cpr
Q034,bachon ki CPR,tiktok,7656844902579309838,51,cpr
Q034,bachon ki CPR,tiktok,7676345520603794718,52,cpr
Q034,bachon ki CPR,tiktok,7691017554982227231,53,cpr
Q034,bachon ki CPR,tiktok,7684283967138319647,54,cpr
Q034,bachon ki CPR,tiktok,7059186842255772974,55,cpr
Q034,bachon ki CPR,tiktok,7664463234547649806,56,cpr
Q034,bachon ki CPR,tiktok,7659714375111986454,57,cpr
Q035,bache ka dam ghutna choking,youtube,K1BSMRTGv0k,1,choking
Q035,bache ka dam ghutna choking,youtube,uv4pr1F3Uw4,2,choking
Q035,bache ka dam ghutna choking,youtube,DYTwIapToGg,3,choking
Q035,bache ka dam ghutna choking,youtube,7BgT1nxCsbk,4,choking
Q035,bache ka dam ghutna choking,youtube,Uwdyje8cK18,5,choking
Q035,bache ka dam ghutna choking,youtube,XJJhlMzBhS4,6,choking
Q035,bache ka dam ghutna choking,youtube,gkOmjULDN8s,7,choking
Q035,bache ka dam ghutna choking,youtube,IUcnxrmwi9I,8,choking
Q035,bache ka dam ghutna choking,youtube,ADLkoqDuy9s,9,choking
Q035,bache ka dam ghutna choking,youtube,PFqPTK9jrPE,10,choking
Q035,bache ka dam ghutna choking,youtube,t3U9rbp-ULw,11,choking
Q035,bache ka dam ghutna choking,youtube,oNI8E8XG6Ao,12,choking
Q035,bache ka dam ghutna choking,youtube,lDDbeRjwl6Q,13,choking
Q035,bache ka dam ghutna choking,youtube,s-9pDDWwRvs,14,choking
Q035,bache ka dam ghutna choking,youtube,voAlK-j43RM,15,choking
Q035,bache ka dam ghutna choking,youtube,EIxKX5NNO-U,16,choking
Q035,bache ka dam ghutna choking,youtube,E0rVkuBqFf4,17,choking
Q035,bache ka dam ghutna choking,youtube,fyDU9AFE0XU,18,choking
Q035,bache ka dam ghutna choking,youtube,fgD6MNOPMDk,19,choking
Q035,bache ka dam ghutna choking,youtube,kPK3yjPzFpM,20,choking
Q035,bache ka dam ghutna choking,youtube,Mfu1i1tn-vA,21,choking
Q035,bache ka dam ghutna choking,youtube,oKNc_LRTQjM,22,choking
Q035,bache ka dam ghutna choking,youtube,tA9GIl92l5I,23,choking
Q035,bache ka dam ghutna choking,youtube,lcDc7DeWSGk,24,choking
Q035,bache ka dam ghutna choking,youtube,ddm-iugoqt8,25,choking
Q035,bache ka dam ghutna choking,youtube,ByFfUim03Qk,26,choking
Q035,bache ka dam ghutna choking,youtube,p4ic1RYolvs,27,choking
Q035,bache ka dam ghutna choking,youtube,mNs4KxPDElI,28,choking
Q035,bache ka dam ghutna choking,youtube,id7q5o8q7f4,29,choking
Q035,bache ka dam ghutna choking,youtube,lMeGVItfh2w,30,choking
Q035,bache ka dam ghutna choking,youtube,fvRnk9uw-LY,31,choking
Q035,bache ka dam ghutna choking,youtube,3A8gqcFVzys,32,choking
Q035,bache ka dam ghutna choking,youtube,X4Yl9tEtT8U,33,choking
Q035,bache ka dam ghutna choking,youtube,gpprNrkkP6g,34,choking
Q035,bache ka dam ghutna choking,youtube,t3saWvQk6Xs,35,choking
Q035,bache ka dam ghutna choking,youtube,ZFS6ohLKDj8,36,choking
Q035,bache ka dam ghutna choking,youtube,IMObG1-CL7s,37,choking
Q035,bache ka dam ghutna choking,youtube,dJ0QlRPf2LE,38,choking
Q035,bache ka dam ghutna choking,youtube,RAlj6Zu1rqI,39,choking
Q035,bache ka dam ghutna choking,youtube,qot0iPHozdk,40,choking
Q035,bache ka dam ghutna choking,youtube,ujdtSGogV9g,41,choking
Q035,bache ka dam ghutna choking,youtube,fTTAzUjr2As,42,choking
Q035,bache ka dam ghutna choking,youtube,k2n7_lz3Wt4,43,choking
Q035,bache ka dam ghutna choking,youtube,8Lx7CwXsCgw,44,choking
Q035,bache ka dam ghutna choking,youtube,whFxDi7_Fk8,45,choking
Q035,bache ka dam ghutna choking,youtube,xxi_u081AtU,46,choking
Q035,bache ka dam ghutna choking,youtube,xG0du8EyrGY,47,choking
Q035,bache ka dam ghutna choking,youtube,Q7bqn3IZNv0,48,choking
Q035,bache ka dam ghutna choking,youtube,8ovrXs5MJiw,49,choking
Q035,bache ka dam ghutna choking,youtube,g6rMUTtKmnc,50,choking
Q035,bache ka dam ghutna choking,tiktok,7614543608972119310,1,choking
Q035,bache ka dam ghutna choking,tiktok,7633828177097346322,2,choking
Q035,bache ka dam ghutna choking,tiktok,7642520105355578654,3,choking
Q035,bache ka dam ghutna choking,tiktok,7546256096164334870,4,choking
Q035,bache ka dam ghutna choking,tiktok,7636222561373654302,5,choking
Q035,bache ka dam ghutna choking,tiktok,7665410939193281814,6,choking
Q035,bache ka dam ghutna choking,tiktok,7659744246932573453,7,choking
Q035,bache ka dam ghutna choking,tiktok,7658237668014460167,8,choking
Q035,bache ka dam ghutna choking,tiktok,7642816593864477982,9,choking
Q035,bache ka dam ghutna choking,tiktok,7283784221166947586,10,choking
Q035,bache ka dam ghutna choking,tiktok,7655249683589188886,11,choking
Q035,bache ka dam ghutna choking,tiktok,7293211953814670624,12,choking
Q035,bache ka dam ghutna choking,tiktok,7576136821390707986,13,choking
Q035,bache ka dam ghutna choking,tiktok,7150349757968387334,14,choking
Q035,bache ka dam ghutna choking,tiktok,7621612697984978197,15,choking
Q035,bache ka dam ghutna choking,tiktok,7352879834021825838,16,choking
Q035,bache ka dam ghutna choking,tiktok,7621425489013394721,17,choking
Q035,bache ka dam ghutna choking,tiktok,7209314104551509290,18,choking
Q035,bache ka dam ghutna choking,tiktok,7633915321946098965,19,choking
Q035,bache ka dam ghutna choking,tiktok,7563338045261384978,20,choking
Q035,bache ka dam ghutna choking,tiktok,7622349733322935582,21,choking
Q035,bache ka dam ghutna choking,tiktok,7618957622384905493,22,choking
Q035,bache ka dam ghutna choking,tiktok,7626903095271869729,23,choking
Q035,bache ka dam ghutna choking,tiktok,7226959426966539526,24,choking
Q035,bache ka dam ghutna choking,tiktok,7610916663126445313,25,choking
Q035,bache ka dam ghutna choking,tiktok,7594161579910827285,26,choking
Q035,bache ka dam ghutna choking,tiktok,7309104296581172485,27,choking
Q035,bache ka dam ghutna choking,tiktok,7546113007919615287,28,choking
Q035,bache ka dam ghutna choking,tiktok,7495357752596958486,29,choking
Q035,bache ka dam ghutna choking,tiktok,7620152525882232065,30,choking
Q035,bache ka dam ghutna choking,tiktok,7687638860817255711,31,choking
Q035,bache ka dam ghutna choking,tiktok,7685947812730752270,32,choking
Q035,bache ka dam ghutna choking,tiktok,7642345424925347102,33,choking
Q035,bache ka dam ghutna choking,tiktok,7618069240452599062,34,choking
Q035,bache ka dam ghutna choking,tiktok,7328913836088544554,35,choking
Q035,bache ka dam ghutna choking,tiktok,7615554918308531469,36,choking
Q035,bache ka dam ghutna choking,tiktok,7680534559221468434,37,choking
Q035,bache ka dam ghutna choking,tiktok,7665551464114195743,38,choking
Q035,bache ka dam ghutna choking,tiktok,7572146775566372127,39,choking
Q035,bache ka dam ghutna choking,tiktok,7689882717873360150,40,choking
Q035,bache ka dam ghutna choking,tiktok,7651448985445600534,41,choking
Q035,bache ka dam ghutna choking,tiktok,6934500622741835014,42,choking
Q035,bache ka dam ghutna choking,tiktok,7626683234318912782,43,choking
Q035,bache ka dam ghutna choking,tiktok,7656284257521814806,44,choking
Q035,bache ka dam ghutna choking,tiktok,7322239474102996270,45,choking
Q035,bache ka dam ghutna choking,tiktok,7683727245654887711,46,choking
Q035,bache ka dam ghutna choking,tiktok,7680941310672489758,47,choking
Q035,bache ka dam ghutna choking,tiktok,7680740507667991822,48,choking
Q035,bache ka dam ghutna choking,tiktok,7634372050445929758,49,choking
Q035,bache ka dam ghutna choking,tiktok,7678709878688353550,50,choking
Q035,bache ka dam ghutna choking,tiktok,7680195275222240519,51,choking
Q035,bache ka dam ghutna choking,tiktok,7683932388774120734,52,choking
Q035,bache ka dam ghutna choking,tiktok,7679528433935731999,53,choking
Q035,bache ka dam ghutna choking,tiktok,7689066146833681677,54,choking
Q035,bache ka dam ghutna choking,tiktok,7648306718127967495,55,choking
Q035,bache ka dam ghutna choking,tiktok,7140480015967210757,56,choking
Q035,bache ka dam ghutna choking,tiktok,7688917277693005070,57,choking
Q035,bache ka dam ghutna choking,tiktok,7675396108297768222,58,choking
Q035,bache ka dam ghutna choking,tiktok,7688768567763815693,59,choking
