query_id,query_text,platform,query_rank,video_id,url,title,description,creator_name,creator_id,creator_url,creator_followers,duration_seconds,upload_date,views,likes,comments,shares,saves,hashtags,tags,category,language,country_code,country_source,transcript,transcript_status,transcript_source,transcript_language,transcript_is_auto,transcript_word_count,metadata_status,thumbnail_url,retrieved_at_utc
Q001,Pediatric CPR,youtube,1,n65HW1iJUuY,https://www.youtube.com/watch?v=n65HW1iJUuY,CPR for Infants (Newborn to 1 Year),"http://www.cincinnatichildrens.org/cpr-infant
Cincinnati Children's Demonstrates Infant CPR (Ages Newborn to 1 Year).",Cincinnati Children's,UCSC8V1ez4zt3rviyPWzk9Sg,https://www.youtube.com/channel/UCSC8V1ez4zt3rviyPWzk9Sg,265000,120,2013-07-30,2931460,24153,184,,,,infant cpr|cpr for infants|baby cpr|cpr for babies|newborn cpr|cpr for newborns|cpr for 1 year old|chest compresions|chest compressions for babies|chest compressions for infants|chest compressions for newborns|rescue|rescue breathing|rescue breathing for infants|rescue breathing for babies|rescue breathing for newborns,Nonprofits & Activism,en,,,"If you arrive on the scene: Check the scene for safety. Check the infant for consciousness. Gently tap the shoulder or flick the bottom of the heel and shout. No Response: Call 911 immediately. If the infant is lying on their stomach, turn them over onto their back. They should be lying on a hard flat surface. Check for Breathing and signs of life: Watch their chest for any normal movement. Look for signs of life and breathing for no more than 10 seconds. No Breathing or signs of life. Begin CPR: a. Position 2 or 3 fingers on the center of the infant's breastbone, just below the nipple line. b. Compress the chest 1½ inches in depth 30 times. c. After giving compressions, give breathes. Tilt the infant's head back, slightly, using one hand on the forehead and lifting up on the infant's chin with two fingers of your other hand. Cover both the infant's nose and mouth with your mouth and give 2 small slow breaths, watching for the infants chest to rise. d. Continue with 30 compressions/2 breathes, 30 compressions/2 breaths, etc. Continue CPR until another rescuer takes over, you see signs of life or help arrives.",ok,youtube_captions,en,False,200,ok,https://i.ytimg.com/vi/n65HW1iJUuY/maxresdefault.jpg,2026-10-02T01:34:49Z
Q001,Pediatric CPR,youtube,2,0Ki7kam5mVM,https://www.youtube.com/watch?v=0Ki7kam5mVM,PEDIATRIC CPR Explained Simply,"Pass School & NREMT Exams, Go Here: https://www.prepareforems.com

Get my EKG/12-Lead EKG Masterclass: https://www.ekgforems.com

Pediatric Cardiopulmonary Resuscitation (CPR) according to the American Heart Association (AHA) involves specific steps tailored to infants and children up to puberty. The process begins with ensuring the scene is safe for both the rescuer and the patient. Once safety is confirmed, check the child’s responsiveness by gently tapping and shouting. For infants, you should tap the bottom of the foot. If there is no response, activate the emergency response system. If you are alone with a child or infant and there is no response, perform CPR for 2 minutes before leaving to call emergency services. If another person is present, have them call emergency services immediately.

Next, open the airway using the head-tilt-chin-lift technique. Be careful with the amount of tilt, especially in infants. Check for breathing and a pulse for no more than 10 seconds. For infants, check the brachial pulse, and for children, check the carotid or femoral pulse. 

For chest compressions in infants (under 1 year), use two fingers in the center of the chest, just below the nipple line, pressing to a depth of at least 1.5 inches (4 cm) at a rate of 100-120 compressions per minute. For children (1 year to puberty), use one or two hands (depending on the size of the child) on the lower half of the breastbone, pressing to a depth of at least 2 inches (5 cm), but not more than 2.4 inches (6 cm), at the same rate of 100-120 compressions per minute.

After compressions, provide rescue breaths. For both infants and children, give 2 breaths after every 30 compressions (or 15:2 if two rescuers are present). Each breath should last about 1 second and make the chest rise visibly. Use an Automated External Defibrillator (AED) as soon as it is available. For infants and children under 8 years, use pediatric pads if available. If not, use adult pads, placing them so they do not touch each other. Follow the AED prompts and resume CPR immediately after each shock, continuing until the child shows signs of life or emergency medical personnel take over.

Continue cycles of 30 compressions and 2 breaths (or 15:2 if two rescuers are present) until the child shows signs of life, an AED is ready to use, or professional help arrives. These steps ensure that CPR provided to pediatric patients follows the AHA's guidelines for optimal outcomes.

Be great, 

Evan, The Paramedic Coach 

#medical #cpr #emtschool",The Paramedic Coach,UC6Pkyjskf0E8L8i_xpdsAmQ,https://www.youtube.com/channel/UC6Pkyjskf0E8L8i_xpdsAmQ,317000,770,2024-07-15,44860,1100,48,,,medical|cpr|emtschool,CPR|AED|CPR Training|emt training|EMT school|EMT masterclass|Pediatric Emergencies|BCLS|BLS EMT|BLS Training|how to perform cpr|Infant CPR|Newborn CPR|Pediatric CPR|how to do cpr|baby cpr|national registry exams|emtb|ems career|nremt tips|nremt cognitive|ems education|emt career,Education,en-US,,,"working EMS or any medical profession it is a lot more rare to come across an infant or pediatric cardiac arrests but as EMS and medical professionals we have to be ready for that call when it comes that is our job that's what we're talking about today we're starting with BLS so this is pediatric infant children BLS basic life support okay going over AG's recommendations so the first thing we do is scene safety we cannot help anyone if the scene is not safe so it's safe we enter okay now what are we going to do first we got to check responsiveness if the patient is not awake they're not speaking they're not responsive to any painful stimulus they are deemed unresponsive they're not moving at all right now aha will tell us a few things now watch this get help call 91 get an AED now if we're workings s and we're taking a BLS class what does that mean we are ems we are M1 one every EMT has an AED and we are the help right so we are usually it's elated minimum that twers crew that's going to go to emergency right so we kind of check that off but I just want you to know the steps of it all and also if you're you know a bystander out or civilian out and you're you seeing someone in front of you this is it okay so the next thing we have here is check breathing imp pulse and we have up to 10 seconds to do that now some interesting notes Here with Pediatrics I wrote them out here for you now we're talking about an infants in this little Series this video here infant means one year and under that's what we're going to consider an infant all right now if we're talking above one year now we're getting into what I might call children right and we have children that are older and we have a small child okay so that's what we are kind of thinking as we're talking about about these things plant that in your head so for a child age we look at the cored pulse we're still going to check the kateed pulse okay now for infants we have the brachial pulse that is on the inside of the upper arm that's your brachial pulse okay now this is where we're going to do our pulse check we have up to 10 seconds to figure out are they unresponsive are they breathing is there a pulse if it is no pulse no breathing they are unresponsive they're in cardiac rest now we jump down here the next step now is to start CPR and attach the ad that we have as EMS okay so yeah you're a two-person crew so we have one provider starting CPR compressions and the other attaching the a great now here's what we have for our different ratios a one rescuer okay what if you're by yourself that is going to be 30 to2 okay now two Rescuers like a normal EMS crew going to a call together they then we look at 15-2 this is the big difference from Pediatric and adults so any adult patient any scenario 30 and2 but Pediatrics infants children if there's one rescue where it's 30 and if it's two it's 15 you got to remember that they're going to get asked about that this is why I put a big circle on it and these not tier are very important too next thing is well the compression technique is different from adult to children to infants so we we have a r here and I'm going to talk in a little bit about how deep we go with the compressions and how we know if they're effective and we'll get to that especially with children is important but let me just give you some things to remember infant we have a twoof finger technique okay so Lally just pricing the two fingers down and the chest option one option two is a two finger encircling technique where you're placing your hands around the infant and doing a two-finger encircling technique okay same deal they both work depends on which one you want to do all right now the AHA says okay if you're a two rescuer encircling your hands maybe better but it allows you to do whichever one you're comfortable doing right they're both there for you now children you may be able to get ahead again with a small child maybe they're on the border may like a Toler age you may you know two years old right you may consider doing you know one-handed CPR that Force might be enough but it's still recommended to do two hands so it's up to the provider to decide what's going to be enough Force to get the job done which is going to be two hands or one hand in children okay you have two different options again they're giving you two different options here the goal is to make sure that you're getting deep enough and fast enough so that is the Big Goal here when we're talking about CPR now down here after we've done our our cycle CPR after 2 minutes we move down here well now the ad is talking to us right and it's going to tell us are we going to shock the patient are we not are we going back to CPR so let's talk about that so you're going to shock as needed you're going to follow all the ad prompts the ad is going to kind of Coach you and help you working this code and then remember it's 2 minute cycles of CPR whether you're doing 30 and2 or 15-2 for BLS so what exactly does the American Horror Association call highquality CPR the here are some of the key findings you got to know and a lot of these are going to be test questions so first we want to start chest compressions within 10 seconds so we approach that patient we're checking for responsiveness we have 10 seconds to decide is it Cardiac Arrest or not are they breathing they have a pulse yes or no remember those location we talked about right okay now push hard and fast the rate is going to be 100 to 120 per minute with our compressions that is our goal for every patient now I put a little star here for you why this is going to be a major test question here it is what is the correct death what how deep we are we going to go with the compressions in children vers infants now we know in the adult patient it's at least 2 in now what about children and infants well in children you have a little buzzword here at least oneir of the chest which comes out to be approximately 2 in but this is a key finding okay you might not see the 2 in on a on a test but it this ends up being the answer infants it's a little different same deal at least 1/3 of the chest but it's 1.5 in approximately okay so these are little buzzword you're going to see on test exams so now you know it got to jot that one down so we have some extras down here that I want to talk about as well first is allowing the chest to recoil after each compression with ventilations we want no excessive ventilations and we also want to make sure that we have good chest rise and fall with our ventilations down here we have minimizing interruptions with CPR and limiting that to under 10 seconds right now obviously there's times we have to stop CPR well if we're going to shock the patient we got to stop compressions for a second let the AED do its thing right we're following the AED prompts but we really want to limit those interruptions we're also talking about here when we switch compressors so make sure like you know you're talking about the triangle of aha right the the compressor when we're about to switch it should be a fast switch that's very important okay now one thing I to write down here that I I mentioned in my adult video is same here at Pediatrics practice practice practice on your compressions but also very important is the seal when you're delivering the BVM ventilations right and remember we're going to use a different BVM the adult pediatric infant BVM different volumes of air lot smaller lungs a lot smaller chest right so that's important work on your seal work on getting a really good seal there shouldn't be air popping out the size of your BVM here are some more key points when we have a child in Cardiac Arrest that is under 8 years old we're going to Place child a pads in order to deliver the appropriate amount of energy these are placed from front to back directly across from each other versus a different placement using adult pads if the patient is over 8 years old we use adult pads because we're trying to gauge how much energy we're going to use with the AED okay so remember use of child pads child pads equals 8 years old n front to back plate placement versus the adult placement okay next here we have ventilation rates so ventilation rates BLS which means we have a BLS Airway if I say a BLS Airway that means basic life support that means you're ventilating with you know an Opa an NPA and a BVM that's what we're talking about a bag valve mask it's a BLS Airway there one rescuer on scene it's 30 compressions two ventilations if it's two Rescuers which which is basically EMS then it's 15 and2 with the BVM in place now let's say the paramedic arrives on scene and now they insert an advanced Airway may it be an LMA may it be an igel may it be a king LT may it be a comi tube may it be an intubation indot tral intubation any sort of ALS Airway it's not a BVM we consider that advanced Airways in place now we do continuous compressions unless the param says stop for a second we shock the patient right and then we're going to you know obviously do our switch off with every 2 minute Cycles okay new person comes in but the breathing changes to one breath every 2 or 3 seconds now why is it not 6 seconds like an adult because the normal respiratory rate of an adult is let's say say for example 12 to 20 now in children the rate is higher and in infants it gets even higher right so that is why it's every 2 to 3 seconds we do a breath and we continuous compressions that's that now something important to know about what if you're working a pediatric cardiac arrest and you're having a hard time with the airway with BVM what's what can you do two things I want you to check for one check your head position obviously there's no trauma involved you do a head tilt chin lift but we got to be careful that we don't bring that neck back way too much and get the head off that neutral sniffing position especially with children because if we hyperextend the neck it might actually block out the airway in children okay doe to the size of the child so the big key here in one sense don't overextend the neck it can block the airway so when in doubt try to make it more of a neutral position okay that is number one the second thing like I said earlier check check your seal check your BVM seal there shouldn't be air flip out the sides okay and one quick tip I can give you if you have enough Rescuers to do it you can actually do like a two-handed BVM technique and have somebody else squeeze the B by clicking in the first link in the description you get lifetime access to my Video Vault program The Video Vault includes over 480 videos of content and now holds over two 2,000 National Registry practice test questions also include some really awesome bonuses like worksheets drug cards that are pre-filled out all for you community group access to ask me questions and audio files when you are on the Go the video vote will find you no matter where you're at whether you're an EMR EMT Advanced EMT or paramedic student and my students use this whether you are getting ready for school in school right now or getting ready to go past your National Registry exams so click the first link in the description right now and get yourself lifetime access to the Video Vault today I'll see you there",ok,youtube_captions,en,True,2190,ok,https://i.ytimg.com/vi/0Ki7kam5mVM/maxresdefault.jpg,2026-10-02T01:34:49Z
Q001,Pediatric CPR,youtube,3,57KAIkJ6aag,https://www.youtube.com/watch?v=57KAIkJ6aag,Infant CPR / BLS - New 2020 AHA / ILCOR Guidelines | CPR Certification Institute,"Updated for new 2020 AHA / ILCOR guidelines. Infant CPR / Healthcare Provider Basic Life Support for the Infant Victim lesson by the CPR Certification Institute (Health Ed Solutions Authorized Training Center). Mark Dzwonkiewicz, the lead instructor from Health Ed Solutions, provides a thorough and step-by-step process of BLS / CPR on an infant (baby) victim. Mark demonstrates proper 2-person CPR and using an adult Bag Valve Mask (BVM) as alternative in absence of an infant BVM. He touches on the following updated AHA and ILCOR guidelines:

✔ Establishing Unresponsiveness
✔ Calling a Code / Activate EMS and Getting an AED / defibrillator
✔ Checking palpable pulse and breathing simultaneously within 10 seconds
✔ Doing Chest Compressions

Thanks for watching and stay tuned for more video lessons from the CPR Certification Institute!

Here is some more information about the CPR Certification Institute:

As a Health Ed Solutions Authorized Training Center, CPR Certification Institute was created to achieve a simple goal — to make learning life-saving skills convenient and more accessible for both medical professionals and laypersons. Our commitment to providing robust training and testing options is the driving force behind our curriculum. Our courses are medically accurate, flexible, and engaging.

Our online certification courses are created by board-certified medical professionals and reviewed for accuracy by the Health Ed Solutions Medical Review Board. Each practice test is uniquely generated, and every final exam is designed to ensure you have learned all of the skills to react when there is a life-threatening emergency.

We believe that the more people who know life-saving skills, the more lives that can be saved. Our courses are created to benefit a wide range of people: high school students getting ready to graduate, nurses, physicians, medical techs, first responders, lifeguards, nursing home and daycare workers, and even the average layperson who might someday find themselves in the position of being able to offer aid during an emergency.

Being able to administer appropriate CPR or First Aid care can mean the difference between life and death. Those who do not receive CPR immediately following a cardiac event rarely make it to a hospital alive. Your quick action could mean they have a greater chance of surviving.

Our courses cover CPR and AED training, First Aid, Infant CPR, Babysitting, and Bloodborne Pathogens. We also offer the more advanced ACLS, PALS, BLS, and NRP certifications. It’s a small time and cost commitment to become certified, but it can make a huge difference in someone’s life. All of our certifications are 100% online and available from any mobile device or computer.

Sign up to become certified today, and join the ranks of trained lifesavers across the globe!

✍🏻📑Visit our website for online certification and recertification courses, free learning resources, practice exams, and more.
🌍 https://www.cprcertification.com/

🔔Get updates from our Social Media Accounts
🌟🌟🌟 https://www.facebook.com/CPRCertInstitute
🌟🌟🌟 https://www.instagram.com/cprcertification
🌟🌟🌟 https://twitter.com/cprcertonline
🌟🌟🌟 https://www.linkedin.com/company/cpr-certification-institute
🌟🌟🌟 https://www.pinterest.com/cprcertification

Please subscribe to our channel and like our videos. Click the bell icon and select all notifications to stay updated on our latest content!

#InfantCPR #BabyCPR #CPRCertificationInstitute",CPR Certification Institute,UCRMQ1W-4O7Bqq78K66XCYgA,https://www.youtube.com/channel/UCRMQ1W-4O7Bqq78K66XCYgA,13600,177,2020-10-23,184611,1659,26,,,infantcpr|babycpr|cprcertificationinstitute,Pediatric Basic Life Support|BLS for Infant|How to do BLS on Infant|BLS for Babies|Using an Adult BVM for Infant|How to do CPR on babies|BLS for Infant Explained|2020 American Heart Association Guidelines|2020 AHA/ILCOR guidelines|Basic Life Support for Infant Guide|Tips for bag valve mask ventilation on a baby|BLS for pediatric Patients|bls for healthcare providers by american heart association 2020|CPR Certification Institute|Infant CPR|CPR|BLS|baby cpr|ACLS,Education,en,,,[Music] welcome today's video on healthcare provider bls for the infant let's take a look at what those steps look like shall we doc who throws a baby step one establish unresponsiveness two assess for breathing if this infant is not breathing call the code immediately gets some help coming you're a cutie and you're unresponsive and you're not breathing nurse color code i need some help in here next check for a pulse you check for no more than 10 seconds if this infant does not have a pulse immediately begin chest compressions check i got no pulse great that's fantastic my kingdom for two nurses right now there goes my kingdom i need you guys to take over cpr on this little one you ready yes now in two rescuer cpr for the infant the way we perform compressions is with a circumferential grip our thumbs on the sternum between the nipple line and we're going to compress about one third the distance anterior post here in this kid's chest so almost halfway through this kid's chest you're pushing again at a rate over 100 and a compression to ventilation ratio of 15 to 2. okay remember we're going to do our compressions 15 to 2 15 compressions two breaths of air watch for that chest rise okay circumferential grip remember you're gonna compress about one third the distance through that kid's chest okay this is an infant a child now if all you have is an adult bvm you can still ventilate an infant take the mask and invert the mask turn it upside down so on the adult where the nose would normally be we're going to spin that over we're going to put the nose section down by the infant's chin the face mask will then come up and cover the rest of the face you have to cut down on the amount of volume you give this infant and we're just looking for a little chest rise that's all but again if all you have is an adult mask you can still ventilate an infant by inverting the mask you,ok,youtube_captions,en,True,356,ok,https://i.ytimg.com/vi/57KAIkJ6aag/hqdefault.jpg,2026-10-02T01:34:49Z
Q001,Pediatric CPR,youtube,4,lXK7IjyhbL0,https://www.youtube.com/watch?v=lXK7IjyhbL0,How to give CPR to a child,"If you see an infant or child collapse, CPR can save their life. Rescue breaths are especially important when performing CPR on a child in cardiac arrest. To give CPR to a child, call 911, push hard and fast in the center of the chest. After 30 compressions, give two rescue Repeat until help arrives.

Be ready to save a life. Find a CPR class at https://www.heart.org/nation.",American Heart Association,UCLiWQk8JzhNRcNiDKk4dpaw,https://www.youtube.com/channel/UCLiWQk8JzhNRcNiDKk4dpaw,256000,171,2025-01-28,101917,,26,,,,,Nonprofits & Activism,en,,,"Products are shown for demonstration  purposes only. The American Heart Association does not endorse or recommend  any specific manufacturer or products. If you see an infant or child suddenly collapse  it is important to act fast. Helping to save a life is easier than you might think. Child CPR  is similar to adult CPR but it is especially important to give breaths to a child who  needs CPR. A child in cardiac arrest who is unresponsive and not breathing normally  will not survive without CPR. Your actions can help increase their chances of surviving  if you're alone. CPR on infants and children should always include breaths done in cycles of 30  compressions followed by two breaths. First check to make sure the scene is safe. If you're near  anything that can hurt you or the child move to a safe place. Next tap the child's shoulders and  shout are you OK. If the child is unresponsive shout for help. Point to someone and ask them to  call 911 and get an AED or call 911 yourself and put your phone on speaker mode so the operator  can help you. Now check for breathing scan the chest for 5 to 10 seconds looking for it to rise  and fall. If the child is not breathing normally immediately start CPR. With the child flat on  their back kneel beside them and lean directly over their chest. Place the heel of one hand or  two hands one on top of the other in the center of the chest. Then push hard and fast in the  center of the chest giving 30 compressions. It is important to keep a steady beat of 100 to 120  compressions per minute, which is about the same tempo as the song “Baby Shark” or the rate  of the music that you are hearing right now. Push down about 2 inches, about the height of  a credit card, letting the chest return to its normal position between compressions. Now after 30  compressions you'll give two breaths one after the other that makes the chest rise. Put one hand on  the forehead and the fingers of your other hand under the chin. Tilt the head back slightly and  lift the chin to open the airway. Pinch the nose, take a normal breath and cover the mouth with  your mouth, giving one breath for 1 second while watching for chest rise. Give another breath.  Don't stop compressions for more than 10 seconds to give breaths. Continue giving cycles of 30  compressions and two breaths until help arrives. [Music]",ok,youtube_captions,en,False,427,ok,https://i.ytimg.com/vi/lXK7IjyhbL0/hqdefault.jpg,2026-10-02T01:34:49Z
Q001,Pediatric CPR,youtube,5,XJQF-qUWOLA,https://www.youtube.com/watch?v=XJQF-qUWOLA,How to do CPR on an Infant (Ages Newborn to 1 Year),"http://www.cincinnatichildrens.org/cpr-infant
Cincinnati Children's Demonstrates Adult CPR (Ages 12 and Older).

Transcript:
You Arrive on the Scene

Check the scene for safety. Check the infant for consciousness. Gently tap the shoulder or flick the bottom of the heel and shout.

No Response

Call 911 immediately.  

If the infant is on his or her stomach, turn the infant over onto his or her back.  The infant should be lying on a hard flat surface.

Check for Breathing and Signs of Life

Watch the chest for any normal movement.  Look for signs of life and breathing for no more than 10 seconds. 

No Breathing or Signs of Life

Begin CPR

a. Position two or three fingers on the center of the infant’s breastbone, just below the nipple line.

b. Compress the chest 1½ inches in depth 30 times.

c. After giving compressions, give breaths. Tilt the infant's head back, slightly, using  one hand on the forehead and lifting up on the infant's chin with two fingers of your other hand. Cover both the infant’s nose and mouth with your mouth and give two small, slow breaths, watching for the infant’s chest to rise.

d. Continue with 30 compressions / two breathes, 30 compressions / two breathes, etc. 

Continue CPR until another rescuer takes over, you see signs of life or help arrives.

For more information visit: http://www.cincinnatichildrens.org/cpr-infant",Cincinnati Children's,UCSC8V1ez4zt3rviyPWzk9Sg,https://www.youtube.com/channel/UCSC8V1ez4zt3rviyPWzk9Sg,265000,115,2015-04-08,91123,314,7,,,,infant cpr|cpr for infants|baby cpr|cpr for babies|newborn cpr|cpr for newborns|cpr for 1 year old|chest compressions|chest compressions for infants|infant chest compressions|newborn chest compressions|rescue breathing for infants|rescue breathing for newborns|chest compressions for babies|rescue breathing for babies,Nonprofits & Activism,en,,,"on on if you arrive on the scene check the scene for safety check the infant for consciousness gently tap the shoulder or flick the bottom of the heel and shout are you okay are you okay if no response call 911 immediately you call 911 if the infant is lying on their stomach turn them over onto their back they should be lying on a hard flat surface checked for breathing and signs of life watch their chest move for any normal movement look for signs of life and breathing for no more than 10 seconds no breathing or signs of life begin CPR position two or three fingers on the center the infant chest just below the nipple line compress the chest one and a half inches in depth 30 times....  (counting) 27, 28 29, 30. after 30 compressions get breaths give breaths by tilting the infant's head back slightly and lifting the chin place your mouth over the infants nose and mouth and give to slow gentle breaths just enough to make their chest rise continue with 30 compressions and two breaths (Counting) 27, 28, 29, 30 continue CPR into another rescuer takes over you see signs of life or help arrives. on in",ok,youtube_captions,en,False,207,ok,https://i.ytimg.com/vi_webp/XJQF-qUWOLA/maxresdefault.webp,2026-10-02T01:34:49Z
Q001,Pediatric CPR,youtube,6,3WPOYQOYNnA,https://www.youtube.com/watch?v=3WPOYQOYNnA,How to Give CPR to an Infant,Knowing the basics of CPR can help save an infant’s life.,Nemours KidsHealth,UCDummp96hqu7KAUbs5k_zOw,https://www.youtube.com/channel/UCDummp96hqu7KAUbs5k_zOw,260000,155,2026-04-17,6011,36,1,,,,,Education,en,,,"[CHIMING] CPR is a life-saving action that can get oxygen and blood to the brain in an emergency. Getting trained in CPR is the best way to be prepared, but knowing the basics can help save a life. If a baby doesn't seem to be breathing, shout and tap the bottom of the feet and see if there's any response. Lay the baby face up on a flat, firm surface. Kneel or stand to one side. You may be taught to check for breathing by seeing if the chest is moving, but don't spend more than 10 seconds doing this. Next, shout for help. Have someone call 911 and get an AED, Automated External Defibrillator, if possible, while you start CPR. If you're alone and have a phone, call 911 and then begin CPR. Leave the phone on speaker. If you don't have a phone, do five rounds of CPR, then look for a way to call 911. Start with chest compressions. Place both thumbs side by side in the center of the baby's chest, just below the nipple line, with your other fingers wrapping around, towards the back, like this. You can also do compressions by placing the heel of one hand in the center of the chest, just below the nipple line. Push down fast and hard, about 1.5 inches deep. Let the chest come back up completely after each compression. Do this 30 times. Try to do about two compressions a second. After every 30 compressions, give two rescue breaths. To open the airway, tilt the head back and lift the chin. Put your mouth over the baby's nose and mouth and blow in for about one second. Use just enough air for the chest to rise. After the chest rises and falls, give the second breath. If the chest doesn't rise, reposition the head and chin and try again. Keep doing compressions and rescue breaths until the baby stirs or wakes up or help comes and takes over. Use an AED as soon as one is available. Don't touch patient. Analyzing. Always pause CPR while the AED analyzes for a rhythm and when delivering a shock. Press flashing Shock button. [BEEP] To be better prepared for emergencies, sign up for a life-saving CPR training course from hospitals or other professional organizations. [MUSIC PLAYING] [CHIMING]",ok,youtube_captions,en,False,388,ok,https://i.ytimg.com/vi/3WPOYQOYNnA/maxresdefault.jpg,2026-10-02T01:34:49Z
Q001,Pediatric CPR,youtube,7,AYW8rf__60U,https://www.youtube.com/watch?v=AYW8rf__60U,How to Give CPR to a Child,Knowing the basics of CPR can help save a child’s life.,Nemours KidsHealth,UCDummp96hqu7KAUbs5k_zOw,https://www.youtube.com/channel/UCDummp96hqu7KAUbs5k_zOw,260000,128,2025-06-02,110589,765,9,,,,,Education,en,,,"CPR is a life-saving action that can get oxygen and blood to the brain in an emergency. Getting trained in CPR is the best way to be prepared, but knowing the basics can help save a life. If a child doesn't seem to be breathing, shout and tap the shoulder and see if there's any response. Lay the child face up on a flat, firm surface. Kneel or stand to one side. You may be taught to check for breathing by seeing if the chest is moving, but don't spend more than 10 seconds doing this. Next, shout for help. Have someone call 911 and get an AED if possible while you start CPR. If you're alone and have a phone, call 911 and then begin CPR. Leave the phone on speaker. If you don't have a phone, do five rounds of CPR, then look for a way to call 911. Start with chest compressions. Put the heel of your hand in the center of the chest. For a small child, you'll use one hand. For a larger child, put your other hand on top with the fingers interlaced. Lock your elbows so that your arms are straight. Your shoulders should be in line with your hands. Push down fast and hard, about 2 inches deep. Let the chest come back up completely after each compression. Do this 30 times. Try to do about two compressions a second. After every 30 compressions, give two rescue breaths. To open the airway, tilt the head back and lift the chin. Pinch the nose closed. Blow into the mouth for about 1 second using just enough air to make the chest rise. After the chest rises and falls, give the second breath. If the chest doesn't rise, reposition the head and chin and try again. Keep doing compressions and rescue breaths until the child stirs or wakes up. Help comes and takes over. Or an AED says a shock is needed. To be better prepared for emergencies, sign up for a life-saving CPR training course from hospitals or other professional organizations.",ok,youtube_captions,en,True,348,ok,https://i.ytimg.com/vi_webp/AYW8rf__60U/maxresdefault.webp,2026-10-02T01:34:49Z
Q001,Pediatric CPR,youtube,8,mhfLVPxZflU,https://www.youtube.com/watch?v=mhfLVPxZflU,Infant CPR - Training Video,"In this lesson, you'll learn how to perform CPR on an infant. Much of the process will look the same as adult and child CPR, but again, there are some subtle yet crucial differences to take note of – namely, the techniques for performing chest compressions and delivering rescue breaths.

ProTrainings offers a variety of courses. Visit https://www.protrainings.com

For CPR Certification, please visit https://www.procpr.org
Bloodborne pathogens: https://www.probloodborne.com
Pet First Aid and CPR: https://www.catanddogfirstaid.com/
Anaphylaxis: https://www.proanaphylaxis.com/
HIPAA: https://www.prohipaa.com/
ACLS: https://www.proacls.com/
PALS: https://www.propals.io/

https://twitter.com/procpr
https://www.facebook.com/procpr
https://www.instagram.com/procpr",ProCPR,UCNywVU8TPBXCVFZ96Y11BLQ,https://www.youtube.com/channel/UCNywVU8TPBXCVFZ96Y11BLQ,174000,366,2026-04-03,21550,150,6,,,,,Education,en-US,,,"Like all scenarios, we have to ensure that the  scene is safe before we begin rescue, or else we can become a victim, too. And in this scenario,  you can see that the baby has probably actually got themselves into a bad situation because  they bit a cord that was frayed and may have been electrocuted. So, before we ever touch this  baby, we've gotta make sure that we de-energize the source of the electrocution. In this case,  I follow with my eyes the cord, right back to its source of energy, and I carefully unplug it  and ensure that there's no longer any chance of getting electrocuted. It's at this time, if there  are bystanders, it wouldn't be bad to call 9-1-1 or have somebody go call 9-1-1 while we then grab  the baby and bring them to a place where there's a hard surface so that we begin rescue. Carefully  roll the baby, bring them to a hard surface. Now, let's take a look at infant CPR. But, before we  get into the actual skills, let's talk about a few important parts. And one of those is, make sure  that the surface that you lay the baby on is hard and it will not allow the body of the baby to sink  into padding, that's a part of the reason why I'm not on the floor on a carpeted, padded surface.  We wanna make sure that every compression I give is maximal. We wanna make sure that it is actually  doing what it's supposed to do and that the baby's body is not sinking into that surface, diminishing  the effect of the compression. Number two, when it comes to infants and children, they're so  respiratory-driven, they're so oxygen-driven that we wanna make sure to make a note whether or not  they went into cardiac arrest in our presence or whether we found them already in cardiac arrest.  Because if we found them in cardiac arrest and we don't know how long they've been down, we know  they need oxygenation really bad. And so, we're gonna actually postpone contacting 9-1-1 or EMS to  give them CPR when we don't have a phone readily available. If we have a phone available or we have  somebody who can go call 9-1-1, then by all means, don't delay EMS. But, if you don't have a way  to call 9-1-1 and we found the baby already in cardiac arrest, we're gonna deliver two minutes of  CPR before we interrupt to go call 9-1-1. If the baby was witnessed, we call 9-1-1 immediately  and then go right into CPR. It's not wrong to carry the baby with you, either. So, if you found  the baby downstairs and you know you have to bring them up to meet the ambulance, you could carry  the baby with you and get the 9-1-1 call made, and then begin your CPR right away. In this case,  the scene is safe, our gloves are on, our CPR shield is available, and I actually do have a  cellphone that's available. So, I'm gonna call 9-1-1 because the baby is not responding. I've  already tapped their feet, I've already tapped their chest. They didn't move, they didn't cry,  they didn't talk, they didn't move to my tickling, and they certainly are not breathing normally. So,  I know this is a medical emergency, so I called 9-1-1, I actually put the phone on the speaker  so that the dispatch center can coach me through this event. I'm not alone anymore, I have help.  Now, I'm gonna bare the chest of the baby and I'm gonna find the imaginary line between the nipples.  I'm now gonna begin my one-third the depth of the chest, or approximately one and a half deep  compressions at a rate between 100 and 120 times per minute. 1 and 2 and 3 and 4 and 5 and 6  and 7 and 8 and 9 and 10, 11, 12, 13, 14, 15, 16, 17, 18, 19, 20, 21, 22, 23, 24, 25, 26, 27, 28,  29, 30. Now, I'm gonna take my CPR shield with a one-way valve. I'm gonna cover the nose and mouth  of the baby. Now, watch as I do the head tilt/chin lift. I'm not bringing the head fully back like I  would a large child or an adult because a baby's airway is only the size of their pinky. So, what  we're doing is bringing the baby's head into more of a neutral position. Remember, infants don't  really have much of a neck, so if their chin is too close to their chest or their head is  tilted back too far, both can actually diminish the openness of their airway. So, I want them in  more of a neutral position. Now, there's another little way to remember that, and I call it the  sniffing position. Now, what do I mean by sniffing position? Well, what I mean is, if you walked  into a room and someone were baking cookies, you wouldn't really put your nose down like you  were smelling a flower, you would maybe put it a slightly bit up into the air and, (sniffs) ooh,  someone's baking cookies. What's that smell? So, that's what we mean by the sniffing position. It's  not fully back, it's just slightly raised. And so, we bring the baby's head into the neutral position  or slightly-sniffing position. Now, I'm gonna seal my mouth over the nose and mouth of the baby and  deliver a rescue breath. As I deliver the breath, I see the chest rise and fall. I'm gonna deliver  my second breath. As I give my second breath, the air goes in again. Now, we can also use the  heel of one hand in the center of the chest for compressions. I'm gonna repeat the chest  compressions. 30 chest compressions between a rate of 100 to 120 times a minute. Then,  I'm gonna give them two more rescue breaths, and I'm gonna continue this cycle of 30 chest  compressions to two rescue breaths and I'm not going to stop until EMS arrives, an AED arrives,  or someone equally trained or higher relieves me.",ok,youtube_captions,en,False,1028,ok,https://i.ytimg.com/vi/mhfLVPxZflU/maxresdefault.jpg,2026-10-02T01:34:49Z
Q001,Pediatric CPR,youtube,9,mJKQMbffcEs,https://www.youtube.com/watch?v=mJKQMbffcEs,How to do infant CPR | Canadian Red Cross,"We hope you never have to do infant CPR, but it's best to be prepared. Don Marentette from the Canadian Red Cross shows you what to do if your baby stops breathing. It's also a good idea to download the Red Cross first aid app, which can guide you through CPR during an emergency. 

SUBSCRIBE to the Today's Parent channel: http://bit.ly/1sv2xFr

Find all the latest videos at http://www.todaysparent.com/videos/
Like us at https://www.facebook.com/TodaysParent/
Tweet us at https://twitter.com/todaysparent
Share the love at https://www.instagram.com/todaysparent/
And don't forget to pin it at https://www.pinterest.com/todaysparent/",Today's Parent,UCcp_EgJoLY-Umu9KZWpYdUg,https://www.youtube.com/channel/UCcp_EgJoLY-Umu9KZWpYdUg,197000,112,2017-07-13,51963,324,6,,,,baby care|cpr|cpr first aid|how to do cpr|cpr instruction|cpr for children|cpr for baby|canadian red cross|cpr training|cardiopulmonary resuscitation.|what to do if baby stops breathing|infant cpr|parenting tips|lifesaving tips,People & Blogs,en-US,,,[Music] hi there my name is dawn I'm coming Canadian Red Cross today I'm going to talk to you a little bit about how you can help your baby if they're not breathing first thing you want to do is check and see if they're actually responsible for just sleeping and you can do that by clapping your hands with you inside of them tapping their feet if they're not responding they don't respond to that you want to call 911 first thing second thing you want to do is open the airway and look list in the field and we're looking for the chest to rise and fall we're feeling for the breath on our cheek and we're listening for breath sounds if you don't hear feel or see any of those things the baby is not breathing and we have to start CPR so the first thing we're going to do is pick a spot in the middle of the chest just below the nipple line and push on the chest 30 compressions after 30 compressions you want to give two breaths just enough to make the chest start to rise [Music] it's important to try to stay calm take a deep breath continue with the cycles of 30 compressions two breaths until emergency officials arrive,ok,youtube_captions,en,True,218,ok,https://i.ytimg.com/vi_webp/mJKQMbffcEs/maxresdefault.webp,2026-10-02T01:34:49Z
Q001,Pediatric CPR,youtube,10,YeDwkE9p52M,https://www.youtube.com/watch?v=YeDwkE9p52M,How to perform CPR on an infant,"Steve Ross of First Aid and CPR, LLC demonstrates the lifesaving skills you should know.

SUBSCRIBE to GMA's YouTube page:
https://bit.ly/2Zq0dU5
SIGN UP to get the daily GMA Wake-Up Newsletter:
https://gma.abc/2Vzcd5j
VISIT GMA's homepage:
https://www.goodmorningamerica.com
FOLLOW GMA:
TikTok: https://tiktok.com/@gma
Instagram: https://instagram.com/GoodMorningAmerica
Facebook: https://facebook.com/GoodMorningAmerica
Twitter: https://twitter.com/gma

#gma #cpr #infant #childrenshealth #firstaid #safety",Good Morning America,UCH1oRy1dINbMVp3UFWrKP0w,https://www.youtube.com/channel/UCH1oRy1dINbMVp3UFWrKP0w,5510000,103,2023-05-23,210170,1750,57,,,gma|cpr|infant|childrenshealth|firstaid|safety,p_cmsid=2494279|p_vid=news-99549082|CPR|infant|children's health|safety|first aid|Steve Ross|First Aid and CPR|lifesaving|lifesaving skills|health|wellness|ABC News|GMA,Entertainment,en,,,this is infant CPR training with infants to determine if there's any response we tap them on their feet it's more sensitive next thing you want to do is try and if you can unzip the clothing right to determine if they're breathing we'll check for no less than five seconds but no more than 10. [Music] if you see no breathing no signs of life right if they're still in the crib you're gonna take them out of the crib put them onto a firm surface to do CPR uh you draw an imaginary line down the center of the chest and across the nipple line and just below that where that intersects is where you place your two fingers but we press one to an inch and a half to or one-third the depth of the baby's chest we push down we get 30 compressions four five six to give the rescue bretts we open up the airway by head tail chin lift we bring the head into What's called the neutral position and you cover your mouth over their nose and mouth and you give two little Puffs side just enough to see that chest rise to rescue brets you come back to the chest three four the other way of doing compressions are is using your thumbs all right place your thumbs on the baby's nipples and then slide them across all right when they meet at the sternum eye is where you're going to be compressing two three four five six the nine one operator will walk you if anything not sure all right and you will continue CPR until EMS and please get,ok,youtube_captions,en,True,279,ok,https://i.ytimg.com/vi/YeDwkE9p52M/maxresdefault.jpg,2026-10-02T01:34:49Z
Q001,Pediatric CPR,youtube,11,t8_MXHyRku0,https://www.youtube.com/watch?v=t8_MXHyRku0,Resus: Paediatric CPR,Introduction to paediatric CPR for those healthcare professionals who have a duty to respond,,UCtfMBGIvMaxEsTOuj2cgAkg,https://www.youtube.com/channel/UCtfMBGIvMaxEsTOuj2cgAkg,,234,2014-02-18,1327,,,,,,CPR|BLS|PBLS|Cardiopulmonary Resuscitation|Pediatrics (Medical Specialty)|5 minute medicine,People & Blogs,en-US,,,"Hi, my name's Nick and welcome to this short lecture on CPR for pediatrics, which is a follow-on from the adult CPR lecture. Thankfully, it's a lot rarer for children to go into cardiac arrest than it is for adults. The guidelines for healthcare professionals who have a duty to respond in a pediatric emergency are slightly different to the adult guidelines with a bigger emphasis on ventilations. This reflects the fact that the more likely cause of a pediatric cardiac arrest will be asphyxia as opposed to a primary cardiac event in an adult. For the purpose of the guidelines, an infant is referred to as an under 1-year-old. The child is from 1 to 18, and an adult is over 18. Since we don't always have this information immediately to hand, if it looks like a baby, assume it's a baby. If it looks like a child, then it's a child. And if it looks like an adult, then it's an adult. The initial approach is the same as for an adult. Check for danger. Check for responsiveness, usually by pinching or flicking. Never shake an infant. Then shouting for help. The way we open the airway will vary a bit depending on the size of the child. In an infant, the airway should be opened with a head in the neutral position and a chin lift. As the child increases in age, a small degree of head tilt chin lift will be required, progressing further up to a full head tilt chin lift in adulthood. With the airway open, look, listen, and feel for normal breathing for no longer than 10 seconds. Infrequent noisy gasps can occur in cardiac arrest and are not a sign of normal breathing. Assuming someone has responded to your shout for help, get them to call the pediatric cardiac arrest team on 2222, stating clearly that it's a pediatric cardiac arrest and the ward location twice. Start by clearing the airway if necessary and attempting five rescue breaths. With an infant, use your mouth over their mouth and nose, and in a child, pinch their nose and use mouth-to-mouth. Remember that your lungs are a lot bigger than theirs, so give just enough volume to make their chest rise over a duration of 1 to 1 and 1/2 seconds. If the chest hasn't risen after five attempts, then move on. The airway may be blocked. After these five attempts, check for a pulse and other signs of life for no longer than 10 seconds. In an infant, use the brachial or femoral pulse, and in a child, use the carotid or femoral pulse. Assuming there's no pulse and no signs of life, or a pulse of less than 60 in a moribund apneic infant or child, then we can presume cardiac arrest. We perform 15 compressions to rate of 100 to 120 a minute. When compressing an infant or a child's chest, we aim to compress at least 1/3 of the depth of the chest. In an infant, we do it by using two fingers or two thumbs. In a child, use one or two hands to compress the chest depending on the size of you and the size of the child. Once the 15 compressions have been performed, then attempt another two breaths, and then continue CPR to ratio of 15 to 2. If you're ever on your own, perform 1 minute of CPR before going for help. Remember that in these circumstances, doing something is always better than doing nothing. I hope you never have to use these guidelines for real.",ok,youtube_captions,en,True,601,ok,https://i.ytimg.com/vi/t8_MXHyRku0/maxresdefault.jpg,2026-10-02T01:34:49Z
Q001,Pediatric CPR,youtube,12,MEqJKbfvric,https://www.youtube.com/watch?v=MEqJKbfvric,,,,,,,,,,,,,,,,,,,,,skipped_video_unavailable,,,,,unavailable: [0;31mERROR:[0m [youtube] MEqJKbfvric: Sign in to confirm your age. Use --cookies-from-browser or --cookies for the authentication. See  https://github.com/yt-dlp/yt-dlp/wiki/FAQ#how-do-i-pass-cooki,,2026-10-02T01:34:49Z
Q001,Pediatric CPR,youtube,13,ksLwSIUljP4,https://www.youtube.com/watch?v=ksLwSIUljP4,How to Provide Infant (baby) CPR,"Step-by-step instructions on how to perform CPR on an infant (up to1 year old) demonstrated by Linda Nylander-Housholder, APRN.
If the child is not breathing and unresponsive, performing CPR can keep them alive until Emergency Medical Services (911) arrives.

This Nicklaus Children’s Hospital video follows current CPR guidelines from the American Heart Association.

00:00 Intro
01:06 Check for responsiveness and call for help
2:50 How to do chest compressions
4:25 How to give 2 breaths
5:45 CPR CYCLE START

Captions available. Versión en Español https://www.youtube.com/watch?v=dDsdiN6L-8Q

#CPR",Nicklaus Children's Hospital,UC2ttTViinY5muWmST0Pyhxg,https://www.youtube.com/channel/UC2ttTViinY5muWmST0Pyhxg,112000,535,2019-05-16,2421456,28794,589,,,cpr,infant CPR|baby CPR|CPR|nicklaus4kids|audio description|captions|audio accessible|baby emergency|baby choking|baby not breathing,Nonprofits & Activism,en,,,"Hello! and welcome to the Nicklaus Children's  Health System Learning and Development CPR educational video. This video will demonstrate the proper way to perform CPR on an infant up to one year of age and also it will include how to respond to a potential choking situation with an infant. Let's start with the basics. CPR is short for Cardio Pulmonary Resuscitation which is the action of pushing hard or compressing the chest and giving breaths to an infant. CPR will keep oxygen and blood flowing throughout the body  of an infant whose heart has stopped beating. Many people are afraid to start CPR for fear of not knowing the proper CPR technique. Never be afraid to perform CPR! Any CPR is better than no CPR! Let's get started! If you find an unresponsive infant first check for responsiveness by tapping the foot and shouting ""Baby baby are you okay?"" Did the baby move, blink, cough or show any signs of life? Now you try it with me! With your mannequin, tap the foot ""baby, baby are you okay?"" Did the baby respond? If no response, yell for help. ""Help! Help! I can't wake the baby up!"" If someone is there, tell them to call 911. ""Hey you in the blue shirt! You call 911!"" If you're all by yourself you will need to do five cycles of CPR and then call 911. Don't worry about the five cycles you'll learn how to do them during this video now. You try it with me! Let's yell for help. ""Help! Help! I can't wake the baby!"" ""You in the blue shirt call 9-1-1"" Move the clothes out of the way so you can see the infant's chest and belly scan for breathing from the head to the belly for five seconds but no more than ten seconds. Is the chest moving? Is the baby breathing? Could the baby only be gasping? Gasping is NOT normal breathing. It's a rapid sucking in of air *GASPS* and it is not normal breathing. If the baby is gasping or not breathing this baby needs CPR. To start CPR we'll need to give 30 compressions and two breaths again and again until the infant wakes up and begins to breathe or someone can take over for you. Remember, if you're alone you'll need to give five cycles of CPR then call 911. Put your phone on speaker so the emergency staff can communicate with you. Let's start with two compressions. First, place your hands, one finger breath below mid-nipple line over the lower half of the sternum or breastbone. Place the other hand on the forehead to help keep the infant's airway open Let's try the position again. We're going to draw a line right across the nipple line to the center of the chest, lift your top finger one hand on the forehead and you are in position to start CPR. Compress or push down at least one-third the depth of the chest for about one and a half inches or until you feel resistance. We're going to compress about 30 times at a fast rate We're trying to achieve about 100 to 120 compressions per minute. Be sure to allow the chest to rise back up to  normal position after each compression. Count out loud. 1-2-3-4-5-6-7-8-9-10-11-12-13-14-15 16 -17-18-19-20-21-22-23-24-25-26-27-28-29-30 After 30 compressions you will need to give two breaths. Let's practice how to give two breaths. Keeping one hand on your infant's forehead place two fingers just on the bony part of the infant's chin so you can tilt the head  backwards so the nose points to the ceiling. Try the position with me. Hand on the forehead two fingers on the chin tip the head back slightly so the nose points to the ceiling. To give your two breaths you'll need to cover the baby's mouth and nose with your mouth and you're going to breathe in just until you see chest rise. Did you see the chest rise?  If the chest didn't rise reposition the head and try your breath again. Practice these breaths with me! Let's give at least two breaths this time. Breathe. Lift. Repeat over and over again until the baby wakes up or someone can take over for you. If you're alone complete five cycles of CPR, then call 911. Let's practice the whole sequence and do five cycles the CPR with me. Tap the foot ""baby, baby! are you okay?"" Were there any signs of life? Yell for help! ""help! help! I can't wake the baby!"" ""You in the blue shirt call 9-1-1!"" Scan for signs of breathing go from the head to the belly for at least 5 seconds no more than 10 seconds. Is there any breathing? is the chest moving? is the baby only gasping? Remember gasping is that quick entry of air which is not normal breathing. If only gasping or not breathing this baby needs CPR. Bring your fingers in an imaginary line across the middle of the nipple line mid-chest you're ready for your hand position for CPR One hand on the forehead. Start your compressions. 30 compressions, 2 breaths. Let's go. 1-2-3-4-5-6-7-8-9-10-11-12-13-14-15 16-17-18-19-20-21-22-23-24-25-26-27-28-29-30 two fingers on the chin tilt the head back slightly cover mouth and nose two breaths lifting your mouth slightly between each breath Back on the chest compression cycle. 1-2-3-4-5-6-7-8-9-10-11-12-13-14-15 16-17-18-19-20-21-22-23-24-25-26-27-28-29-30 Two breaths. 1-2-3-4-5-6-7-8-9-10-11-12-13-14-15 16-17-18-19-20-21-22-23-24-25-26-27-28-29-30 Two breaths. 1-2-3-4-5-6-7-8-9-10-11-12-13-14-15 16-17-18-19-20-21-22-23-24-25-26-27-28-29-30 Two breaths. 1-2-3-4-5-6-7-8-9-10-11-12-13-14-15 16-17-18-19-20-21-22-23-24-25-26-27-28-29-30 Two breaths. You would keep on doing this over and over again until the baby wakes up or someone can take over for you. If you were alone, at this point after five cycles of CPR you would have called 911. On behalf of all of us in the Nicklaus Children's Health System we hope you found this instructional video helpful. Thanks for learning with us!",ok,youtube_captions,en,False,972,ok,https://i.ytimg.com/vi_webp/ksLwSIUljP4/maxresdefault.webp,2026-10-02T01:34:49Z
Q001,Pediatric CPR,youtube,14,0FXzHFlmQmk,https://www.youtube.com/watch?v=0FXzHFlmQmk,Infant CPR -- Texas Health Resources,"Texas Health Resources
http://www.TexasHealth.org
1-877-THR-WELL",Texas Health Resources,UC5Qmp1NgaaEsh-6qHW-7ECA,https://www.youtube.com/channel/UC5Qmp1NgaaEsh-6qHW-7ECA,14100,151,2021-02-16,70470,582,9,,,,Texas|Health|Resources|Harris|Methodist|Arlington|Memorial|Presbyterian|hospital|hospitals|health|care|healthcare|system|Dallas|Denton|Fort|Worth|Southwest|Plano|Hurst-Euless-Bedford|HEB|Azle|Cleburne|Stephenville|Allen|Kaufman|www.TexasHealth.org|TexasHealth.org,Nonprofits & Activism,en,,,cpr is cardiopulmonary resuscitation infant cpr would begin if the baby is not breathing and unresponsive to check for breathing you can feel the breasts on your cheek and also see the chest rise the chest is not rising and falling the baby is not breathing you can also check for responsive by tapping the baby's foot baby are you okay are you okay the baby is not responsive and not breathing you would want to begin cpr infant cpr hand placement is at the nipple line in the middle one finger width below the nipple line is where you begin compressions compression should be about a third of the chest depth about one to one and a half inches deep okay make sure when you do a compression that the chest recoils up so one and two and three and four and five and six and seven and eight and nine and ten eleven and twelve and thirteen fourteen fifteen sixteen seventeen eighteen nineteen 20 21 22 23 24 25 26 27 28 29 30. that's about 100 to 120 beats per minute after compressions you're going to want to give the baby two breaths the brush should be about one second long to give the baby to breath you want to cover the nose and the mouth with your mouth before giving breaths make sure the baby's head is in a neutral position where the nose is looking at the ceiling [Music] make sure the chest rise and falls after each breath if it does not you'll need to reposition the baby's head to continue cpr you'll go 30 compressions one and two and three and four and five and six and seven eight and nine and 10 11 12 13 14 15 16 17 18 19 20 21 22 23 24 25 26 27 28 29 30 to two breasts if you are alone and need to begin cpr you'll want to do five rounds of chest compressions and breasts before you call 9-1-1 if you have somebody with you shout out for them to call 9-1-1 while you start cpr you'll want to continue cpr until the baby becomes responsive or help arrives when performing cpr you want to ensure that the baby is on a flat hard surface so a tabletop or the floor would work for cpr,ok,youtube_captions,en,True,393,ok,https://i.ytimg.com/vi/0FXzHFlmQmk/maxresdefault.jpg,2026-10-02T01:34:49Z
Q001,Pediatric CPR,youtube,15,01jpBkoQr4Y,https://www.youtube.com/watch?v=01jpBkoQr4Y,Infant CPR,"Would you know what to do if an infant became unresponsive and stopped breathing? For infants, CPR looks a little different. Be prepared. Know the steps to perform proper CPR and get your baby the fast care they need after dialing 911. Find a training course today at https://www.heart.org/findacourse.",American Heart Association,UCLiWQk8JzhNRcNiDKk4dpaw,https://www.youtube.com/channel/UCLiWQk8JzhNRcNiDKk4dpaw,256000,30,2024-01-11,30953,,3,,,,,Nonprofits & Activism,,,,,disabled,,,,0,ok,https://i.ytimg.com/vi/01jpBkoQr4Y/maxresdefault.jpg,2026-10-02T01:34:49Z
Q001,Pediatric CPR,youtube,16,avYRvVHAvfM,https://www.youtube.com/watch?v=avYRvVHAvfM,How to Give Baby CPR - First Aid Training - St John Ambulance,"If a baby is unresponsive and not breathing, giving a baby CPR can help keep them alive until an ambulance arrives. In this video a St John Ambulance trainer shows you how to give CPR to a baby. 

Learn more about paediatric first aid & baby CPR: https://bit.ly/sja-baby-cpr

Learn more life saving skills with St John Ambulance first aid training courses: https://bit.ly/sja-first-aid-courses

Donate to help save lives: https://bit.ly/sja-donate

For more information follow us https://twitter.com/stjohnambulance
https://www.facebook.com/SJA

#FirstAid #PaediatricFirstAid #HowTo

Disclaimer: community-contributions are not reviewed by our clinical team so we cannot guarantee the accuracy of the first aid advice translations.",St John Ambulance,UCNTbPGW3esNltuJylZs89zQ,https://www.youtube.com/channel/UCNTbPGW3esNltuJylZs89zQ,255000,184,2016-08-31,1228659,8844,158,,,firstaid|paediatricfirstaid|howto,st johns ambulance|st john ambulance|first aid|life|death|saint johns ambulance|emergency|volunteer|be the difference|save lives|volunteering|sja|first aid training|how to first aid|pediatric first aid|what is cpr|baby cpr|baby first aid|cpr for babies|infant cpr|cpr on a baby,Education,en,,,"If you ever find your baby is not responding to you, you will give them the best chance of survival if you know what to do. If you have found your baby unresponsive and not breathing normally, you'll need to perform baby CPR. Call for help. Ask a helper to call 999 or 112 for emergency help. Use a mobile speakerphone if you're on your own, so you can start CPR as soon as possible. If you're on your own and you don't have a speakerphone, you need to do CPR for a minute before you can call for help. Place them on a firm surface and open their airway. With one hand on the forehead, gently tilt their head back. With your finger tip, gently lift the chin to open the airway. Pick out any visible obstructions from the mouth and nose. Step one is 'puff'. Take a breath, put your lips around your baby's mouth and nose make a seal. Blow gently and steadily for up to one second. The chest should rise. Remove your mouth and watch the chest fall. That's one rescue breath or 'puff'. Do this five times. Step two is 'pump', or chest compressions. Put two fingers in the centre of your baby's chest and push down a third of the depth of the chest. Release the pressure, allowing the chest to come back up before pressing back down again. Repeat this 30 times at a rate of 100-120 pumps per minute. This is quite quick. After 30 chest pumps, open the airway and give a further two puffs. Continue to alternate between thirty chest pumps and two puffs. If you're on your own and don't have a speakerphone, stop after one minute and call 999 or 112 for emergency help. If a mobile phone is not available and you have to move to get to a telephone, take the baby with you. Keep repeating 30 pumps then two puffs until help arrives or they become responsive. So remember: if your baby's unresponsive and not breathing, call for help. Ask a helper to call 999 or 112 for emergency help. If you're on your own use the speakerphone and start CPR soon as possible. If you don't have a speakerphone, do CPR for a minute before calling for emergency help. Give five initial puffs, covering both the nose and mouth, then 30 chest pumps with two fingers to the centre of the chest. Continue CPR with 30 pumps and two puffs until help arrives. And that's how you do baby CPR. Thanks for watching. Help support St John Ambulance. Donate today.",ok,youtube_captions,en,False,437,ok,https://i.ytimg.com/vi_webp/avYRvVHAvfM/maxresdefault.webp,2026-10-02T01:34:49Z
Q001,Pediatric CPR,youtube,17,xoXZCDH2bIU,https://www.youtube.com/watch?v=xoXZCDH2bIU,"CPR & AED Refresher Course with Nurse Eunice [Adult, Child, and Infant]","Need a quick CPR and AED refresher for Adults, Children and Infants? If so, watch the CPR & AED Refresher Course video to keep your CPR and AED skills fresh. 

✅ Download a Free CPR & AED Study Guide at https://www.NurseEunice.com.

✅ For CPR, BLS, ACLS, PALS, and CPR Instructor Classes in Jacksonville, visit https://FLtraining.com.

✅ For CPR, AED, and First Aid Equipment, visit https://www.Amazon.com/shop/FloridaTrainingAcademy.

✅ For CPR Instructor Development and to learn how to grow/start your own CPR or CNA Training company, visit https://FLtraining.com.

Disclaimer: While this video provides a great overview or refresher, it cannot be used as a substitute for an actual CPR training course. 

Florida Training Academy is owned and operated by a Registered Nurse. We are also an Amazon affiliate and may receive a small commission if you buy a product that we recommend. Thank you for supporting a Nurse-owned training business.",Florida Training Academy,UCjv19tb13e5hltJNigVZVqQ,https://www.youtube.com/channel/UCjv19tb13e5hltJNigVZVqQ,1140000,1331,2023-06-14,1357762,24707,1000,,,,cpr and aed refresher course 2012|2023 cpr refresher|2023 bls refresher|american heart association|american red cross|how to become a cpr instructor|bls instructor|cpr classes in jacksonville|bls classes jacksonville|acuity cpr|florida training academy|nurse eunice mathis|content creator studio|nurse entrepreneur|black nurses|bobsjax,Education,en-US,,,before you begin you want to survey the scene and things that can make the scene unsafe if you're outside of a building that could be traffic it could be an active stab or active shooter incident if the scene is not safe you will not approach you will go ahead and call 9-1-1 from a safe distance however in our instance we're surveying the scene and everything is safe now we need to check for responsiveness so we're going to go to the victim's shoulder and we're going to say hey hey are you okay are you okay we're going to tap and we're going to shout we're just not going to shout because the person could be deaf and I really want to try to stimulate this person because I don't want to be compressent on their chest if they don't need it so I'm tapping and I'm shouting and the person is not response non-responsive at this point if you're in the hospital you can go ahead and press the code button if you're outside of a hospital system you're going to go ahead and call 9-1-1 is going to be asking you what's the emergency you have a person who's not responsive that doesn't mean that they're dead if someone's blood sugar is low if they've overdosed on drugs they would be non-responsive but you still see chest rise and fall or if you're a healthcare professional you'd still be able to feel a pulse and so in our instance where CPR we're feeling for the pulse with our index and our middle finger on um we're feeling on the Carotid artery on the side nearest us and we're watching for chest rise and fall if you're old school yes you're putting your ear to their face but I promise you that's not really necessary right now all right so two fingers Carotid pulse looking for chest rise and fall 10 seconds Max that's right you get 10 seconds to decide whether or not you need to render Aid there's a breath that's called an agonal breath it's more like a gasp there are no signs of life and the person lets out air you are to assume that this person's in Cardiac Arrest because an agonal breath is a precursor to cardiac arrest and so now online's on the phone I'm telling them that there's no breathing there's no pulse they're going to ask do I have an AED and in our case we have our trainer here so yes we have an AED we're going to start high quality CPR and it now begins with chest compressions whenever you think of ABC Airway breathing circulation you want to focus on the airway as long as the person still have a pulse but once your victim is pulseless our job is to focus on high quality chest compressions we need to circulated oxygenated blood to the brain whenever someone's heart stops the oxygen doesn't leave their system it's still there it's just not moving they have residual oxygen so your goal is to start those chest compressions quickly the new priority is c a b circulation air weight and then breathing if you think about about 10 years ago the American Heart Association came out with guidelines which said that you can just do hands-only CPR which means that you wouldn't have to put your mouth on the victim's mouth whenever the advanced professionals arrived they're usually going to come with equipment and then they can take over the breast but for our purposes today I do have a pocket mask with a one-way valve and we're going to use this to simulate our reps so here we go as far as our chest compressions are concerned whenever you're compressing on the chest what I like to say is don't compress on the throat and don't press on the very end of the breastbone that's a xiphoid process pretend the victim has a perfect nipple line and you're going to place the heel of your hand in the center of their chest yes the chest should be exposed and men if you feel uncomfortable exposing a woman's chest the Good Samaritan law is going to protect you if you are rendering Aid if you still feel uncomfortable and you have now one on the phone you've called for help we want you to start those chest compressions on top of clothing but if you do realize and you're really trying to save this person's life the reason why we expose the chest is in preparation for the AED and so we do want you to do something and there is a healthy fear of you know maybe lawsuit or litigation because you're exposed a woman's chest but that fears I hope to negate that today and to decrease it because we need for you to save a woman's life the same way you save a man's life hand placement center on the chest you would then take your shoulders and your shoulders should be aligned with your hands you're going to press straight down lock your elbows when you're compressed deeply enough which is two inches for our mannequins you're going to hear a click a human you're gonna you're gonna feel resistance and that resistance is a rib and unfortunately on the breastbone we may have to sacrifice this breast bone right now in order to get to the heart that's the body's natural protective mechanism we have the rib cage and the sternum there for a reason however if I'm trying to save someone's life and trying to compress on their heart in order to circulate blood I may have to go ahead and press deeply and depend on the size of the person okay we said two inches but the side view of that person's chest is larger because they're obese you have to bring neck chest in a third of the way so depending on the size of the person the more you may have to compress but then we have an average sized person here we're going to compress two inches four five six we're gonna do 30 compressions after 30 compressions we're then going to utilize our pocket mask which is more like a teardrop shaped the angle of the mask goes over the victim's nose we're going to press and then we're going to open up the airway with a head tilt chin lift technique so let's repeat that pocket mask angle portion Bridge of the nose press tilt and now you're going to give a breath repeat it and follow it by a second breath so after 30 compressions you give two breaths each breath should last about one second what you don't want to do is hyperinflate the chest by giving too much air because if you give a really big breath you can actually inflate their stomach and of course the victim would vomit and we don't want that happening so now I'm going to repeat this process 30 compressions followed by two breaths and now continue doing this until help arrives until I'm exhausted or into the AED arrives to the scene so let's do a couple of cycles first and then we'll utilize our AED one two three four five six seven eight nine ten eleven twelve thirteen fourteen fifteen sixteen Seventeen eighteen nineteen Twenty One 22 23 24 25 26 27 28 29 30. perfect one two three four five six seven eight nine ten eleven twelve thirteen fourteen fifteen sixteen Seventeen eighteen nineteen twenty one twenty two twenty three twenty four twenty five twenty six 27 28 29 30. whenever your compressing it's really important that you allow for chest recoil and what chest recoil does is whenever you compress down you circulate blood when you allow the chest to rise to its normal position you allow the hard time to fill back up with blood so if you're pressing really fast you're not allowing full chest expansion so press down let it raise and you're going to continue doing this until the scene becomes unsafe until the victims have signs of life if they do have signs of life you can turn them over into the recovery position if Health never comes and you're exhausted you can stop your efforts you know you can only do so much by yourself and then of course you've called for help so in those Advanced providers come and they're in position and they take over that would be another reason when you can stop your CPR efforts and now we have our AED the AED stands for automated external defibrillator the reason why we say external is because some patients will have their implanted defibrillators or their pacemakers and you'll know that because you'll see like an elevated area beneath their skin at this point if someone's in Cardiac Arrest don't overthink it yes you can use somebody has an implanted device you just cannot place the pads on top of that implanted device if that device was doing what it was supposed to be doing it would be shocking the person in Cardiac Arrest if the person required a shock and so the first thing you do when the AED arrives to the scene is you're going to power it on once you've powered it on you want to follow the prompts they're really user friendly and if you work in an environment that has an AED my request to you is always give people homework is I want you to take a picture of the AED find the name find the brand and then go research that on YouTube because I need for you to know how to work your company's AED in the event of an emergency and a lot of people say well we have employee health so we have the nurse and my question is what happens if it's the nurse who's in cardiac arrest so I need for you to be a responsible adult and go ahead and use the AED that's at your workplace learn how to work it not just a nurse or the healthcare professionals we're going to power this on in a few moments after we power it on it's going to tell me to apply the past in the past have an image it has a diagram on it which shows you the pad placement and with an exposed chest it is high right low left okay and so when we say low left when I talk about the stomach we'll talk about with that crease of the breast would be because that's where the strongest part of the heart is after we apply the pads peel and stick it is going to tell us to connect it you have to learn how to use your AED because some models operate differently once we connect it it is going to say analyzing heart rhythm do not touch the victim and I want you to make sure that no one's touching you're going to make sure that everybody's clear I am not preparing you to work as a as part of a multi-rescular team I want you to use this AED exactly as it states so once we clear it it analyzes it's going to let you know whether or not a shock is required and if a shock is required there's going to be a light that flashes when that light flashes you press it just make sure no one's touching first and then you go right back into your compressions because there is not a residual charge any energy that's left over that can harm you all right so we talked about it let's actually perform it all right so what's the first thing I do in aeda wraps to the scene you said power it on you're correct second thing I do is listen ing test plug-in pads connector next to if you don't know how to place the pads follow the instructions that are on the actual pad iPad plug-in connector make sure the chest is exposed and clear once my pads are placed it's flashing to let me know where to connect it at apply pads plug-in connector analyzing heart rhythm no one can touch when it's analyzing make sure no one's clear patient everybody is clear shock advised it will flash when it's time for me to press the button be clear No One Touch everybody remain clear shocked now press the orange button now the button is flashing is what I'm going to press delivered and we go right back into our chest compressions the tone that you hear that beeping is called a metronome it helps you keep the pace of your compressions so if you go too fast slow it down and go with that metronome the metronome ensures that you're allowing for chest recoil and that you're compressing between 100 up to 120 compressions per minute and if you still have your pocket mask a one-way valve after your 30 compressions you go back and give your two breaths for classroom purposes only I am turning off this AED because I don't want to talk over it it's a little bit distracting in the real world you would keep your AED on until that person reaches their final destination so let's say that you're in the daycare center and you have to use the AED you keep that AED on into the paramedics Place airs on the paramed is going to keep their AED on until the person gets to the hospital even if the person is talking to you they've regained the pulse do not take the AED pads off and don't turn the AED off because these pads are usually single use and if the person loses a post again or if they stop breathing again another shock may be required so we want you to prepare and stay ready and of course if the person does regain Consciousness don't leave them on their back because they could vomit once you've stopped your CPR efforts because the person has achieved about pulse or they're breathing you want to put them on their side in the recovery position with the AED still monitoring them and the AED is going to reanalyze every two minutes and if the person does require another shock you would lay them back down follow the prompts and when the prompts have completed you press the shock button you go back into your chest compressions all right everybody so that was a quick review for CPR and AED for an adult and children is not much different a child is from age one to puberty and so if you have a large 10 year old a 10 year old is an adult size I need you to treat him or her as an adult so let's say we actually have a child who has not yet reached puberty you're still compressing two inches or one-third this side view of their chest it is still 30 compressions followed by two breaths the difference would be the reason that a child goes into cardiac arrest more than likely it's not their heart being an abnormal Rhythm it's because something's in their Airway okay maybe they drowned or maybe they have an object in their throat so breaths are really important and you actually do want to look in their mouth before you give the breast because if you can see an object you can do a finger sweep you can also use one or two hands with a child if it's a really small child and you are okay with compressing with your one hand and you're sure that you're getting down two inches do the one-handed technique however I don't have enough upper body strength with just one hand and I want to make sure that I'm giving this child the best chance at survival so I'm still going to use two hands when I'm performing CPR on a child victim your pad placement is also the same they do have pediatric AED pads however if you only have the adult pads use the adult pads and follow the images the only difference will be is if you have a really really small child which I'll show you with our infant demonstration is you cannot allow these pads to touch and of course the small If the child is smaller the pads are going to be closer together if that's the case you put one pad on the center front of the chest and one pad in the back when in doubt who's on the phone with you that is right 911 have the dispatcher they're going to work with you and they're going to make sure that they're helping you to help save this person's life alright everybody this is Eunice Mathis with Florida training academy and if you just stay tuned for one moment we're going to go ahead and show you how to save an infant's life Hello everybody welcome back we now have our infant station set up and same as with the adults and with the children we're going to make sure our scene is safe so we're going to look left and look right make sure that there's nothing that's going to injure us if there is an unsafe scene if you can pick the baby up and take them with you by all means do so but your job is to make sure that you are safe also and now that we have an infant here the way that I check for responsiveness is I actually tap on their foot which is they're more sensitive area so I'm going to tap on this baby's foot there is no response I'm going to go ahead and call 911 from my cell phone if there's a person nearby who can help me I can point to them and say Hey you call 911 and come back and now one's going to say what's the emergency you're going to say hey there is a baby who's not responsive and they're going to ask are they breathing do they have a pulse and so you can look for chest rise and fall on the baby you can also in the baby's inner aspect of their arm if you take your index and your middle finger you can feel for the break your pulse we don't feel for a Carotid pulse or neck pulse in infants because they usually have larger heads and little necks so it's gonna be harder to determine if they have a Carotid pulse but here break your pulse there's no breathing there is no pulse you can then if you haven't called for the AED go ahead and call for the AED also if you have the press and mannequins they have a feedback device and you just want to activate it by turning the little blue button on you're going to press it that's on their diaper area you can do input compression one of two ways you can use your two fingers or if you find that hard because maybe you have arthritis you can do the two thumb and circle in hand technique and I'll show you both techniques right now the hand placement we're going to go in the center of the sternum the lower half but not on their stomach I'm gonna do 30 compressions one two three four five six seven eight nine ten eleven twelve thirteen fourteen fifteen sixteen Seventeen eighteen nineteen twenty one twenty two 23 24 25 26 27 28 29 30 for an infant you be compressing one and a half inches or still one-third the side view of the chest allowing for full chest recoil and you would still be performing at least 100 up to 120 compressions per minute if you have your pocket mask in your one-way valve if you remember from the previous video that the angled portion goes towards the bridge of the baby's nose we're gonna do our head tilt chin lift and we're going to give a breath all right I gave my two breaths and now for my other technique that is also allowable I'm going to go ahead and do the two thumb and circling hand technique one two three four five six seven eight nine ten eleven twelve thirteen fourteen fifteen sixteen Seventeen eighteen nineteen twenty one twenty two 23 24 25 26 27 28 29 30. wanna administer those two breaths press tilt and I will continue doing this until help arrives and my help just arrived with the AED if you're a call from a previous video we're going to power it on apply pads to patient's bare chest we have the smaller pediatric pads but if we try to place them according to the pad images the password gonna touch and that is not allowable so we're going to place one pad s plug-in connector to the center front of the baby's chest and the second pad [Music] I'm now going to insert the connector analyzing heart rhythm make sure no one is touching the baby don't touch the everyone's staying clear shock advised charging stay clear of patient everyone remain clear don't touch [Music] your compress the orange button now I'm going to press the button that's flashing make sure you don't touch the infant while you're pressing this button shock I go right back into my chest compressions seven eight nine ten eleven twelve thirteen fourteen and you will continue 30 compressions followed by two breaths until more help arrives until you're exhausted if the scene becomes unsafe and again you can take the baby with you please do so and if you're in the hospital then of course you have your rapid response team are those Advanced professionals who can take over for classroom purposes only I'm turning off this AED because I don't want to talk over it but again in the real world you would keep this AED on and it's going to reanalyze every two minutes and you would do that until the baby actually reaches Final Destination and so again if you're in a child care center that could actually be whenever the paramedics arrive and they Place their AED on if you have any further questions my name is Eunice Mathis I would love to be your instructor I'm here in Jacksonville Florida our website is fls and Florida training.com you can leave a comment down below to everybody that's our quick review I do appreciate you I thank you for watching I thank you for being a lifesaver I really you know these skills and never have to use them versus needing to use them and never refreshing never reviewing these skills if you want to know how to help a choking victim just watch the next video alright everybody have a great day,ok,youtube_captions,en,True,3864,ok,https://i.ytimg.com/vi/xoXZCDH2bIU/hqdefault.jpg,2026-10-02T01:34:49Z
Q001,Pediatric CPR,youtube,18,NSzsMRzS1C4,https://www.youtube.com/watch?v=NSzsMRzS1C4,How to Perform Emergency CPR on an Infant - Royal Life Saving Training Video,"Disclaimer - This video is for training purposes only. If it is an emergency please call Triple Zero (000). 

To find out more about enrolling in a Resuscitation course with Royal Life Saving visit:   https://www.royallifesaving.com.au/training/resuscitation

A family member is the first on the scene in most emergency situations. In fact many children are alive today because their parents knew how to perform CPR and responded quickly. For this reason alone, Royal Life Saving encourages everyone to learn CPR.

Having the skills to respond in an emergency situation can mean the difference between life and death.

Resuscitation or Cardio Pulmonary Resuscitation (CPR) involves stimulating the heart and breathing air into the lungs to preserve or restore life. Resuscitation involves establishing or maintaining an airway, breathing and circulation.

Royal Life Saving has a number of CPR related resources and courses available including a CPR chart that can be used near your backyard swimming pool and CPR courses that are run in a variety of locations across all States and Territories.",RoyalLifeSavingAust,UCdWVgDMMZ5DoQTE7LZSjxow,https://www.youtube.com/channel/UCdWVgDMMZ5DoQTE7LZSjxow,2810,179,2018-04-30,136344,394,8,,,,royal life saving|first aid|cpr|resuscitation|drowning prevention|life saving|infant cpr,Nonprofits & Activism,en-US,,,[Music] to perform CPR on an infant first check for danger are you or the casualty in any immediate danger if yes then remove the danger but if that's not possible move the casualty now try to get a response from infant by squeezing their shoulders or tickling their stomach or feet can you hear me if there's no response send for help call for an ambulance on triple zero or if another person's available ask them to do it quick call an ambulance open the airway by checking the baby's mouth and leaving their head in a neutral position remove any visible solid material with a little finger sweep once the mouth is clear check for breathing look listen and feel for any breathing if they're breathing gently roll them onto their side or hold them on their side in the recovery position if you can't detect normal breathing then start CPR 30 compressions of the chest followed by two breaths here's how place two fingers in the center of the chest push the chest down by approximately one-third now do 30 compressions in time with the flashing indicator on your screen count out each compression until you reach 30 we'll wait while you do that [Music] [Music] rich xxx time for the two breaths support the chin completely cover their mouth and nose with yours and give them a small puff of air after each breath look for the rise and fall of the chest that's all the breath you need enough to lift the chest continue CPR at 30 compressions to 2 breaths and to normal breathing returns all the paramedics are ready to take over as you continue to provide 2 breaths make sure that the chest rises and falls each time if the chest doesn't rise it may mean that the airway is obstructed support the lower jaw and avoid pressure on the soft tissues of the neck if the baby is still unresponsive and not breathing normally continue CPR until help arrives if you have a defibrillator ask the triple-zero operator for advice on whether you should attach it when the ambulance arrives the paramedics need to get to the casualty as quickly as possible so have someone ready to meet the ambulance you [Music],ok,youtube_captions,en,True,381,ok,https://i.ytimg.com/vi_webp/NSzsMRzS1C4/maxresdefault.webp,2026-10-02T01:34:49Z
Q001,Pediatric CPR,youtube,19,TF77qEDHbZs,https://www.youtube.com/watch?v=TF77qEDHbZs,Infant/Baby CPR – NEW Guidelines 2026 Update | Step-by-Step Guide,"🎓 Online courses → https://fqejug.s.gy/GRymnW
📅 Open courses → https://fqejug.s.gy/ZMzEKT
💼 In-house training & group bookings → https://fqejug.s.gy/nK1PLB

🚑 Learn life-saving first aid skills step-by-step:

For less than the cost of a takeaway, you'll gain the confidence to act in real emergencies.
✔ CPR, choking, burns & more
✔ Easy to follow, real-life scenarios
✔ Learn anytime, at your own pace

Don't wait until it's too late — be prepared.

🎓 Popular online courses:
⛑ Complete First Aid Course (Recommended): https://fqejug.s.gy/GRymnW
⛑ CPR & AED Course: https://bit.ly/4edmr1k
⛑ Family First Aid: https://bit.ly/41vLkhk

📅 Prefer face-to-face training? Book an open course:
https://fqejug.s.gy/ZMzEKT

🏢 Group & workplace training across Kent & London:
https://fqejug.s.gy/nK1PLB

📍 We train in Central London, Bromley, Lewisham, Greenwich, Dartford, Maidstone, Herne Bay, Canterbury, Medway & many more sites.

-----------------
About EMT First Aid Training:
My name is Emily Mottershead — a secondary school trained teacher with over 25 years experience in the first aid industry. I left teaching to pursue my passion for educating as many people as possible with life-saving skills.

During my spare time I volunteer as a community first responder with the London Ambulance Service and deliver first aid courses across London and Kent.

✅ HSE Compliant
✅ Ofqual Accredited — TQUK & QNUK
✅ 5.0 Google rating
✅ 3,000+ learners trained
-----------------
DISCLAIMER: EMT First Aid is not responsible or liable for any diagnosis made, or actions taken based on this video. We strongly recommend attending a practical first aid course and seeking further medical advice if required.
-----------------
#firstaid #firstaidtraining #CPR #paediatricfirstaid #emergencyfirstaid #firstaidkent #firstaidlondon #EFAW #firstaidatwork #lifesavingskills #CPRtraining #EMTFirstAid #firstaidcourse #firstaidonline",EMT First Aid,UCVA0o1-mwzihyaAwQgdn4Lg,https://www.youtube.com/channel/UCVA0o1-mwzihyaAwQgdn4Lg,7290,217,2026-02-15,2797,28,,,,firstaid|firstaidtraining|cpr|paediatricfirstaid|emergencyfirstaid|firstaidkent|firstaidlondon|efaw|firstaidatwork|lifesavingskills|cprtraining|emtfirstaid|firstaidcourse|firstaidonline,how to provide first aid|first aid instruction|cpr instructional|first aid kits|medical emergency|CPR|Recovery position|Bleed Burns|Scalds|Heart Attacks|Head Injuries|emtfirstaidtraining|emtfirstaid|firstaid|training|emt|bleeding,Education,en-US,,,"Okay. So, in this video, we're going to look at infant, otherwise known as baby CPR. We're going to show you the whole thing first and then I'll break it down for you step by step. Just to recap, an infant, otherwise known as a baby, is from birth to one years old. You okay? You okay? Can you hear me? No response. Can you go and call the ambulance, please? I'm not breathing. Can you go and make sure the ambulance is coming? Now, after 1 minute of CPR, if you haven't already, call the emergency medical services. This is when you take the cavity with you and go and find a phone and make the phone call to the emergency medical services. Now, what we're going to do is break that down for you. We're going to go step by step. Now, if you want to, you can go and get a cushion and pillow or teddy that you can use as your casualty, and you can watch the video and join in. I'm going to check the area for danger, making sure it's safe for me as a first aer. And if it's not, I will then make it safe. I'm then going to check for a response. I'm going to talk to the infant, but I'm also going to tickle their feet and tickle their hands to see if they can respond to me. If they don't respond, I'm going to activate the speaker function on my mobile phone and call the emergency medical services or I'm going to ask a bystander to go and call the emergency medical services for me and ask them to get me a defibrillator. I'm then going to open the casualty's airway. I do this by placing one hand on their forehead, two fingers under the chin, and I tip the head back, but only so slightly. It's a neutral airway we're looking for. It is not a overextension of the neck. I'm then going to look, listen, and feel for normal breathing for up to 10 seconds. And if they're not breathing normally, I'm going to give five initial rescue breaths. Now, when I give my initial rescue breaths, I'm going to put my mouth over the infant's mouth and nose. And I'm going to blow in using a cheek full of air, being careful not to overinflate the infant's lungs. When I blow, I am also going to then look, make sure it's gone in, and also to breathe in fresh air. After I've given five initial rescue breaths, I'm then going to perform 15 chest compressions and two rescue breaths. Now, when I perform a chest compression, I'm going to push down 1/3 of their body depth. And I'm going to use two thumbs to do this because infant is quite small. I'm going to place one thumb on top of of the other one. And I'm going to aim on the lower breast bone and the center of the chest and push down 15 times at the speed of 100 120 beats per minute. After 15 chest compressions, I'm then going to do two rescue breaths and I'm going to just keep on going. Now, if nobody has called emergency medical services, I will keep performing CPR for one minute before I take baby with me to go and make that phone call. and then I would carry on. I will talk about the use of the AED in later videos.",ok,youtube_captions,en,True,585,ok,https://i.ytimg.com/vi/TF77qEDHbZs/maxresdefault.jpg,2026-10-02T01:34:49Z
Q001,Pediatric CPR,youtube,20,22hHcU9nO-Y,https://www.youtube.com/watch?v=22hHcU9nO-Y,Child CPR - Lay Rescuer,"Learn how to perform CPR on a child. Much of the process will look the same as adult CPR, but there are some subtle yet crucial differences to take note of.  For more training videos like this or to get CPR certified, visit https://www.procpr.org.

For more videos like this or to get CPR Certified please visit https://www.procpr.org
ProTrainings offers a variety of courses such as:
Bloodborne pathogens: https://www.probloodborne.com
Anaphylaxis: https://www.proanaphylaxis.com/
HIPAA: https://www.prohipaa.com/
ACLS: https://www.proacls.com/
PALS: https://www.propals.io/

Follow us on Twitter:  https://twitter.com/procpr
Like us on Facebook: https://www.facebook.com/procpr
Follow us on Instagram: https://www.instagram.com/procpr",ProCPR,UCNywVU8TPBXCVFZ96Y11BLQ,https://www.youtube.com/channel/UCNywVU8TPBXCVFZ96Y11BLQ,174000,231,2022-04-01,2387281,8287,144,,,,Child CPR|Lay Rescuer|Child CPR Lay Rescuer|CPR Training|Certification|CPR|AHA Guidelines|ProTrainings|chest compressions|BLS|first responder,Education,en-US,,,"Now let's cover Child CPR. A few things we should be thinking about when we're talking about Child CPR. The guidelines help us understand that the child range is between year 1 and their first signs of puberty. There is this age, it's like 14 but there's a lot of ambiguity between when does a child become an adult and when is an adult the size of a child. I personally like to go by the size of the patient. And in this case, he's clearly somewhere between the ages of 1 and 12, which is well within our safety range of a child and we're gonna use that as our guideline for doing CPR. Secondly, when we do the depth of the compression on a child, it's 1/3 the depth of the chest. So just something to keep in mind here as we're doing CPR for the child. Now in this situation we have a player on the soccer field and they suddenly collapsed. We don't know why. So we're going to assess them but we also need to think about were they electrocuted? They stepped on a bare wire? Was there a snake? Who knows, we just gonna look for anything. So ensure the scene is safe. My gloves are on, my CPR shield is available so now I'm safe to rescue. Now we're also gonna be talking about what the first step is. Hand on the forehead to remind me not to move their head and neck excessively as I tap on the collarbone. ""Hey buddy, are you all right? Are you OK?"" This player does not respond. Once there's no response to my taps and shouts and I notice that they are not breathing normally it's automatically gonna be a 911 call. ""You in the plaid shirt, go call 911 and come back I might need your help and, if you can find an AED, bring an AED with you."" If I don't have anybody to go call 911 or get an AED, I'm gonna dial 911 on my cellphone and I'm gonna put on speakerphone so that the dispatchers can help coach me through this scene. Now, we get right into our action. I'm gonna place in this case for the size of the patient one palm of one hand. If this was a large child or at the upper end of the child becoming an adult, we would treat them as an adult with two hands CPR. But this child is adequate with one. I'm gonna place the palm of my hand on the center of his chest, on the lower third of his sternum between the breasts. I'm now gonna start my compressions to 1/3 of the depth of the chest in-depth and at a rate between 100 and 120 times per minute. That's at least 2 a second. Here we go: 1 and 2 and 3 and 4 and 5 and 6 and 7 and 8 and 9 and 10, 11, 12, 13, 14, 15, 16, 17, 18, 19, 20, 21, 22, 23, 24, 25, 26, 27, 28, 29, 30. I'm gonna now give a head tilt chin left, get my mask and shield with one-way valve, pinch the nose and open the mouth. I'm gonna give my two rescue breaths. Two rescue breaths go in, I go back into my compressions, 1 and 2 and 3 and 4 and 5... ...26, 27, 28, 29, 30. I now give my two more rescue breaths and I'm gonna do this 30 compressions to 2 rescue breaths until help arrives, EMS arrives an AED arrives or my patient actually revives, starts breathing and moving on their own.",ok,youtube_captions,en,False,613,ok,https://i.ytimg.com/vi/22hHcU9nO-Y/maxresdefault.jpg,2026-10-02T01:34:49Z
Q001,Pediatric CPR,youtube,21,gJwXKFRxpqg,https://www.youtube.com/watch?v=gJwXKFRxpqg,Infant CPR - Chest Compressions - Medical City Healthcare,"Dr. Tia Raymond, a pediatric cardiologist, demonstrates how to properly perform chest compressions on an infant. 

Find a Medical City ER near you at http://MedicalCityER.com/",Medical City Healthcare,UCSzyUCH0VOxPYBOAyuqQwqA,https://www.youtube.com/channel/UCSzyUCH0VOxPYBOAyuqQwqA,9190,47,2017-03-07,521489,152,,,,,Medical City Healthcare|Infant CPR|CPR|HCA North Texas|We Deliver Dreams|Pediatric CPR,People & Blogs,en,,,"(soft music) - Once you've assessed that the infant is not breathing and is not alert and awake, you need to call for help. Make sure that the infant is on a flat surface, as much as possible, and a hard service. You'll wanna take your two fingers, your index finger and your middle finger, and place it right in the middle of the breastbone, or the sternum, underneath the two nipple lines. And you'll wanna begin compressions, pushing down on the chest and allowing the chest to come up, down on the chest, up, down on the chest, up. If you are the only person there, then you start chest compressions, and then you need to leave the side of the infant and call 911 for help. (soft music)",ok,youtube_captions,en,False,130,ok,https://i.ytimg.com/vi/gJwXKFRxpqg/maxresdefault.jpg,2026-10-02T01:34:49Z
Q001,Pediatric CPR,youtube,22,AhiuNeag1uc,https://www.youtube.com/watch?v=AhiuNeag1uc,CPR for children video (aged 1-8 years) taught by paediatric nurse Sarah Hunstead,"Learn how to perform CPR for children aged 1-8 years.
**PLEASE NOTE** 
THIS VIDEO IS FOR EDUCATIONAL PURPOSES. PLEASE CALL EMERGENCY SERVICES (PARAMEDICS) IN YOUR AREA IF YOU HAVE A MEDICAL EMERGENCY AND FOLLOW THE OPERATOR'S INSTRUCTIONS

SUMMARY AT 12:31

Sarah Hunstead; Paediatric Nurse, author,  founder of CPR Kids and mother of 2 brings you CPR Kids TV. Sarah presents an informative clip on CPR for children 1-8 years of age. 
We follow the Australian Resuscitation Council guidelines. 

Please note, information correct at time of publication, keep up to date with your first aid and book a refresher course today. This CPR for children video 

This video is intended to educate you BEFORE an accident or emergency happens so you can act quickly and confidently in an emergency. Please make sure you are up to date with your first aid by doing a hands on CPR and First Aid course. 

Visit the CPR Kids website for more info www.cprkids.com.au or follow us on Facebook for weekly LIVE videos on child health topics www.facebook.com/cprkids
Instagram @cprkids",CPR Kids,UCv8cFRrAwwaT8lJzNtYM6cQ,https://www.youtube.com/channel/UCv8cFRrAwwaT8lJzNtYM6cQ,63200,998,2019-08-25,347143,3547,88,,,,CPR Kids|CPR for kids|CPR for children|child CPR|CPR|First aid|cardiopulmonary resuscitation|DRSABCD|AED|defibrilator|recovery position|compressions|cardiac arrest|paediatrics|pediatrics|child health|cpr video CPR for children video|cpr video|CPR for children video|CPR for infants video|CPR for babies video|baby cpr video,Education,en-US,,,we're talking about CPR for children CPR is a  skill that every parent and family member must have CPR is not about bringing somebody to life  it's about circulating blood and therefore oxygen around the body primarily to the brain so that if  the cause of the baby or child going into cardiac arrest can be fixed you have given them the best  chance possible at a good outcome we're going to go through the steps of doctors ABCD D for danger  are for response s for sending for help a for airway B for breathing C for compressions and D  for defibrillator we're going to go through each step in detail and then put it all together and  show you at the end D is for danger you need to ensure that both you're safe your child is safe  and those around you are safe you need to think about things like electricity fire roads water  what dangers are around you and your child even though it can be very tempting that if your child  is injured to run straight to them it's every parent's instinct to do that you need to take  that split second to make sure that you're okay because if you're injured while you're helping  your child you can't help them and they need you so look around make sure your surroundings are  safe and if your child is safe where they are leave them where they are as you go on through the  rest of doctors ABCD however if their life is in danger where they are then you must carefully  move them no matter what their injuries are ah is for response we want to see if your child  or baby is conscious or unconscious because if they are conscious they do not need CPR squeeze  them on their shoulders open your eyes give them a good tickle open your eyes can you hear me  open your eyes and hopefully they are giving us a nice big cry or they're pushing us away if  they are unresponsive if they are floppy and not responding to us we move on to the next step s  is sending for help you need to call emergency services in Australia the number is triple zero  in New Zealand one one one make sure that you are familiar with the number to call an ambulance in  your country in Australia what we encourage you to do is download the emergency Plus app you can dial  triple zero through the app by simply pressing the button and it will give the operator the latitude  and longitude of where you are because often even though you know we think we always know where  we are what happens if you're at a friend's house you know what suburb they're in but maybe  not the exact address maybe you're at the park maybe you're out bush walking somewhere being able  to give the operator the latitude and longitude of where you are is so important so emergency  services can find you quickly the important thing to remember when you're speaking to the operator  is to answer their questions tell them where you are and what is wrong very very clearly and don't  hang up they will be sending an ambulance to you while they keep you on the line instruct you what  to do and ask your questions as needed make sure that if there is somebody with you you send them  outside to wait for the ambulance and bring them in ensure that pets are locked outside if possible  and ensure that the front door is unlocked and the paramedics can get to you and your child if you  don't have your phone with you get help any way that you can sharp until the neighbors hear you  bang on doors flag down a car do whatever you need to do to get help but don't delay giving  CPR a is the airway we need to clear and open the airway your airway is the tube that goes from  your nose and mouth down into your lungs called the windpipe or the trachea and in adults it's  quite large and diameter and quite firm a bit like a garden hose but when it comes to babies  and children the airway is really quite soft and floppy so in a baby if you imagine it's more  like a plastic straw in a child it's a little bit bigger but still quite floppy and quite narrow  so we need to remember that babies and children can block their Airways very easily when we are  unconscious our airway loses its protection all of our reflexes and muscles that keep it open and  no longer there their head will flop forward and their airway will kink off like a straw so we need  to come along and open it we're going to look in their mouth if they have carrots or vomit or Lego  something in there what we're going to do is roll them onto their side and we can clear the front  of their mouth let that drain out we're not doing any big finger sweeps right to the back because  we may push that object further down once clear roll them back onto their back we are going to  do a head tilt chin lift we're going to gently pull their head back until their chin points  towards the ceiling we are going to hold them along that hard line of their jaw and lift their  jaw upwards towards the ceiling this is called a head tilt and chin left and what it does is it  puts the airway in the right position and it pulls the tongue forward so it doesn't obstruct  the airway B is for breathing we need to check for normal or abnormal breathing the way we do  this in a child is continue to hold their airway open get down nice and close and we are going  to look listen and feel we're looking for rise and fall of the chest or tummy listening for air  coming out and feeling with our cheeks and we do this for up to 10 seconds we're not looking for a  complete absence of breathing they may be taking funny gasps they make their breathing maybe quite  shallow you may see no breathing at all trust me you will know if their breathing is abnormal  because you know what is normal for your child c is for compressions if your child is unconscious  with abnormal or no breathing we need to start CPR we don't check for a pulse because it's not about  a heart that has stopped beating it's about a heart that is ineffectively beating so how do we  do compressions in a child first of all we need to do compressions and breaths 30 compressions  to 2 breaths in a child we are going to use 1 or 2 hands whatever you need to use to achieve a  compression of one third of the depth of the chest because that's how hard we need to press feel  on yourself can you feel that hard breastbone or sternum we want to aim for the center of  the chest if it's squishy you're on stomach that's too low make sure that you can feel that  hard breastbone under your hand so on that hard breastbone in the center of the chest with one or  two hands we're going to press down 1/3 the depth of the chest at a rate of 100 to 120 compressions  per minute that's almost 2 a second and the songs stayin alive by the Bee Gees or baby shark doo  doo doo doo - Doo ahh - perfect songs for you to compress to the rhythm of 1 2 3 4 5 6 7 8 9 10 11  12 13 14 15 16 17 18 19 20 21 22 23 24 5 26 27 28 29 30 you'll know when I do my compressions that  I let the chest come all the way up without taking my hand off and then compressing down one third  again this gives a good high-quality compression it allows the heart to fill up with blood then we  squirt it out again fill up with blood squirt it out again to circulate the blood around the body  to do the breaths in a child you need to open up their airway pinch their nose and with your mouth  put a good seal over their mouth and inflate their lungs one two you'll note that I took my mouth  off in between those breaths to allow the air to come out it depends on the size of the child as to  how much air you're going to put in you shouldn't be struggling for breath and turning blue and  forcing air in all you need to do is enough to simply see the chest rise once we've done our two  breaths we move straight back into compressions if you think that your breaths haven't worked  don't waste time doing more it is simply too quick attempts at breath and then straight back  into the compressions because remember if we're wasting time on perfecting our breaths we are not  on their chest pumping that blood around the body if there is more than one person available one  person continues on with a CPR another person goes and gets the defibrillator first thing you need  to do is turn the defibrillator on and listen to it listen to what it tells you stay clear of the  patient deliver shock now delivered it is safe to touch the patient and continue on with CPR first  of all check for danger make sure that you are safe they are safe and those around you are safe  next check for response open your eyes open your eyes open your eyes we want to see if they are  conscious or unconscious if they are unconscious we move on to the next step s is sending for help  you need to call emergency services immediately call for an ambulance to come and assist you don't  hang up stay on the phone become and follow their directions next clear and open the airway in a  child we are going to do a head tilt and chin lift but first look in their mouth if they have  vomit or other objects gently roll them on their side let that drain out or clear from the front of  the mouth no big finger sweeps roll them back tilt their head back and lift their chin towards the  ceiling keep holding their airway open next check for breathing we are going to look listen and feel  get down nice and close look the rise and fall of the chest or tummy listen for air coming out  and feel with your cheeks we're not looking for a complete absence of breeding if their breathing  is abnormal if they are gasping or taking shallow breaths or if there is no breathing at all and  they are unconscious we need to commence CPR c is for compressions do not check for a pulse  it's not about a heart that stopped it's about a heart that is beating in effectively to do  compressions in a child one or two hands over the center of their chest on the hard breastbone  push down 1/3 the depth of their chest at a rate 100 to 120 compressions per minute that's almost  two a second we're going to do a ratio of 30 compressions to 2 breaths 1 2 3 4 5 6 7 8 9 10  11 12 13 14 15 16 17 18 19 20 21 22 23 24 25 26 27 28 29 30 open up the airway breathe breathe 1  2 3 4 5 6 7 8 9 10 11 12 13 14 15 16 17 18 19 20 21 22 23 24 25 26 27 28 29 30 open up the airway  1 2 if there is a defibrillator available use it if you are by yourself continue on with CPR only  if there is another person available send them to go and get the defibrillator and follow its  props you do not need to be trained to use it and when do you stop CPR if the child starts  responding if you are too physically exhausted to keep going or you're in danger if  somebody more experienced comes along such as the paramedics arrive  or the defibrillator tells you,ok,youtube_captions,en,False,2096,ok,https://i.ytimg.com/vi_webp/AhiuNeag1uc/maxresdefault.webp,2026-10-02T01:34:49Z
Q001,Pediatric CPR,youtube,23,818My0zEOfo,https://www.youtube.com/watch?v=818My0zEOfo,How to Perform CPR on an Infant,Learn how to safely perform CPR on an infant who is not breathing. A Memorial Healthcare System and Joe DiMaggio Children’s Hospital instructor demonstrates what to do after calling 911 until help arrives.,Joe DiMaggio Children's Hospital,UCAFZs5cx3bu-0hYHmBu1tsg,https://www.youtube.com/channel/UCAFZs5cx3bu-0hYHmBu1tsg,3950,84,2020-11-09,3606,30,,,,,Tags: infant CPR|CPR on an infant|infant not breathing|infant CPR demonstration|infant CPR demo|Memorial Healthcare System|Joe DiMaggio Children’s Hospital,Nonprofits & Activism,en,,,now for infant cpr it's going to be a little bit different so we're going to walk through those basic stuff the first thing is we're always going to call 9-1-1 put it on speaker so that way that person could help you second is you're going to check for safety make sure that you're safe to be able to help that infant and we're going to tap the infant's foot make sure there's no movement no breathing now we're going to start cpr always with one hand we're going to hold the head just so that way we secure the neck remember that they're just developing their neck muscles so we don't want to harm them then we're going to take two fingers in between the chest in between the nipple line we're going to start compressions we're going to do 30 compressions and we're going to count 1 2 3 4 5 6. you're going to continue counting to 30 and then we're going to do two breaths we're going to seal our mouth around their nose and mouth and give two breaths one and two and then go back to compressions we're going to do another set of 30. once you have completed a five cycle of cpr you're going to analyze the situation and then if you need to do five more cycles of cpr you're going to continue the 30 compressions and two breaths until help arrives,ok,youtube_captions,en,True,242,ok,https://i.ytimg.com/vi_webp/818My0zEOfo/maxresdefault.webp,2026-10-02T01:34:49Z
Q001,Pediatric CPR,youtube,24,afWuOg33_7o,https://www.youtube.com/watch?v=afWuOg33_7o,How to Perform CPR on an Adult and Child,Learn how to do CPR chest compressions and breaths for adults and children. A Memorial Healthcare System and Joe DiMaggio Children’s Hospital instructor demonstrates the proper technique to perform CPR after calling 911.,Joe DiMaggio Children's Hospital,UCAFZs5cx3bu-0hYHmBu1tsg,https://www.youtube.com/channel/UCAFZs5cx3bu-0hYHmBu1tsg,3950,116,2020-11-09,68834,665,,,,,adult CPR|child CPR|CPR demo|how to do CPR|how to perform CPR|chest compressions|Memorial Healthcare System|Joe DiMaggio Children’s Hospital,Nonprofits & Activism,en-US,,,so we're going to talk to you about basic information on cpr remember when you're at home you'll be saving someone's life okay first thing is that you're always going to call 9-1-1 place the phone down and on speakers so someone be able to talk to you i'm going to talk to you and tell you about adult cpr so this is an adult remember your safety is going to be first so make sure that the scene is safe if everything is safe you already put the phone down now you're going to tap and shout hey hey are you okay while you're tapping you're looking for any kind of movement or any kind of breathing if there is no breathing or no movement that's when you're going to start the compressions we're going to do 30 compressions and then we're going to follow it through with two breaths so you place your hand between the nipple and the chest and then you're gonna start and one two three four five six you're going to continue to 30 counts once you finish those 30 counts you're gonna pinch the nose and give two breaths one and two and we're going to continue this for five cycles so those are going to be repeated cycles 32 32 for the adult is always the two hands once you've completed the five cycle you're going to analyze and remember if you have your phone and you dial 9-1-1 someone on the other line will inform you and walk you through as well for the child we might do the same thing 30 compressions two breaths but we might just use one hand and we start the compressions in between chest and we're gonna count to one two three four five six we go all the way to thirty then we pinch the nose two breaths and again thirty two breaths and we do five cycles remember the cpr can save someone's life,ok,youtube_captions,en,True,331,ok,https://i.ytimg.com/vi_webp/afWuOg33_7o/maxresdefault.webp,2026-10-02T01:34:49Z
Q001,Pediatric CPR,youtube,25,sdJa8bzW6I4,https://www.youtube.com/watch?v=sdJa8bzW6I4,INFANT CPR: CHEAT SHEET,"Learn More (Video Study Course): https://www.prepareforems.com

Infant CPR has some major differences from traditional adult CPR. The compression rates change while also the way we provide chest compressions is different. 

I breakdown in this video everything you need to know to pass EMT school, basic life support CPR class and be confident taking care of infant CPR patients in the field. 

Watching this video prior to AHA BLS (American Heart Association, basic life support) will make the class easier for you. New oncoming EMTs can use this to review prior to entering class. I look forward to helping you with all your EMS education. 

Be Great, 

Evan, The Paramedic Coach®

#EMT #CPR #InfantCPR 

Watch more from The Paramedic Coach: 

Study NREMT Practice Questions: https://www.youtube.com/watch?v=bC3eucmz90o&list=PL9-tc4FtOsByjplPnpM64ylZEdzQ4cNRP

Get Better at Patient Assessment:
https://www.youtube.com/watch?v=agUe5m9EuLA&list=PL9-tc4FtOsBx4m4hP55xPwWrFRHb5Xs_9",The Paramedic Coach,UC6Pkyjskf0E8L8i_xpdsAmQ,https://www.youtube.com/channel/UC6Pkyjskf0E8L8i_xpdsAmQ,317000,284,2022-04-25,40069,726,30,,,emt|cpr|infantcpr,Infant CPR|Infant CPR Cheat Sheet|Infant CPR Study Guide|AHA BLS|EMT Class|EMT School|EMS Education|Paramedic Coach|The Paramedic Coach|EMT Lectures|EMT Coach|EMT Tutor|CPR Class|Pediatric CPR|Basic Life Support|nremt|nremt test prep|nremt exam prep|pass the nremt|nremt cognitive|emtb|nremt tips|CPR AED,Education,en,,,first we're going to talk about who exactly is an infant well we're talking about a patient that is over a month old but under a year old that is defined as infant we're talking about infant cpr separate from pediatrics of infant cpr now first thing we're going to do we have 10 seconds to do three things try to stimulate and check for responsiveness of the child breathing and a pulse so we first let's say we let's say someone says give us the patient we have the patient in our arms we want to try to stimulate see the patient responsive let's say they're unresponsive we're trying to expose the patient's chest abdomen and want to see is the patient breathing do we see any breathing at all no okay then we have in that 10 seconds to check for a pulse so if we have unresponsive no breathing no pulse start cpr and let's move into number two so we're starting cpr let's say we're out of the hospital and we're out in public now we're gonna activate ems we're gonna call 9-1-1 we're gonna get some help and we're gonna find the nearest aed while we're doing cpr i'm gonna talk to you here in a moment about one rescuer versus two rescuers cpr there is a difference now let's say we're working in the ambulance and we're two emt crew of course we have a partner so we are two rescuers we're bringing up our aed we're getting the pads going while we're providing compressions this is what you must know so we have one rescuer with infant cpr that has 30 compressions with two ventilations now i'm going to show you a picture right here of a pediatric bvm so you can see what it looks like and i'm going to show you right here what the cpr grip if you will is going to be the cpr method if you will is going to be for the one rescuer and now i'm going to show you what it looks like for the two rescuer so the way to remember it so i wrote down here one rescuer it's two finger cpr and then we i co you could say the two-handed right you can also you think about two thumbs versus two fingers because you have two hands right so two-handed grip i call it 15-2 compressions ratio is going to be for two rescuers okay now here's cpr tips we are going to be compressing one third of the diameter of the patient's chest so let's keep that in mind that will be at every exam now 100 to 120 is the compressions per minute race we want to get at least 100 the real goal is 100 to 120. now here's a pearl you can place some padding behind the shoulders and i'm going to show you right here what the sniffing position is for a child you see it here right with adults we really got to crank their head back to get into that sitting position a ph has so much you put some some padding under the shoulders and it goes right into position so that's the tip there now here's the bonus what do you do if your infant patient starts to choke how do we know it's a full obstruction here's how we know no noise no crying full obstruction if a patient is crying coughing it's a partial obstruction so what do we do the first thing we want to do is we're going to approach the patient we're going to hold the pain securely and we're going to deliver five back blows followed up by five chest thrusts or something called compression that we learned about right so five back blows five chest thrusts here it is okay we're gonna repeat this until the object clears now here's the big thing what if it doesn't clear well if the patient slips into no breathing no responses no pulse you're going to start cpr and we just learned about the infant cpr go through all that right so that's the key things you want to do with a choking patient like this if you right now are getting ready for emt school advanced dmt or paramedic school or maybe you're getting ready for your national registry exams first link in description is lifetime access to all my prep work prep for school help in school medications national registry skills is all down below in the first link and i will see you on the inside i'll catch you in the next video you,ok,youtube_captions,en,True,779,ok,https://i.ytimg.com/vi_webp/sdJa8bzW6I4/maxresdefault.webp,2026-10-02T01:34:49Z
Q001,Pediatric CPR,youtube,26,0aV9NS0ogiM,https://www.youtube.com/watch?v=0aV9NS0ogiM,How to do Child CPR - First Aid Training - St John Ambulance,"If a child is unresponsive and not breathing, you will need to do CPR. In this video, a St John Ambulance trainer shows the steps & demonstrates how to do CPR on a child, and explains what to do if you're helping the casualty alone, or with a helper.

Find out how to perform CPR on a child: https://bit.ly/sja-child-cpr

Learn more ways to help people with St John Ambulance first aid training courses: https://bit.ly/sja-first-aid-courses

Donate to help save lives: https://bit.ly/sja-donate

St John Ambulance on Facebook - http://www.facebook.com/sja

St John Ambulance on Twitter - http://www.twitter.com/stjohnambulance

Subscribe to St John Ambulance on YouTube -  http://www.youtube.com/stjohnambulance

#FirstAid #PaediatricFirstAid #HowTo",St John Ambulance,UCNTbPGW3esNltuJylZs89zQ,https://www.youtube.com/channel/UCNTbPGW3esNltuJylZs89zQ,255000,262,2016-08-30,624106,3701,68,,,firstaid|paediatricfirstaid|howto,st johns ambulance|st john ambulance|first aid|life|death|saint johns ambulance|emergency|CPR|child CPR|volunteer|be the difference|save lives|volunteering|sja|first aid training|how to first aid|cpr training|cpr steps|cpr for kids|child cpr|cpr first aid|cpr guidelines|how to do cpr,Education,en,,,"If after performing a primary survey, you find a child who is unresponsive and not breathing normally, call for help. Ask someone to phone 999 or 112, and ask them to bring an AED if one is available, while you begin CPR immediately. If you're by yourself and do not have a speakerphone, start CPR with five initial rescue breaths, then 30 chest compressions and 2 rescue breaths for one minute before calling for help. To give rescue breaths, open the airway by tilting the head back with one hand on the forehead and two fingers under the chin. Pick out any obstructions from their mouth to clear the airway only if you can clearly see something. Keeping the head in this position, pinch the soft part of the nose. Allow the mouth to fall open. Take a deep breath and seal your mouth around theirs. Blow steadily into their mouth, giving a rescue breath in about one second. The chest will rise. Remove your mouth from theirs and watch their chest fall. Give them five initial rescue breaths at about one breath per second, like this. To do chest compressions, kneel down by child, beside their chest. Place only one hand on the centre of the chest. Lean over the child with your arms straight and press down vertically one-third of its depth. Release the pressure. Allow the chest to come back up without removing your hand from the chest. Repeat this to give 30 chest compressions at a rate of 100 to 120 beats per minute. This is quite fast and to help you, you can sing Nellie the Elephant, which can help you to keep up with the pace. After thirty chest compressions, open the airway and give them a further two rescue breaths. Continue to alternate between thirty chest compressions and two rescue breaths until help arrives. If you're on your own and don't have a speakerphone, stop after one minute and call 999 or 112 for emergency help If a mobile phone is not available and you have to move to get a telephone, take the child with you if you are able. Do not leave the child to look for an AED - the emergency services will bring one with them. If there is someone there who can help, if they brought an AED, ask them to turn it on and follow instructions while you continue CPR. If they can help you perform CPR, you can swap over every one to two minutes with minimal interruptions to chest compressions. Continue CPR until emergency help arrives and takes over, the child starts to show signs of becoming responsive, they start breathing normally or opening their eyes, or you become too exhausted to continue. If they do start breathing normally again, put them in the recovery position. So remember: if you come across a child that's unresponsive and not breathing normally, call for help. Tell a helper to call 999 or 112 straightaway and ask them to bring an AED. Give five initial rescue breaths Then thirty chest compressions followed by two rescue breaths. Continue giving 30 chest compressions to 2 rescue breaths until help arrives, or the child starts to breathe. And that's how we perform CPR on a child. If this video has been helpful to you, help support St John Ambulance by going to sja.org.uk/donate",ok,youtube_captions,en,False,562,ok,https://i.ytimg.com/vi_webp/0aV9NS0ogiM/maxresdefault.webp,2026-10-02T01:34:49Z
Q001,Pediatric CPR,youtube,27,cVWOh8ENx14,https://www.youtube.com/watch?v=cVWOh8ENx14,How to Use an AED on an Infant Pediatric Victim during CPR,"This video demonstrates how to use an AED (automated external defibrillator)during CPR on an infant (less than 12 months of age) which is a pediatric victim. I show how to place the pediatric defibrillator pads on the chest and the key concepts on what to remember when using an AED during CPR.

FREE CPR Quiz: http://www.registerednursern.com/cpr-practice-quiz-questions-for-adult-victims/

CPR Teaching Tutorials: https://www.youtube.com/playlist?list=PLQrdx7rRsKfUTNHQIha0Tfwc-U1803Eeg",RegisteredNurseRN,UCPyMN8DzkFl2__xnTEiGZ1w,https://www.youtube.com/channel/UCPyMN8DzkFl2__xnTEiGZ1w,5600000,270,2015-10-15,54165,562,,,,,Pediatrics (Industry)|Cardiopulmonary Resuscitation (Medical Treatment)|Automated External Defibrillator|cpr|how to use an AED|how to use an AED on infant|how to perform CPR|PALS|nursing student|Nursing (Field Of Study)|Nursing School (Organization)|Registered Nurse (Profession)|registerednursern.com,Education,en,,,hey everyone is fair with registered nurse orient comb and in this video I want to go over how to use an ad on an infant in my previous videos I went over how to use an ad on an adult and in this video I want to demonstrate how you would do that on an infant however before we begin I want to go over some key concepts with you now the most preferred method to defibrillate an infant is to use a manual defibrillator but sometimes that's not always the case you don't always have the luxury of having that with you and if you're out in a setting the only thing you may have is an AED so it's a very good idea that you get comfortable with the type of equipment that is around to because every ad is set up a little bit differently now it's recommended that whenever you use an ad on an infant that you use an ad with a pediatric attenuator meaning that whenever you shock that infant that it will deliver a pediatric dose to the infant and also you use pediatric pads and let me show you the difference here right here we have some pediatric pads they are smaller than the adult pads these pads can be used for a child and an infant now compare these with the adult pads they are a lot larger however say that there's a situation you get an ad and the only thing that is available for you to use our adult pads and it does not have your ad does not have a pediatric attenuator so you can give an adult dose to the infant using adult pads the key is just not to overlap the pads make sure that they're not touching now how can you tell if an ad has a pediatric attenuator again you want to get comfortable with your equipment and make sure you know how it works but generally they'll have like a little key switch that's similar to what this looks like and it's typically sometimes it's pink may look like a little teddy bear and just to signify to you that it's a pediatric dose and then some ATS have little switches on them where you could switch it over so let me demonstrate for you how to place the pads and how to use the ad whenever you're using it on an infant okay immediately whenever the AED arrives you want to use it so you will turn it on very first thing you'll do is turn it on and it will tell you everything to do and you'll want to start getting your pads out and expose their tests and get out the pediatric pads if it has it and the pads will tell you where to fit chapathi because this is an infant we're going to put a pad on the front and then we're going to put a pad on the back so let's do that you're going to put on the front and press it down firmly and then as you turn the infant over support their neck and flip them over and then put it on their back and then put them over again and you're going to plug your connector into your AED and analyze them and do not touch the patient while analyzing because it could cause it to read something that doesn't have shock it by so what we're going to do is make sure everyone's leers and clear and whenever everyone's clear you're going to hit the shock button which is blinking and clear and then you're going to start your CPR bag and you'll do five cycles and after five cycles this machine will read analyze and see if we need another shock and that beeping you're hearing is just telling you the write that you need to go because we need to go hard and fast so that is when you use an ad on an infant thank you so much for watching this video and be sure to check out my other CPR teaching tutorials so you'll be prepared for your CPR certification or recertification class and a playlist should be popping up so you can access those videos and don't forget to subscribe to this YouTube channel,ok,youtube_captions,en,True,728,ok,https://i.ytimg.com/vi/cVWOh8ENx14/hqdefault.jpg,2026-10-02T01:34:49Z
Q001,Pediatric CPR,youtube,28,mnL_Dugm4y0,https://www.youtube.com/watch?v=mnL_Dugm4y0,INFANT CPR कैसे करे | Learn CPR,"CPR or cardio pulmonary resuscitation is a life saving technique which is used during sudden cardiac arrest. 

There are mainly two components of CPR. 
Cardiac compression
Artificial breathing
Infant CPR means  CPR for less then one year child. 
Basic technique is same as in adult with few differences.
In this video , we have demonstrated CPR technique on an infant manikin. 
Infant CPR training is very important and every parent whose baby is delivered prematurely must learn this technique .

IMPORTANT: You must practice CPR on a mannequin (doll) with a nurse to be sure you are doing it correctly. This should be done before you leave the hospital.

NOTE: If you wish to get training on infant CPR , contact at arihant hospital, sikar India
Or call 8432555111

Resources: Guidelines for Cardiopulmonary Resuscitation (CPR) and Emergency Cardiovascular Care 2018, American Heart Association.

Pl like and share this video and subscribe our channel.

Subscribe to our official  YouTube channel to get all the latest free videos http://www.youtube.com/c/care4cute

Also subscribe to our production channel for creative videos and short films
http://www.youtube.com/c/arihantcreations

*****************************************
Join us on Facebook
https://www.facebook.com/arihanthospitalsikar
https://www.facebook.com/caringcute
https://www.facebook.com/arihantcreations.net
*****************************************
Join us on Instagram
https://www.instagram.com/arihantivf
https://www.instagram.com/arihant.creations
https://www.instagram.com/care4cute
*****************************************
Join us on twitter
https://twitter.com/care4cute
https://twitter.com/arihantivf
https://twitter.com/Arihantstudio
*****************************************
Visit our websites 
https://www.care4cute.com
https://www.arihanthospitalsikar.com
https://arihantcreations.net
************************************
CONTACT INFO & DETAILS
Arihant IVF 
Somnath Trihan’s Street Taparia Bageechi
Sikar, Rajasthan, India
Working hours: 10am – 7pm on weekdays

For booking an online appointment with Dr Ajay Jain
Call 8432555111

(+91)-8432555111
01572-255002
contact@arihanthospitalsikar.com",,UCRP_WEwEXufEErhl21D8Qqw,https://www.youtube.com/channel/UCRP_WEwEXufEErhl21D8Qqw,,507,2019-03-24,418418,,,,,,care4cute|arihant hospital|cpr|how to do cpr|neonatal care|neonatal resuscitation|resuscitation|emergency cardiovascular care|basic knowledge of resuscitation|what is resuscitation|cardic compression|resuscitation guidline|infant cpr|learn infant cpr|cardio pulmonary resuscitation for infants|learn cpr in hindi,People & Blogs,,,,,disabled,,,,0,ok,https://i.ytimg.com/vi_webp/mnL_Dugm4y0/maxresdefault.webp,2026-10-02T01:34:49Z
Q001,Pediatric CPR,youtube,29,NyvNGnKjKDw,https://www.youtube.com/watch?v=NyvNGnKjKDw,Infant CPR (Basic Life Support),"This video walks through the steps of layperson CPR and choking intervention for infants (under 1 year of age). CPR is a lifesaving procedure that helps keep vital organs perfused in the event of cardiac arrest. 

While the information in this video is correct to the best of my knowledge, always refer to official CPR recommendations and follow local policy, procedure, protocol and law when initiating medical care.",PrepMedic,UCVhScPcuVSTlxwpsq1H_KKw,https://www.youtube.com/channel/UCVhScPcuVSTlxwpsq1H_KKw,668000,521,2022-01-30,1115670,42425,1800,,,,CPR|lifesaving|ems|medic|baby CPR|Infant|infant cpr|save a life|first aid|medical care|emt|flight medic|son|daughter|family|ambulance|911|information,Education,en-US,,,hey guys my name's sam and welcome to prepmedic this week we are talking infant cpr all right a couple disclaimers before we get started with the video number one working with an infant is uh very distracting this is a very high fidelity simulation mannequin uh took about nine months to make number two medical information changes over time so if you're watching this video at any point after when i recorded it which is all of you there is a chance that the medical science has changed and current recommendations have changed all the information in this video is accurate to my knowledge but i have been known to get things wrong before so it's very important that you go take a card class either through the american heart association or the red cross with all that being said let's get into the video alright so today we are talking about infant cpr which is basic life support for children under the age of one but over the age of one month this is oliver he's my son obviously and he is about two months old at this point of time so i figured this would be a great time to do this video the first thing we're going to be talking about is cardiopulmonary arrest so that's when we're going to be doing cpr on children now this is a very rare occurrence and no before you guys start commenting and start reporting me for child abuse i'm not actually going to do cpr and oliver i don't have a good training mannequin for infants so i can demonstrate this in some other ways that won't actually hurt this little guy so number one we're looking for the signs to start cpr and that for the layperson is going to be a child who is not breathing or not breathing effectively so they might grunt that's called an agonal respiration and is unresponsive so as we come up to an infant that is unresponsive we're going to tap and shout so we're going to tap the bottom of their foot and we're going to yell baby baby are you okay we want to stimulate them so if they are alive just sleeping or in a somulan state from another medical condition we want to get a rise out of them a crying baby is a good baby so i come up to oliver and i say baby baby baby are you okay and we're going to pretend he's flaccid i'm going to look at his chest and see if he's breathing now it's a lot easier if you take off whatever the covering they're wearing is so you can actually visualize the chest and you'll be able to actually see him breathing on his chest and we can see that pretty easily so we've got some tummy breathing here we've got breathing he doesn't have retractions he's not using a ton of accessory muscles which is great but we're tapping we're looking to see if he's breathing and he's not breathing and he's not moving at all so the next step here get this under him so he doesn't get super mad is going to be positioned for cpr so i want to get somebody getting help so you go get help or if i have a cell phone i can take that out put that on speakerphone and i'm going to get an ambulance coming because cpr is just a sustainment measure most of the time it's not going to actually resuscitate somebody right there without electricity or other interventions the next thing i want to do is i want to identify the landmarks on the baby so for a baby we're going to find the nipple line right here and i'm going to put my top finger just under the nipple line the other finger right above that and i'm going to compress down one third the diameter of the chest so on oliver we can see we're going to be compressing almost that much so we're going to come down and that's seems like a really deep compression however that's what's going to help the heartbeat now while this does cause some internal injuries they're not serious and they will not uh cause the baby any long-term harm so we're going to start compressions and we're going to do that 30 times so if i have like a towel we'll just pretend i'm doing cpr right here we're going to go one two three four five six seven eight all the way up to 30. we're then going to take the airway and we're going to move this so i don't want to do a head tilt chin lift too big baby's airways are relatively small and they can kink off you can see while oliver is laying down i think you can see it on this camera see how his head is pretty big now granted he's got a big head for a baby anyways but one thing that can happen is they'll actually kink it off and you can put something behind their shoulders and that's going to put them in what's called a sniffing position so a neutral in line position to open that airway and i'm just going to slowly turn up the chin i'm going to take my mouth and make a seal over the nose and mouth and i'm going to breathe twice so 1 1000 1 thousand and i'm just breathing until i see the chest rise babies have very very small lungs so obviously this isn't something i need to do excessively or we might cause some barotrauma some over expansion of those lungs so we're gonna go 30 to 2. if i get a second rescuer with me or somebody else that can do cpr we're going to transition so one person is going to be at the head doing breaths the other person is going to come along the baby like this and take their thumbs put them in the exact same position the fingers were and we're going to do basically a downward push with our thumbs to do cpr so looking at this blanket that i put under him sorry oliver we can take that and we're going to take this right here and go one two three four five six 7 8 9 10 11 12 13 14 15. once we hit 15 they're going to give the two breaths and we're going to do 15 again when we're just one rescuer we don't want to be delaying it by doing all these transitions back and forth that's why we're doing that 30 to 2 4 babies all right so moving on to the next part of this we're going to talk about choking now oliver here is two months old so his risk of choking is not very high simply because he's not at the point where he's grabbing things putting things in his mouth if a baby is choking and they're below the age where they can actually handle things there might be something else going on so just keep that in mind now once he gets a little bit older we start getting in that six seven eight month range he's gonna be picking things up and he might pick up you know a lego or werther's whatever put it in his mouth or you're just feeding him peas or something who knows and he might start choking and we have to be able to perform basically the baby version of the heimlich and it's very very similar to uh cpr so for this we're gonna do the same thing baby won't be making any noise gotta lower this desk just a little bit here to actually make this work bye oliver in these cases we're gonna take the baby they're not gonna be making any noise if they're making noise you have striders respirations which means you have this really high pitched wine we're going to call 9-1-1 but we're not going to do this maneuver until they've stopped making noise and they're not breathing because that is a sign it's a complete airway obstruction and the only thing we can do here is help so the first step here is we're going to hold them and we're going to hold them pretty securely with our hands kind of like a football we're going to take this we're going to do sorry we're going to do five compressions we're then going to take them we're going to hold them just like this we're going to move them over and we're going to give them five backflows one two three four five these are very forceful and we want their head tilted down we're going to continue going both ways until that obstruction clears as they're on their back you can also kind of look in their mouth if you see what was causing the obstruction you can grab it but never ever do a blind finger sweep you might push it farther than you can actually retrieve so once again that's going to be five compressions like this you're gonna hold them like a football support that head always one two three four five grab them like this don't poke out their eyes support their head with your other hand and do one two three four five and just to demonstrate kind of the forcefulness of those back blows it's one two three four five all right guys so i hope this video was informative if not entertaining uh like i said in the beginning of this video this is not a replacement for card classes medical information changes and i'm just some guy on the internet so it's not a replacement for an in-person class if you have any questions leave them in the comments down below and i will see you next week you,ok,youtube_captions,en,True,1669,ok,https://i.ytimg.com/vi/NyvNGnKjKDw/maxresdefault.jpg,2026-10-02T01:34:49Z
Q001,Pediatric CPR,youtube,30,iyjL3eZlP90,https://www.youtube.com/watch?v=iyjL3eZlP90,Infant CPR (Baby CPR),"https://www.propals.io - PALS Certification Training Videos - Get $20 off your certification or recertification with the discount code youtubepals2017

If a baby does not respond and is not breathing normally, call 911. Check for a brachial pulse for no more than 10 seconds. If there is no pulse, begin CPR on the infant. CPR should be performed with two fingers in the center of the chest, on the sternum, between the nipples for 30 compressions followed by two breaths. Repeat this process until EMS arrives, an AED becomes available, or advanced life support arrives.

Check out all of ProTrainings' courses: https://www.protrainings.com

For more videos like this or to get CPR Certified please visit https://www.procpr.org
ProTrainings offers a variety of courses such as:
Bloodborne pathogens: https://www.probloodborne.com
Pet First Aid and CPR: https://www.catanddogfirstaid.com/
Anaphylaxis: https://www.proanaphylaxis.com/
HIPAA: https://www.prohipaa.com/
ACLS: https://www.proacls.com/
PALS: https://www.propals.io/

Follow us on Twitter:  https://twitter.com/procpr
Like us on Facebook: https://www.facebook.com/procpr
Follow us on Instagram: https://www.instagram.com/procpr",ProCPR,UCNywVU8TPBXCVFZ96Y11BLQ,https://www.youtube.com/channel/UCNywVU8TPBXCVFZ96Y11BLQ,174000,223,2018-02-08,305678,1655,48,,,,Infant CPR|PALS|PALS Training|PALS Course|Baby CPR|was-monetized,Education,,,,"Now we're going to cover one rescuer infant CPR for the healthcare professional. Our scene is safe, our gloves are on, our CPR shield is available with a one way valve. In this situation we received a patient who has possibly been electrocuted. We're going to place one hand on the forehead as we tap and try to stimulate the patient. They do not respond to our taps and shouts. They're unresponsive and they're not breathing normally. If we we are in a situation where we still need to activate EMS we're going to call 911 and then we're going to begin our treatment. If you're in a hospital or clinical setting we maybe now time to call a code. Now as we check for that breathing, to see if they're breathing normally we're also going to feel to a brachial pulse for no more than 10 seconds. We check for that brachial pulse by reaching on the inside of the bicep between the tricep and the bicep on the inside of the arm. We do not feel a pulse and there is no normal breathing. We're going to draw an imaginary line across the nipples and drop our two fingers down on the lower third of the sternum. When we do our compressions it's important to remember that the depth is going to be approximately one third of the depth of the chest and the rate is going to be between 100 and 120 compressions per minute. It'll look like this. One, two, three, four, five, six, seven, eight, ten, eleven, twelve, thirteen, fourteen, fifteen, sixteen, seventeen, eighteen, nineteen, twenty, twenty one, twenty two, twenty three, twenty four, twenty five, twenty six, twenty seven, twenty eight, twenty nine, thirty. We grab our appropriate sized CPR shield with a one way valve. Let's talk about CPR shield, or in this case rescue masks, for a moment. A rescue mask comes in a couple different sizes whereas a rescue shield is usually a flat piece of plastic with a valve of some sort that's one way. Here you've got something that can work with a bag valve mask well. We see these more often in health care settings. Notice that on this side I have an infant size and on this one I have an adult. If at all possible have the appropriate size for the size of the patient. I have an infant lying here, I have an infant pocket mask so I'm going to use that size appropriately. If all you had was the adult sized mask there are tricks of the trade by turning it upside down that we could use to try to make it work. In this case we're using the infant sized mask and we're going to cover the nose and the mouth, bring the child's head into a neutral or sniffing position. Sniffing position is when we're - do you smell that apple pie baking? It's just a slight upturn of the nose. It's not a full head tilt chin lift, it's just a nice neutral position. We're going to attempt two rescue breaths. First breath went in. Second breath went in. We know that because we saw a chest rise and fall. With minimization of delay between rescue breaths and chest compressions we begin our second set of 30 compressions. We're going to do this 30 compressions to 2 rescue breaths and we're not going to stop until we're ready to defibrillate.",ok,youtube_captions,en,False,579,ok,https://i.ytimg.com/vi_webp/iyjL3eZlP90/maxresdefault.webp,2026-10-02T01:34:49Z
Q001,Pediatric CPR,youtube,31,9jiSjk7jlUQ,https://www.youtube.com/watch?v=9jiSjk7jlUQ,Learn the Basic Steps for Infant CPR,"More than 7,000 children suffer an out-of-hospital cardiac arrest
annually, according to American Heart Association. CPR is different
for infants and children under 12 years old. Watch CPR Instructor,
Ruth Castillo, go through the steps of infant CPR. Register for a
class to learn the skills at SAHealth.com/calendar. Just search for
""CPR.""",Methodist Healthcare,UCqOu-7KCJ0oe-lWQR7XLGGg,https://www.youtube.com/channel/UCqOu-7KCJ0oe-lWQR7XLGGg,5930,258,2020-02-11,28553,231,,,,,AmericanHeartMonth|InfantCPR|MethodistChildrensHospital|MethodistHealthcareSystem|YouthCPR,Education,en,,,hi I'm Ruth and I'm with Methodist Hospital I'm here to show you a little bit about how to do infant CPR if you ever need to so our first step is going to be that we need to check for scene safety we want to make sure that before we put our hands on somebody or we get too close even for your infant that it's safe for you to do so so I'm looking and it's safe for me to approach and touch this child okay so then my second step is I'm gonna grab the infant's ankle and I'm gonna tap & shout okay baby baby are you okay I'm gonna be looking for signs of responsiveness but they might turn from side to side and wait see their eyes flutter or they're gonna make eye contact with you anything really is going to count as as responsiveness if they're not responding to you if they're not saying hey you're touching me we need to act my next step is going to be the call for help we might just have to shout out help somebody help me I need help if you don't have someone that responds to you you don't have a phone nearby you're gonna go ahead a call out for help and go ahead with your steps we've already checked for responsiveness we've already called for help we're gonna tip five to ten seconds just looking at the abdomen looking at the chest to see if we see the chest rise and fall if you see the chest rise and fall that's a sign that that child is breathing we're gonna stop where we are we already have somebody calling 9-1-1 and we're still gonna get help but we will stop there if the child is not breathing or they're not breathing normally we see agonal gasps we see retractions where they're kind of other than Susan we're going to have to start CPR so with CPR were to take two fingers and we're going to come to the middle of the chest right across the underarm line here just slightly below it on the middle of the sternum okay put those two fingers there let me go down about an inch and a half and allow the chest to rise completely that's pretty deep don't be scared about breaking ribs or hurting the child if they're not breathing that responsive they're not doing too well so where you aren't going to prioritize making sure that we push blood throughout their body especially to their brain we're going to push hard and fast 30 times in a row 1 2 3 4 5 6 7 8 9 10 11 12 13 14 15 16 17 18 19 21 3 - 23 24 25 26 27 28 29 30 after we've done 30 compressions we're going to go ahead and open up the airway and give two quick rescue breaths so for an infant we're gonna put our hand on the forehead two fingers from under the bony part of the jaw the hand on the forehead it's going to help guide the head back to fingers from the jaw actually to bring the jaw forward bring it and tongue off of the back of the airway for the best open airway we're going to go ahead and put our mouth over the nose and mouth of this infant so that we're gonna blow in through their whole airway and to when I give rescue breaths I'm looking to see that the chest rises if I don't see the chest rise I would stop reposition the airway and try one more time you're gonna continue to do sets of 30 compressions and 2 breaths 30 compressions and 2 breaths continue that cycle until either help comes up and takes over for you or the child becomes responsive or starts to breathe on their own for adults we teach hands only CPR they want you to call for help right away and then they want you to put your hands in the middle of the chest and push hard and fast until help takes over for adults often it's not something that's going on with their heart and we can get the heart pumping we can help sustain them for infants and also for children under the age of 12 we are looking at the situations often where they aren't breathing something's going on and there's a larger systemic issue that has caused them to become unresponsive and to stop breathing so we want to go ahead and offer both the compressions and to give them rescue breaths here at Methodist we currently offer to open CPR classes every week here in the Children's Tower atrium you will see times posted throughout the hospital we also offer a more in depth CPR course through our Methodist Women's Center we want to make sure that you're prepared to help any childhood is not responsive and not breathing you can make a difference in a family's life [Music] you you,ok,youtube_captions,en,True,853,ok,https://i.ytimg.com/vi/9jiSjk7jlUQ/hqdefault.jpg,2026-10-02T01:34:49Z
Q001,Pediatric CPR,youtube,32,7ForFXe7Zjo,https://www.youtube.com/watch?v=7ForFXe7Zjo,Paediatric Basic Life Support – Shockable and Non Shockable,"Paediatric Life Support Refresher.
 
A short video demonstrated by the Simulation & Resuscitation team explaining how to respond to a paediatric patient who is unresponsive, following the paediatric basic life support algorithm. Includes Mindray Beneheart D1 Defibrillator in AED mode and management of a paediatric child in a shockable & non shockable rhythm.",RNOHnhs,UCipSR5IYa7kUQUEfAdFIWuA,https://www.youtube.com/channel/UCipSR5IYa7kUQUEfAdFIWuA,4650,214,2023-05-18,21742,210,2,,,,paediatric BLS|paediatric resuscitation|Mindray Beneheart D1|AED for children|paediatric emergency care|basic life support|paediatric life support algorithm|shockable rhythm|non-shockable rhythm|healthcare training|medical simulation|RNOH|Royal National Orthopaedic Hospital|RNOH Stanmore,Education,en-US,,,pediatric basic life support check for safety stimulate the patient and Shout for help check the environment on Entry stimulate the patient via voice if they're unresponsive stimulate the patient via a painful stimulus using a trapezius squeeze if they're unresponsive shout for help ask The Rescuer to put out a double two double two pediatric cardiac arrest call and bring back the crush trolley pediatric crash called Cox and Ward bed 36 that's Cox and Ward bed 36 pediatric crash call in the meantime lay the patient flat check the airway looking inside a new suction if needed to clear open the airway with a child over one using the sniff in the morning ear head touching lift position then assess the signs of Life maintain the airway open and look at the chest feeling for breath on your face and looking for chest rise do this for 10 seconds if there are no signs of life you need to give five rescue breaths via bag valve Mass ventilation get the mask measure the mask on the face bring the face to the mask and ask the other rescuer to squeeze the bag using one hand for five breaths we are looking for bilateral and equal chest rise on each breath if there are no signs of life during those five rescue breaths immediately start CPR hand placement for a child is using the heel of one hand over the lower half of the sternum lift the fingers to ensure that pressure is not applied over the child's ribs position yourself vertically above the child's chest compress the sternum by at least one third of the chest depth or approximately five centimeters while CPR is ongoing the other rescuer will apply the defibrillator pads over the child's chest first placement of the Plaid is just below the right clavicle to the right of the sternum the other pad is midaxilar line in the V5 V6 position the alternative pad placement is anterior and posterior between the scapula the anterior posterior is preferred for an infant continue CPR and turn on the dfib follow the AED olyzing now do not touch the patient no shock advised it is safe to touch the patient if the patient is in a non-shockable rhythm recommend CPR immediately and follow the advanced life support algorithm for Drug Administration of adrenaline if the AED says to give a shock shock advised do not touch the patient we give a safe shock ensuring no one is touching the patient as soon as the shock button is pressed we continue CPR until your Cardiac Arrest team arrive if you are a trained professional you can give compressions at a ratio of 15 to 2 otherwise follow the AED instructions of 30 to 2.,ok,youtube_captions,en,True,466,ok,https://i.ytimg.com/vi/7ForFXe7Zjo/maxresdefault.jpg,2026-10-02T01:34:49Z
Q001,Pediatric CPR,youtube,33,RmstnDebVpA,https://www.youtube.com/watch?v=RmstnDebVpA,Heartsaver Pediatric First Aid CPR AED Online Demo,"Heartsaver Pediatric First Aid CPR AED Online is the eLearning portion of the blended learning course. It uses interactive lessons to teach child care providers and others to respond to illnesses and injuries in a child or infant in the first few minutes until professional help arrives. Upon completion of the online portion, students must complete a hands-on session with an AHA BLS or Heartsaver Instructor.",American Heart Association,UCLiWQk8JzhNRcNiDKk4dpaw,https://www.youtube.com/channel/UCLiWQk8JzhNRcNiDKk4dpaw,256000,119,2017-08-16,61425,268,2,,,,American heart association heartsaver|aha heartsaver|cpr|aed|child|infant|baby|pediatric,Nonprofits & Activism,en,,,"AT THE AMERICAN HEART ASSOCIATION, LIFE IS WHY. LIFE IS WHY WE ARE DEDICATED TO THE LIFESAVING CAUSE OF TRAINING IN CARDIOPULMONARY RESUSCITATION--OR CPR--FIRST AID, AND EMERGENCY CARDIOVASCULAR CARE. AND THAT'S WHY WE'VE CREATED THE NEW HEARTSAVER PEDIATRIC FIRST AID CPR AED BLENDED-LEARNING COURSE. THE COURSE IS DESIGNED FOR ANYONE INVOLVED IN CHILDCARE WHO MAY NEED TO GIVE AID TO A CHILD OR AN INFANT WITH AN ILLNESS OR INJURY UNTIL PROFESSIONAL HELP ARRIVES. WHETHER YOU'RE A TEACHER OR CAMP COUNSELOR, A PARENT OR FOSTER CARE WORKER, THE COURSE WILL PREPARE YOU TO DEAL WITH A WIDE RANGE OF INCIDENTS. THE AHA PROVIDES CPR AND EMERGENCY CARDIOVASCULAR CARE TRAINING AND EDUCATION TO MORE THAN 19 MILLION PEOPLE EACH YEAR. THE COURSE TEACHES LIFESAVING SKILLS THAT INCORPORATE THE LATEST 2015 AHA GUIDELINES UPDATE FOR CPR AND EMERGENCY CARDIOVASCULAR CARE AND THE 2015 AHA AND AMERICAN RED CROSS GUIDLINES FOR FIRST AID. AS A BLENDED-LEARNING COURSE, IT COMBINES ONLINE LEARNING WITH A HANDS-ON SKILLS PRACTICE AND TESTING SESSION. THE ONLINE PORTION OF THE COURSE CAN BE TAKEN AT YOUR OWN PACE, ON YOUR OWN SCHEDULE. IT USES A VARIETY OF eLEARNING ASSETS SUCH AS DRAMATIZATIONS, ANIMATIONS, INTERACTIVE ACTIVITIES, AND EXERCISES TO HELP STUDENTS LEARN ABOUT FIRST AID, CPR, AND AUTOMATED EXTERNAL DEFIBRILATORS, OR AED. AFTER COMPLETING THE ONLINE PORTION, STUDENTS TAKE THE HANDS-ON PORTION OF THE COURSE IN PERSON WITH AN AHA INSTRUCTOR. UPON SUCCESSFUL COMPLETION OF BOTH THE ONLINE AND HANDS-ON PORTION, STUDENTS WILL RECEIVE A COURSE COMPLETION CARD VALID FOR 2 YEARS. HEARTSAVER PEDIATRIC FIRST AID CPR AED, FROM THE AMERICAN HEART ASSOCIATION. LIFE IS WHY.",ok,youtube_captions,en,False,266,ok,https://i.ytimg.com/vi_webp/RmstnDebVpA/maxresdefault.webp,2026-10-02T01:34:49Z
Q001,Pediatric CPR,youtube,34,_K7Dwy6b2wQ,https://www.youtube.com/watch?v=_K7Dwy6b2wQ,Unconscious Infant Choking,"https://www.ProCPR.org - If an infant becomes unconscious while choking, activate EMS. Give 30 chest compressions, check for an object, and attempt 2 breaths. If the breaths do not go in, reposition the airway and attempt breaths again. Continue 30 compressions, object check, and breathing attempts until the object is out and the infant is breathing, or until EMS arrives. Video created by ProTrainings.

Visit https://www.ProTrainings.com

============
For more videos like this or to get CPR Certified please visit https://www.procpr.org
ProTrainings offers a variety of courses such as:
Bloodborne pathogens: https://www.probloodborne.com
Pet First Aid and CPR: https://www.catanddogfirstaid.com/
Anaphylaxis: https://www.proanaphylaxis.com/
HIPAA: https://www.prohipaa.com/
ACLS: https://www.proacls.com/
PALS: https://www.propals.io/

Follow us on Twitter:  https://twitter.com/procpr
Like us on Facebook: https://www.facebook.com/procpr
Follow us on Instagram: https://www.instagram.com/procpr",ProCPR,UCNywVU8TPBXCVFZ96Y11BLQ,https://www.youtube.com/channel/UCNywVU8TPBXCVFZ96Y11BLQ,174000,184,2011-02-01,213944,1196,24,,,,Unconscious Infant Choking|CPR|First Aid|instructional video|was-monetized,Education,en,,,"Now, let's say that the infant who was conscious and choking has gone unconscious. It is now that we're going to activate the emergency medical services or call 911. Now that EMS has been notified, we're going to go ahead and go right into the chest compressions. Realizing this person was conscious and goes unconscious is why we're not going to re-tap and shout. Make sure you've got your personal protective equipment on because now we're going into the mouth of the baby potentially if the obstruction comes into the oral cavity. Fingers between the nipples, on the center of the chest, thirty, one-third deep, of the chest, one-third of the chest deep, chest compressions, at least 100 a minute. 1 and 2 and 3 and 4 and 5 and 6 and 7 and 8 and 9, 10, 11, 12, 13, 14, 15, 16, 17, 18, 19, 20, 21, 22, 23, 24, 25, 26, 27, 28, 29, 30. Look in the mouth. If you don't see it, we're not sweeping. If we do see the object, with the small finger on your hand, pinky finger, we're going into the mouth with a hooking motion. So we're going to go in, hook the object out, and then attempt our two breaths. If we did not see an object in there, we're going to just attempt two rescue breaths. So we put the mask in place, give a breath. If it does not go in, reposition the head. Give another breath. If it does not go in, return to the 30 chest compressions. We're going to repeat this 30 compressions to 2 rescue breath attempts until the breath goes in or EMS responds, an AED shows on scene, or we're able to turn this over to the next level of care. Baby has just fallen unconscious. Activate the emergency medical services please. 1 and 2 and 3 and 4 and 5 and 6 and 7 and 8 and 9, 10, 11, 12, 13, 14, 15, 16, 17, 18, 19, 20, 21, 22, 23, 24, 25, 26, 27, 28, 29, 30. 1 and 2 and 3 and 4 and 5 and 6 and 7 and 8 and 9, 10, 11, 12, 13, 14, 15, 16, 17, 18, 19, 20, 21, 22, 23, 24, 25, 26, 27, 28, 29, 30. Oh, yup, there it is. Pulse is present, baby is still not breathing. Continue rescue breathing, one every 3 seconds. And we're going to continue this until EMS arrives or until an AED arrives.",ok,youtube_captions,en,False,420,ok,https://i.ytimg.com/vi/_K7Dwy6b2wQ/hqdefault.jpg?sqp=-oaymwEmCOADEOgC8quKqQMa8AEB-AH-BYACsAOKAgwIABABGEUgTyhyMA8=&rs=AOn4CLBUFzRfbfCgq-l5okNS4NX-ib5EcA,2026-10-02T01:34:49Z
Q001,Pediatric CPR,youtube,35,nAu9mehwiG4,https://www.youtube.com/watch?v=nAu9mehwiG4,How to do CPR on an Infant – Arabic,"http://www.cincinnatichildrens.org/cpr
Cincinnati Children's Demonstrates Infant CPR in Arabic (Ages Newborn to 1 Year).",Cincinnati Children's,UCSC8V1ez4zt3rviyPWzk9Sg,https://www.youtube.com/channel/UCSC8V1ez4zt3rviyPWzk9Sg,265000,160,2015-04-08,53265,582,3,,,,infant cpr in arabic|cpr for infants in arabic|cpr in arabic|newborn cpr in arabic|rescue breathing in arabic|chest compressions in arabic|rescue breathing for infants in arabic,Nonprofits & Activism,ar,,,في حال وصولك للموقع افحص المكان للتحقق من انه امن افحص الرضيع للتعرف على درجه وعيه ربت على كتفه برفق او انقر على اسفل كعبه وقم بالمناداه عليه بصوت عال في حاله عدم الاستجابه اتصل برقم الطوارئ 911 على الفور اذا كان الرضيع مستلقيا على بطنه قم بقلبه على ظهره ويجب ان يكون مستلقيا على سطح صلب ومستوي افحص التنفس وعلامات الحياه راقب صدره لملاحظه اي حركه طبيعيه راقب علامات الحياه والتنفس لمده لا تزيد عن ع ثوان في حاله عدم وجود علامات على الحياه ابدا بتنفيذ الانعاش القلبي ضع اصبعين او ثلاثه على منتصف عظمه الصدر الرضيع اسفل خط الحلمتين مباشره اضغط الصدر لاسفل لمسافه بوصه ونصف 30 مره 2 6 8 12 1 14 15 16 17 18 19 2 2 2 2 26789 بعد القيام بالضغط قم بالتنفس الصناعي قم بماله راس الرضيع الى الخلف قليلا بوضع احتى يديك على جبهه الرضيع ورفع ذقنه باصبعين من يدك الاخرى قم بتغطيه انف الرضيع وفمه بفمك وقم باعطائه نفسين صغيرين برفق وببطء مع مراقبه ارتفاع صدر رضيع استمر في الضغط 30 مره مع مرتين تنفس استمر في الانعاش القلبي الى ان يتولى منقذ اخر القيام بذلك او حتى ترى علامات على الحياه او حتى وصول المساعده,ok,youtube_captions,ar,True,197,ok,https://i.ytimg.com/vi_webp/nAu9mehwiG4/maxresdefault.webp,2026-10-02T01:34:49Z
Q001,Pediatric CPR,youtube,36,NFKBWMkNDRA,https://www.youtube.com/watch?v=NFKBWMkNDRA,Neonatal Resuscitation Steps,,Pakistan Academy of Pediatrics,UC7Z-_zx8xhryKuE1xEchXRw,https://www.youtube.com/channel/UC7Z-_zx8xhryKuE1xEchXRw,38200,786,2021-07-01,331081,6406,163,,,,,People & Blogs,en-US,,,assalamualaikum i'm doctor jyani ravasi and i am a pediatrician today i'm going to tell you how to do a neonatal resuscitation so first of all when you are going to do neonatal resuscitation you must check all of your equipments you should have a neat and clean environment you should have a heating arrangement with you you should have clean dry warm sheets with you you should have ambu bag which you should be working having a mask you should have a stethoscope something for suction either a section bulb or suction machine a cap for the baby and laryngoscope and endotracheal tube and some emergency drugs like adrenaline normal slime [Music] now when you receive the baby you should have a dry warm sheet in your hands and when when you receive the baby the baby should be caught with care you should have a good grip when you take the baby from somebody you should you should place as close to your body and then you should place down and first of all dry the baby you can use the same sheet for drying like this you should dry the baby very often during drying the child starting cry if the child is not crying during the drying process then gently scratch the spine and the soul also rub the spine and rub the soul it must stimulate the baby and he may start crying if he's still not crying or breathing then you need to have suction with you and open the mouth and do suction first from the mouth then from the nose sometimes there are secretions or a meconium plug or something like this in the in the oral cavity so just by doing suction and cleaning the airway the child may start breathing if he's still not breathing then you need to do five rescue breaths you should have ambu bag ready and make a good position a neutral position in a neutral position is the one in which the head is down the chin is left it should be spine position and the the mask of ambu back should cover both mouth and nose you should make a good seal and after making seal one two three four five five inflation bets the chest should be rising when you are giving inflation balance so five inflation breaths then reassess see the color see whether the child is breathing if is still not breathing if this color is still not pink then do suction again if needed look at the mouth and nose if needed do the suction again from first from the mouth then from nose and then do five more inflation breaths give five more inflation breaths again the neutral position head down chin lift place the mass so that the nose and mouth both are covered make a seal and give one one two three four five five inflation bets again then reassess the child if it's still not well then look at the heart rate and when you are looking the heart rate you can use directly stethoscope or you can palpate the umbilical artery and see the feel the positions so if the heart rate is like that's fine and if it is like do then you will call one of your team member and you will start chest compressions so when you are doing chest compressions it must be kept in mind that both hands should cover the chest you press the sternum with your thumbs if the camera can focus and two third of the sternum should be pressed down one and two and three and breadth so if you have a team member he will give a breath if you don't have a team member then you can give breath yourself and then you need to start chest compressions again so if you if there are two people one can do the chest compressions the other can do the ambu back and if you are only alone then you can also use the two finger method as well one and two and three and breathe one and two and three and breathe so ideally you should have two members so you give this cycle of chest compressions and rescue breaths in the form of three three compressions with one breath in one minute you need to give 90 compressions or in in two seconds you need to give three compressions three compressions in two seconds so once you do it then you reassess reassess the child you can you can do this cycle for 30 seconds and then reassess reassess the heart rate and breathing if the heart rate is still low the child is still bradycardic then call another team member bring adrenaline and you should have adrenaline ready with you and adrenaline should be given the latest guidelines says previously it was 0.1 ml per kg but now the guidelines say that you will give it 0.2 ml per kg and it should be remembered that adrenaline in pakistan is is actually 1 in 1 000 injection so you need to dilute it in 9 ml of normal saline so it will be 1 in 10 000 so you will give 0.2 ml per kg adrenaline and after that one while while one of your team member is giving adrenaline if the cannula is passed give it from cannula if it is not there you can give through adrenal you can give through umbilical vein and while one of your team member is giving adrenaline you will continue cpr you will continue chest compressions in the same ratio three ratio one after giving adrenaline and doing chest compressions reassess the child if he's still bradycardic then continue the cpr and ambu bag and wait for three minutes after three minutes you can repeat adrenaline it must be remembered that three doses of adrenaline can be given and you should have a stopwatch in whole of this process right from when the child you you receive the child the time should start the first minute is called the golden minute because it is the most important minute in the child's life you can prevent the child from permanent mental disability by just utilizing this first golden minute properly now if you have given three doses of adrenaline along with those chest compressions and ambu bagging and the child is still not responding then see whether the problem is in the breathing or the problem is in the heart rate if heart rate has improved he has a good heart rate now but he's not breathing well then you need to pass endotracheal tube and you need to shift the baby on ventilator through that under endotracheal tube if there is no effort at all like there is no heart rate no breathing and you have done everything then see how much time has passed if 20 minutes have been passed since the arrival of the child i repeat since 20 minutes have been passed since the arrival of the child and there is no result you have done everything the child is not surviving there is no heart rate no breathing no effort then after 20 minutes you can stop the resuscitation process now what the doctors make common mistakes very often they don't have the correct position and they are not getting the results some sometimes the chin is fluxed sometimes the neck is hyper extended so it should not be hyper extended it should not be flexed it should be have uh the child should be supine and the head is slightly down with the chin leg chin is slightly lifted and this should be the position so now when you do the rescue brush the air will go smoothly okay this is one mistake the other mistake is sometimes the doctors they start rushing for the oxygen bring oxygen entirely needs oxygen child doesn't need oxygen the guidelines said that if you are if you remember all these steps and if you are doing all these steps even with just and go back there is no need of oxygen so just don't worry if you don't have oxygen you should give proper rescue steps assume breaths with proper guidelines proper technique most of the children most of the children will start breathing with this technique now another state is that you get a reply from your team member that i could not pass canola the cannula is not passed just don't worry if you don't have cannula you can give through umbilical vein and even you can check the positions through like by pressing them like an artery as well so this is a very effective way of giving any emergency drug like adrenaline and then the babies lose heat very quickly so if you will not have a warm environment a warmer at your the head the child will lose heat and he will become hypothermic so always have a cap and make the child bear that cat while do while you are doing the whole process and the edge and tees must be remembered if you're not getting any results in the hnts are hypothermia hypovolemia hypoglycemia and hypotension and the t's are tension pneumothorax and uh cardiac tamponade but they are slightly in the elder age group so x are can be there in this age group uh there are slightly different protocols with diaphragmatic hernia and meconium aspiration which i will cover in some other videos today i think this is enough thank you so much have a wonderful time just utilize this first golden minute and save lives thank you so much,ok,youtube_captions,en,True,1626,ok,https://i.ytimg.com/vi/NFKBWMkNDRA/maxresdefault.jpg,2026-10-02T01:34:49Z
Q001,Pediatric CPR,youtube,37,I3pvuYMcPg4,https://www.youtube.com/watch?v=I3pvuYMcPg4,Infant CPR Choking (English Version),,U of U Health,UC_ZACSiA0Pm6tcYIrw86akA,https://www.youtube.com/channel/UC_ZACSiA0Pm6tcYIrw86akA,24700,217,2014-10-15,181954,1315,8,,,,Cardiopulmonary Resuscitation (Medical Treatment)|Health (Industry)|First|Choking (Disease Or Medical Condition)|Infant (Film Subject)|university of utah|university of utah health care|health|uuhc|cpr|infant cpr|Attempt,People & Blogs,en,,,"As a new parent, learning CPR is very important. Thousands of babies are saved every year because someone knew CPR and started it right away. Knowing CPR can help prevent brain damage in your child if they stop breathing. CPR stands for cardiopulmonary resuscitation. CPR helps keep blood and oxygen flowing to the heart and brain when the heart stops. In this video you will learn the basics of infant CPR. Infant CPR is only for babies less than a year old. CPR for children and adults is slightly different. Anyone who cares for an infant should, and can, learn CPR. (Speaker #1) If you find your baby unresponsive or not breathing… 1. Tap the baby’s foot and shout to see if they respond. Never shake a baby. 2. If the baby does not respond, yell for help. 3. If someone comes, tell them to call 911. 4. Check for breathing. 5. If the baby is not breathing, they need CPR right away. 6. Carefully move the baby to a firm, flat surface, above ground. 7. Place two fingers in the middle of the baby’s chest, just below the nipple line. 8. Give 30 compressions by pressing straight down about 1 ½ inches. 9. Push hard and fast, at least 100 compressions per minute, and let the chest rise all the way back up after each push. 10. Next, give two breaths by putting your mouth over the baby’s mouth and nose. 11. Gently give enough breath to make the baby’s chest rise. 12. Keep alternating two breaths and 30 compressions until the baby responds or trained help arrives. If the baby is still unresponsive after two minutes of CPR and you have no help to call 911, carry the baby with you to the phone, and make the call yourself. You can continue giving compressions and breaths with the baby in a football hold. Every five days in the United States, at least one child dies from choking. When an infant is choking, quick action can be lifesaving. Continue watching to learn what to do when a child is choking. If a baby is choking but is able to cough and breathe, allow them to do so. It allows their own reflexes to clear the airway. If you know a baby is choking and they are having trouble breathing or they stop breathing, begin a sequence of five back slaps and five chest thrusts. This is what it looks like: 1. Hold the baby face down on your forearm with its head lower than its body. Make sure the baby’s head and neck are supported. 2. Give five firm slaps on the baby’s back with the heel of your hand. Deliver the slap between the baby’s shoulder blades. 3. If the object does not come out, turn the baby over onto their back. 4. Support the head and neck with your arm, and keep the baby’s head below their body. 5. Now give five chest thrusts. Use two fingers and press down in the middle of the baby’s chest just below the nipple line, like you did in CPR. 6. Repeat five back blows and five chest thrusts until a. The object is coughed up b. The baby begins to breathe, or c. The baby becomes unconscious 7. If the baby becomes unconscious, follow the steps of infant CPR that you’ve already learned 8. Each time you give breaths, look to see if the object has come out. 9. If you see an object in the mouth, take it out. Any baby that receives CPR or choking treatment should be seen by a doctor to make sure they’re all right. Thank you for watching this video. Please practice with a nurse and on a mannequin until you feel comfortable doing it on your own.",ok,youtube_captions,en,False,635,ok,https://i.ytimg.com/vi/I3pvuYMcPg4/maxresdefault.jpg,2026-10-02T01:34:49Z
Q001,Pediatric CPR,youtube,38,dfE6ixuRfjQ,https://www.youtube.com/watch?v=dfE6ixuRfjQ,How to perform Child CPR with an AED,"If you see an infant or child collapse, CPR can save their life. Rescue breaths are especially important when performing CPR on a child in cardiac arrest. To give CPR to a child, call 911, push hard and fast in the center of the chest. After 30 compressions, give two rescue Repeat until help arrives.

If an AED is available, follow the prompts to provide a shock to try to restore a normal heart rhythm.

Be ready to save a life. Find a CPR class at https://www.heart.org/nation.",American Heart Association,UCLiWQk8JzhNRcNiDKk4dpaw,https://www.youtube.com/channel/UCLiWQk8JzhNRcNiDKk4dpaw,256000,312,2025-01-28,37946,,12,,,,,Nonprofits & Activism,en,,,"Products are shown for demonstration  purposes only. The American Heart Association does not endorse or recommend  any specific manufacturer or products. If you see an infant or child suddenly collapse  it is important to act fast. Helping to save a life is easier than you might think. Child CPR  is similar to adult CPR but it is especially important to give breaths to a child who  needs CPR. A child in cardiac arrest who is unresponsive and not breathing normally  will not survive without CPR. Your actions can help increase their chances of surviving  if you're alone. CPR on infants and children should always include breaths done in cycles of 30  compressions followed by two breaths. First check to make sure the scene is safe. If you're near  anything that can hurt you or the child move to a safe place. Next tap the child's shoulders and  shout are you OK. If the child is unresponsive shout for help. Point to someone and ask them to  call 911 and get an AED or call 911 yourself and put your phone on speaker mode so the operator  can help you. Now check for breathing scan the chest for 5 to 10 seconds looking for it to rise  and fall. If the child is not breathing normally immediately start CPR. With the child flat on  their back kneel beside them and lean directly over their chest. Place the heel of one hand or  two hands one on top of the other in the center of the chest. Then push hard and fast in the  center of the chest giving 30 compressions. It is important to keep a steady beat of 100 to 120  compressions per minute, which is about the same tempo as the song “Baby Shark” or the rate  of the music that you are hearing right now. Push down about 2 inches, about the height of  a credit card, letting the chest return to its normal position between compressions. Now after 30  compressions you'll give two breaths one after the other that makes the chest rise. Put one hand on  the forehead and the fingers of your other hand under the chin. Tilt the head back slightly and  lift the chin to open the airway. Pinch the nose, take a normal breath and cover the mouth with  your mouth, giving one breath for 1 second while watching for chest rise. Give another breath.  Don't stop compressions for more than 10 seconds to give breaths. Continue giving cycles of 30  compressions and two breaths until help arrives. [Music] Hopefully you never have to perform  CPR on a child. When possible use an AED - automated external defibrillator -  in your life-saving efforts. When the AED arrives use it immediately. Once the AED has  arrived place the child face-up on a firm, flat surface and follow the prompts of the AED.  Try not to interrupt compressions for more than 10 seconds. [Music] Turn the AED on and follow the prompts, which  will tell you everything you need to do. You must remove clothes and anything else that covers  the chest as AED pads must be placed directly on bare skin. If necessary wipe the chest dry.  Place pads on the chest. Use the smaller child pads if they are available. If child pads are not  available use the larger adult pads. Peel away the backing from the pads. Follow the pictures on  the pads attach them to the child's bare chest. Ensure there is nothing between the pad and the  child's bare skin. Plug the pads connected into the AED if necessary. Follow the prompts and let  the AED analyze the heart's rhythm. Make sure no one is touching the child and loudly state CLEAR.  The AED will analyze the heart rhythm. If the AED says that a shock is not needed, resume CPR. If  the AED advises a shock is needed make sure no one is touching the child and loudly state CLEAR.  Push the shock button to deliver the shock and immediately resume CPR with 30 chest compressions  and two breaths. Most AEDs will prompt you to analyze the rhythm again after about 2 minutes  of CPR. Keep doing cycles of 30 compression in two breaths and continue following the AED prompts  until the child begins to respond or help arrives. Hopefully you will never have to use CPR on a  child but know that CPR combined with using an AED provides the best chance of saving a life.  If possible use an AED every time you provide CPR. Again, if you see a child suddenly  collapse don't be afraid to start CPR. Your actions can help save a life.  To learn more visit heart.org/nation.",ok,youtube_captions,en,False,785,ok,https://i.ytimg.com/vi/dfE6ixuRfjQ/hqdefault.jpg,2026-10-02T01:34:49Z
Q001,Pediatric CPR,youtube,39,qRNNCkVgRQY,https://www.youtube.com/watch?v=qRNNCkVgRQY,How to Perform Emergency CPR on an Child - Royal Life Saving Training Video,"Disclaimer - This video is for training purposes only. If it is an emergency please call Triple Zero (000). 

To find out more about enrolling in a Resuscitation course with Royal Life Saving visit:   https://www.royallifesaving.com.au/training/resuscitation

A family member is the first on the scene in most emergency situations. In fact many children are alive today because their parents knew how to perform CPR and responded quickly. For this reason alone, Royal Life Saving encourages everyone to learn CPR.

Having the skills to respond in an emergency situation can mean the difference between life and death.

Resuscitation or Cardio Pulmonary Resuscitation (CPR) involves stimulating the heart and breathing air into the lungs to preserve or restore life. Resuscitation involves establishing or maintaining an airway, breathing and circulation.

Royal Life Saving has a number of CPR related resources and courses available including a CPR chart that can be used near your backyard swimming pool and CPR courses that are run in a variety of locations across all States and Territories.",RoyalLifeSavingAust,UCdWVgDMMZ5DoQTE7LZSjxow,https://www.youtube.com/channel/UCdWVgDMMZ5DoQTE7LZSjxow,2810,208,2018-04-30,97629,254,6,,,,royal life saving|first aid|cpr|resuscitation|child|drowning prevention|life saving|child cpr,Nonprofits & Activism,en-US,,,[Music] to perform CPR on a child first check for danger are your the casualty in any immediate danger if yes then remove the danger but if that's not possible move the casualty now try to get a response by kneeling next to the child and squeezing their shoulders can you hear me open your eyes hold their hand and ask them to squeeze if they can hear you squeeze my hand if you can hear me if there's no response send for help call for an ambulance on triple zero or if another person's available ask them to do it can you call an ambulance open the airway by checking the child's mouth and removing any solid visible material with a finger sweep once the mouth is clear use head tilt and chin lift to open the airway look listen and feel for any breathing if they're breathing roll them onto their side into the recovery position but if you can't detect normal breathing or if there is an absence of breathing then start CPR 30 compressions of the chest followed by two breaths here's how begin by kneeling next to the child's torso place the heel of one hand on their lower sternum and push the chest down by 1/3 you may wish to use a one or two hand technique to perform CPR on a child now do 30 compressions in time with the flashing indicator on your screen count out each compression until you reach 30 we'll wait while you do that [Music] rich xxx time for the two breaths gently tilt the head back lift the chin silver nose and place your mouth over the child's mouth and blow to inflate their lungs after each breath look for the rise and fall of the chest that's all the breath you need enough to lift the chest continue CPR and 30 compressions to 2 breaths until the person responds or normal breathing returns all the paramedics are ready to take over this may be hard work so if there are other people nearby get them ready to take over as you continue to provide 2 breaths make sure you have a head tilt and chin lift and that the chest rises and falls each time if the chest doesn't rise it may mean that the head is not tilted back enough or that the airway is obstructed care should be taken not to over inflate the chest if the child is still unresponsive and not breathing normally apply a defibrillator if one is available ensure the child key is inserted follow the prompts of the defibrillator and be prepared to continue CPR if required and as directed otherwise keep doing CPR until help arrives when the ambulance arrives the paramedics need to get to the casualty as quickly as possible so have someone ready to meet the ambulance you,ok,youtube_captions,en,True,483,ok,https://i.ytimg.com/vi_webp/qRNNCkVgRQY/maxresdefault.webp,2026-10-02T01:34:49Z
Q001,Pediatric CPR,youtube,40,ulJL3jFVKNs,https://www.youtube.com/watch?v=ulJL3jFVKNs,How to perform CPR on a child,"Malcolm Griffiths from Crucial Support Ltd demonstrates how to perform CPR on a child.

Other videos you may find useful are linked below:

AED use on an adult: https://www.touchcardio.com/media_gal...
AED use on children and infants: https://www.touchcardio.com/media_gal...
Infant CPR: https://www.touchcardio.com/media_gallery/how-to-perform-cpr-on-an-infant/
Adult CPR:

Filmed at HRC 2019 in partnership with Arrhythmia Alliance.",Touch Medical Media,UCgl-yUdSVK9x_dHjUKJOwpQ,https://www.youtube.com/channel/UCgl-yUdSVK9x_dHjUKJOwpQ,8710,124,2019-10-31,373931,3754,359,,,,,Education,en,,,okay so we're gonna this is child CPR we're going to danger at night before it's most important that you don't go rushing in and get yourself hurt and it must be safe for you that casualty that casualties family bystanders and emergency services who you're gonna call to help you so this is a child he's under eight but over one will check for breathing like before tip his head back hold the bony part of his chin balance yourself on your elbow look less than Phil for ten seconds see his chest rising seas belly and rising feeling breathing on your cheek hearing breathing in your ear so we've not got that in this safe case so we're going to do five rescue breaths first the likelihood is it's been it's airway and lungs not heart related so we're going to reoxygenate his blood so in a tip his head back pinch his nose cover his mouth with mine looking down the length of his chest I'm going to give him five breaths as soon as I see the movement in his chest I'm gonna stop blowing otherwise I couldn't over inflate his lungs so now to do compressions on a child I can use the heel of my hand or I can use the bar where my fingers joined my shoulders above the center of his chest the heel of my hand on the center of his chest and my fingers level with his armpit like before and thirty compressions looking for that profusion so after 30 compressions a head tilt chin lift again pinch his nose and two breaths this time and then carry on until qualified help arrives,ok,youtube_captions,en,True,283,ok,https://i.ytimg.com/vi_webp/ulJL3jFVKNs/maxresdefault.webp,2026-10-02T01:34:49Z
Q001,Pediatric CPR,youtube,41,0_rtxrZq_3k,https://www.youtube.com/watch?v=0_rtxrZq_3k,Infant CPR Is Different From Adult CPR,"CPR on a baby is different from CPR on an older child or adult. Learn key differences between infant CPR and adult CPR.

Learn how to do infant CPR at a Franciscan Health training near you: https://www.franciscanhealth.org/search#q=cpr&f:facetname=[Classes%2C%20Support%20Groups%2C%20%26%20Events]",Franciscan Health,UCERC-U55yRwyGmBSgC5hcHw,https://www.youtube.com/channel/UCERC-U55yRwyGmBSgC5hcHw,25400,179,2025-09-09,1940,12,,,,q,infant cpr,People & Blogs,en,,,"When we're doing compressions on an adult, we're gonna push hard and fast in the center of the chest. When it comes to an infant, we wanna change that up a little bit because we're concerned about their head and neck development. We don't ever wanna push on the belly. We have a few more things that we need to worry about when we're talking about trying to do CPR on an infant or respond to an emergency for an infant. So from the very beginning, we still check for seeing safety, but when we check for responsiveness on infants, we don't do the same thing we do with an adult, which is like this. We don't wanna do that to an infant. So instead, we're gonna tap and tickle their feet. Baby, baby, are you okay? You okay? If baby doesn't respond, just like with an adult or child, we're still going to check for breathing. We're gonna do that for five, but no more than 10 seconds. One, two, three, four, five. If baby is not breathing, then we want to make sure that we activate emergency response by calling 911 and sending someone to get an AED. Then we are going to begin CPR. Compressions look totally different for an infant. We are going to use two fingers right at or just below the nipple line, and we're gonna compress about an inch and a half or one third the depth of the chest. Infants need special care when it comes to CPR. Here's what I want you to know for this. When we are approaching an infant to check their responsiveness, we're not going to do the same thing that we do for an adult or child, which is this. We don't want to tap and shout up here for an infant. Instead, we're going to tap and tickle at the feet. Baby, baby, are you okay? You all right? Baby doesn't respond. We're gonna check for a sign of breathing. We're gonna do that for five, but no more than 10 seconds. If baby is not breathing, we're going to make sure that we've called 911 and sent someone to get the AD, and we're gonna start compressions. Compressions look totally different for an infant. Instead of two hands like this, we're gonna use two fingers right at or just below the nipple line, and we're gonna compress at a rate of 100 to 120 compressions per minute, making sure we let that chest come up, back up in between. We want to compress about an inch and a half for an infant or one third the depth of the chest. And we're still going at that rate of 100 to 120 compressions per minute. Once we do 30 compressions, we're gonna give two breaths. With adults, we talk about doing hands only. When it comes to children and infants, it's really important that we do give those breaths because they need that oxygen. So when we go to give breaths to an infant, we're gonna position them in this kind of neutral airway position and put your mouth over their mouth and nose.",ok,youtube_captions,en,False,529,ok,https://i.ytimg.com/vi/0_rtxrZq_3k/maxresdefault.jpg,2026-10-02T01:34:49Z
Q001,Pediatric CPR,youtube,42,cY5N8cks0Vw,https://www.youtube.com/watch?v=cY5N8cks0Vw,Infant CPR 2 Rescuer,"https://www.ProCPR.org - When two rescuers are present to perform infant CPR, begin as usual with an assessment and activation of EMS. If the infant is not breathing and has no pulse, begin CPR. One rescuer performs chest compressions, the other rescue breathing. Continue a cycle of 2 breaths and 15 compressions for about 10 cycles or 2 minutes. At this point, the two rescuers should switch places. This continues until the infant is revived or the next level of life support arrives. Video created by ProTrainings.

Visit https://www.ProTrainings.com

============
For more videos like this or to get CPR Certified please visit https://www.procpr.org
ProTrainings offers a variety of courses such as:
Bloodborne pathogens: https://www.probloodborne.com
Pet First Aid and CPR: https://www.catanddogfirstaid.com/
Anaphylaxis: https://www.proanaphylaxis.com/
HIPAA: https://www.prohipaa.com/
ACLS: https://www.proacls.com/
PALS: https://www.propals.io/

Follow us on Twitter:  https://twitter.com/procpr
Like us on Facebook: https://www.facebook.com/procpr
Follow us on Instagram: https://www.instagram.com/procpr",ProCPR,UCNywVU8TPBXCVFZ96Y11BLQ,https://www.youtube.com/channel/UCNywVU8TPBXCVFZ96Y11BLQ,174000,371,2011-02-01,197768,710,11,,,,Infant CPR 2 Rescuer|CPR|First Aid|instructional video|was-monetized,Education,en-US,,,"Now for this scenario we're looking at an infant who is in cardiac arrest but we have two recusers to be able to do CPR. The setup is the same we're gonna check for scene safety, make sure personal protection equipment is on and ideally both rescuers will have a shield or a mask with a one way valve because we're going to be switching off and on between giving rescue breaths and doing chest compressions. Now, when you approach the patient, the first person that gets to the baby is the one who's gonna do the assessment, check for signs of breathing, check for pulse, and initiate the EMS call. Not necessarily in that order. The second rescuer activates the emergency medical response system and then returns as soon as possible or stays on scene if they've got a mobile communication device. As soon as they're done activating emergency medical services, we can go right into two rescuer CPR. So I'm going to be doing one rescuer CPR the whole time while the second rescuer is away. Once the second rescuer comes in, the technique changes a little bit. If the second rescuer is able to do thumb CPR, they are going to go ahead and reach their hands around the thoracic part of the body of the patient. while the thumbs are on the center of the sternum, between the nipples. Now, if you can't do that because you have problems with your thumbs or for whater reason it doesn't work for you, an alternative is still okay to do, the two fingers on the sternum, as a second rescuer. Now, one mention about the circumferential squeeze that we saw back in 2005: There hasn't been enough research and science to say ""yes, it's a good thing"" or ""no, it's a bad thing."" So, at this point, it's indifferent.  They are simply deemphasizing the circumferential squeeze while maintaining the thumb CPR. So, the verdict is still out on that, they are not really voting pro or con in regards  to the advantage of doing the thoracic squeeze, maybe more science will come down the road. So, he's gonna go ahead and start with his thumb CPR. The second thing that changes is we move from 30 compressions to 2 respirations with one rescuer CPR to a 15 compression to 2 respiration model. So, after he gets done with his 15 compressions I am going to seal the mask. This is an adult mask that's being improvised. Of course, if you have an infant sized mask it's always a good idea to match the proper equipment with the proper sized patient. In this case though, because these are such a common mask to use and to find, I'm going to show you how to improvise an adult size mask with a baby. You're simply gonna flip it upside-down from what it normally is with an adult, and the small narrow part which normally goes over the nose of the adult patient is now gonna go over the chin of the baby while the rest of the mask goes over the nose and the rest of the face. I'm going to make sure to seal the mask firmly to the face while keeping the head in a neutral position. The compressor is going do now 15 compressions and then after their 15 compressions, I am going to deliver my 2 rescue breaths to get chest rise and fall. 2-3-4-5-6-7-8-9-10-11-12 Up to 15 then followed by two rescue breaths.  If his hands get fatigued, start to go numb, whatever happens happens, and he needs to switch he's  just going to simply say ""Switch"" We're just going to switch.  There's none of this fancy choreography any more, it's just practical, lets switch. So we find a good time, he fades to the back so we don't stumble over each other, switch masks. Then, I get in position.  If he finished his 15 compressions he can go with another 2 breaths. Otherwise, I'm going to go right back in with 15 compressions. Remember, when you're up here and you're making the switch, normally the old saying used to be: ""Give the patient a kiss goodbye."" That was just a easy way to rememeber that when, usually, when you switch in a two rescuer CPR situation, you end with two rescue breaths, make your switch, come right in and then continue with your good effective compressions. Again, 15 compressions, a third of the depth of the full chest in depth. And at least 100 compressions a minute, that's more than 1 a second. We're going to continue this until an AED arrives or until Emergency Medical Services or advanced life support arrives to take over Baby Baby are you okay, are you okay? Doesn't appear to be breathing. You! Go call 911 and tell them we have an infant that's not breathing and we have two rescuers on scene. I don't feel a pulse, I'm going to start cpr. (1-2-3-4-5-6-7-8-9-10-11-12-13-14-15) (16-17-18-19-20-21-22-23-24-25-26-27-28-29-30) (1-2-3-4 Takeover compressions 10-11-12-13-14-15) (1-2-3-4-5-6-7-8-9-10-11-12-13-14-15) I'm getting really tired (1-2-3-4-5-6-7-8-9-10-11-12-13-14-15) (1-2-3-4-5-6-7-8-9-10-11-12-13-14-15) And we would continue this until EMS arrives or an AED arrives on scene.",ok,youtube_captions,en,False,862,ok,https://i.ytimg.com/vi/cY5N8cks0Vw/hqdefault.jpg?sqp=-oaymwEmCOADEOgC8quKqQMa8AEB-AH-BYACsAOKAgwIABABGEMgTihyMA8=&rs=AOn4CLBG8Dj0c1c1C07S-ij52hlsWIeLMQ,2026-10-02T01:34:49Z
Q001,Pediatric CPR,youtube,43,41kXJZdPDfs,https://www.youtube.com/watch?v=41kXJZdPDfs,How to Perform Paediatric Basic Life Support,"For more video tutorials, high-yield revision Qbanks and support from our online Community, Sign Up at https://www.surgicalteaching.com. 
Use Coupon code STYouTube20 and save 20% off our annual Premium subscriptions!

Dealing with a patient who has suffered a cardiac arrest is one of the most stressful and challenging events we face as Doctors and Nurses, even more so when it's a paediatric patient. In this video, Dr Glyn Estebanez explains how to carry out the Paediatric Basic Life Support steps that can literally save lives.

0:01 - Introduction
1:41 - How to Perform Paediatric Basic Life Support

For more information on the Paediatric Basic Life Support protocol, visit the Resuscitation Council website at https://www.resus.org.uk/library/2021-resuscitation-guidelines/paediatric-basic-life-support-guidelines

Filmed using the Paediatric Basic Life Support Training model by Limbs and Things UK  @Limbs & Things   (https://limbsandthings.com/uk for more info). 

Subscribe to our YouTube channel for more great free content and make sure you check out our other social media channels.

Instagram: https://www.instagram.com/surgicalteaching
Facebook: https://en-gb.facebook.com/surgicalteaching

For more engaging video tutorials, high-yield Qbanks and support from our online Community, visit www.surgicalteaching.com and learn what you need to know for med school!",Surgical Teaching,UCsvzPEffnJUsmuUbz1SZsig,https://www.youtube.com/channel/UCsvzPEffnJUsmuUbz1SZsig,95700,545,2021-07-22,158122,1477,17,,,,CPR|life support|child life support|paediatric life support|child basic life support|paediatric BLS|Basic life support|basic life support osce|child cardiac arrest|pediatric cardiac arrest|child CPR|cardiac arrest|how to do CPR on child|OSCE child CPR|OSCE paediatric life support|nurse student|Child life support USLME|USLME child CPR|pediatric life support|pediatric trauma|pediatric CPR,Education,en-US,,,managing a patient who suffers a cardiac arrest is one of the most stressful things we can deal with as doctors and nurses however being able to provide immediate and effective assistance can literally save lives thankfully cardiac arrests are far less common in the pediatric population than in adults but it's just as important to know how to manage them in a safe and rapid manner so in this video we're going to be showing the sequence you should follow when dealing with this scary and stressful scenario it's important to understand the age classifications of pediatric patients that we use to select the appropriate cardiac arrest life support procedure that you'll follow these are newborns infants which are patients who are less than 1 years old and then we have children which refers to any patient between the ages of 1 and 18. in this demonstration we'll be showing basic life support on an infant model and as a result there will be some differences in the techniques we use to what you might be carrying out in a larger and more mature but for more information on the different techniques you might be applying based upon the age or size of the child you can follow the link in the description below that takes you to the resuscitation council website but before we carry on don't forget to like subscribe and turn on those notifications so you don't miss out on any of our new content releases and make sure you stay tuned to the end of the video to find out how you can save 20 of surgical teaching premium okay let's make a start when attending a cardiac arrest where you're not the first person to arrive on the scene the first thing you should ensure is the safety of the rescuer and the child before then continuing with the set steps if you arrive on the scene first then after ensuring the environment is safe we then check the infant's responsiveness to do this we gently stimulate the child and ask loudly are you okay if the infant responds by answering or moving then they don't need the subsequent basic life support steps we should leave them in the position we found them provided they're not in any further danger and importantly we should check their condition regularly and get help if needed if the child does not respond and there are no signs of life then we should immediately proceed to the next steps of the basic life support pathway the first thing to do is shout for help or if we were somebody else we should ask them to call the emergency medical services or if we're in a hospital environment ask them to summon the cardiac arrest team immediately pediatric cardiac arrests are often due to hypoxia and therefore the next step is to place the patient on their back and assess their breathing to do this we open the airway using the head tilt chin lift placing our hand on their forehead and gently tilting their head back and then we also place our fingertips under the patient's chin to gently lift the chin and help open the airway whilst keeping the airway open we look listen and feel for the presence of breathing by putting our face close to the child's face and looking along the chest while simultaneously looking for signs of life we feel for any air movement against our cheek whilst at the same time observing the chest for any movements and listening for any breathing noises we do this for approximately 10 seconds it's important to be aware that in the first few minutes after a cardiac arrest a child may take infrequent noisy gasps and this is not normal and thus we should not confuse this with normal breathing if the infant is breathing normally then we can consider turning them onto their side and placing them into the recovery position or we can keep them on their back whilst maintaining an open airway and also calling for medical assistance or asking someone else to go for help if the child is not breathing or their breathing is abnormal we should then commence rescue breaths to do this we ensure head tilt chin lift is achieved extending the head into a sniffing position then whilst pinching the soft part of the nose we slightly open the mouth we then take a good breath and place our lips around the patient's mouth ensuring that there's a good seal we blow steadily for one second enough to see the child's chest visibly rise whilst maintaining the head in a head tilt chin lift position we remove our mouth away from theirs and watch as the air comes out and the chest begins to fall we take another breath and repeat this process a further four times each time ensuring the chest rises to the same extent as it would during a normal breath if you're having difficulty achieving effective breaths then there may be something obstructing the airway whilst maintaining head tilt chin lift gently and carefully inspect the mouth and if something is visible then attempt to remove it however do not attempt a blind sweep having performed five affected breaths or having attempted five press we assess for signs of life is the patient breathing and do they have a palpable pulse unconscious children who have normal breathing and a pulse can have their airway kept open in the head tilt chin lift position or if there is a risk of wanting aspiration then they can be placed in the recovery position if the child has a palpable pulse but their breathing is absent or abnormal then we can continue with rescue breaths if there are no signs of life then we should move on to providing chest compressions the best method for chest compressions will vary based upon the size and the age of the child with infants we may be able to wrap our hands around their chest and use our thumbs to compress the lower sternum in older children we may use the heel of our hand to compress the lower sternum or in larger children we may actually be able to use both hands as we would in an adult in this case we'll use our index and middle finger to compress the sternum whichever technique is chosen it's important that we compress the lower half of the sternum and we do this by first locating the zipper sternum which is the location where the lowest anterior ribs meet the sternum we then compress one centimeter above or one fingers breadth above this point for each compression we should aim to depress the sternum approximately one-third the depth of the chest so about four centimeters in depth before releasing the pressure completely to enable the chest to return to its resting position before starting the next compression we perform chest compressions at a rate of between 100 and 120 compressions per minute after 15 compressions we tilt the head lift the chin and give two further rescue breaths before continuing compressions and breaths in a ratio of 15 to two it's important that we do not interrupt cpr or cardioprimary massage at any moment unless there are clear signs of life for example the patient moving coughing or beginning normal breathing if two or more rescuers are present then it's important that we alternate who's performing chest compressions frequently to avoid suffering from fatigue cardiopulmonary resuscitation or cpr should continue until the child shows signs of life such as coughing normal breathing or movement additional qualified medical help arrives or you become exhausted if you found this video helpful then make sure you subscribe to our channel for more great free content or if you want to make learning for med school and board exams easier then subscribe to surgicalteaching.com and check out our experimental videos high yield revision questions and our supportive online community surgical teaching was designed by doctors to help students learn smarter and right now you can enjoy all of our great content for less with 20 off our annual premium subscriptions when using the code st youtube20 thanks for watching guys and i'll see you soon,ok,youtube_captions,en,True,1391,ok,https://i.ytimg.com/vi_webp/41kXJZdPDfs/maxresdefault.webp,2026-10-02T01:34:49Z
Q001,Pediatric CPR,youtube,44,BUhUiPeEX-8,https://www.youtube.com/watch?v=BUhUiPeEX-8,How to Perform CPR on Adults & Infants | In Case of Emergency | Mass General Brigham,"For more information on how and when to perform CPR: https://www.massgeneralbrigham.org/en/about/newsroom/articles/emergency-cpr

When do you perform CPR? Wendy Macias Konstantopoulos, MD, Emergency Medicine Physician at Mass General Brigham, explains when and how to perform CPR on both adults and infants. For someone who’s non-responsive, not breathing, or in cardiac arrest, CPR helps keep the blood moving in the body. People not formally trained in first aid can perform hands-only CPR, buying time until medical personnel can help.

This information in this video is provided solely for informational and educational purposes and should not be used in place of professional medical advice, diagnosis and treatment from your physician or another qualified health provider that may be available to you.

Subscribe Link: https://www.youtube.com/channel/UCYrLjATd88gPwIKntCoR0WQ?sub_confirmation=1

0:00 - Intro
0:22 - What to do first
0:45 - How to perform CPR
1:57 - How to perform infant CPR


About Mass General Brigham: 
Mass General Brigham combines the strength of two world-class academic medical centers, five nationally ranked specialty hospitals, 11 community hospitals, and dozens of health centers. Our doctors and researchers accelerate medical breakthroughs and drive innovations in patient care. They are leaders in medical education, serving as Harvard Medical School faculty and training the next generation of physicians. Mass General Brigham’s mission is to deliver the best, affordable health care to patients everywhere. Together, we transform the health of our communities and beyond.

#MassGeneralBrigham #MGB #Emergency 

Visit Mass General Brigham: https://www.massgeneralbrigham.org/ 

Find us on social:
Twitter: https://twitter.com/MassGenBrigham  
Instagram: https://www.instagram.com/massgeneralbrigham/  
Facebook: https://www.facebook.com/MassGeneralBrigham/  
LinkedIn: https://www.linkedin.com/company/mass-general-brigham/  

Mass General Brigham:
https://www.youtube.com/massgeneralbrigham

How to Perform CPR on Adults & Infants | In Case of Emergency | Mass General Brigham
https://youtu.be/BUhUiPeEX-8",Mass General Brigham,UCYrLjATd88gPwIKntCoR0WQ,https://www.youtube.com/channel/UCYrLjATd88gPwIKntCoR0WQ,67300,171,2023-06-30,701155,6436,4,,,massgeneralbrigham|mgb|emergency,mass general brigham|massachusetts general brigham|mass general brigham hospital|mass general brigham system|mgb hospital|boston,Nonprofits & Activism,en,,,CPR is an emergency response technique to help keep blood circulating in a person who has suffered cardiac arrest CPR can increase chances of survival for cardiac arrest victims outside a hospital by two to three times if you find yourself near someone having a cardiac emergency call 9-1-1 immediately if they are unresponsive not breathing and do not have a pulse perform CPR while you await for emergency Personnel to arrive if you're unsure of what to do listen to the emergency dispatcher for directions next position the person on their back tilt their head back and listen for breathing watch to see if their chest is rising and falling feel for a pulse on their neck if no breathing or pulse is detected begin CPR the main purpose of CPR is to keep the blood moving so that it continues to reach the brain and other vital organs Place one hand over the other and press firmly in the middle of the chest begin two compressions per second or 100 to 120 per minute and press down at least two inches in depth with the heel of your hand people with CPR training can pause every 15 or 20 seconds to give two rescue breaths pinching the nose and blowing into the person's mouth until their chest Rises and falls for untrained individuals hands-only CPR can also be performed at the direction of 9-1-1 dispatchers continue the CPR until the person responds or until emergency responders arrive to perform CPR on infants use two fingers if you are the sole rescuer use both thumbs if another trained person is available to give rescue breaths begin two compressions per second or 100 to 120 per minute compression should be a bit shallower than those used for adults but the rate of compressions per minute is the same CPR saves lives and can be a critical tool in providing emergency care wherever it is needed and anyone can become certified through classes offered locally thanks for watching I'm Dr Wendy Macias constantopoulos for more emergency care videos click here and don't forget to subscribe here thank you foreign foreign,ok,youtube_captions,en,True,359,ok,https://i.ytimg.com/vi_webp/BUhUiPeEX-8/maxresdefault.webp,2026-10-02T01:34:49Z
Q001,Pediatric CPR,youtube,45,ZsJBnTxRmA0,https://www.youtube.com/watch?v=ZsJBnTxRmA0,CPR on infants,"Dr. Tony Smith, St John Medical Director demonstrates how to perform CPR on infants.",Hato Hone St John NZ,UC66QMxjk1RpvQkvhXFUWF3A,https://www.youtube.com/channel/UC66QMxjk1RpvQkvhXFUWF3A,1520,89,2015-02-23,14492,58,,,,,,Nonprofits & Activism,en,,,you in this demonstration I'm going to show you how to do CPR on a nun fund before you do anything make sure an ambulance has been called and nobody is in danger you push on the chest 30 times and blow in the mouth twice remember this 32 - no matter who now lets ever go to push on the chest put two fingers in the middle of the chest and push fast 30 times 28 29 30 now blow twice in the mouth and nose tilt the head and place your mouth over the infant's mouth and nose and blow twice now back on the chest 30 times 28 29 30 remember 32 - no matter who keep doing this until the ambulance arrives if you don't know how fast to push you need to push it 100 a minute and the beat of the BG song stayin alive is exactly 100 a minute so get that song in your mind you,ok,youtube_captions,en,True,164,ok,https://i.ytimg.com/vi_webp/ZsJBnTxRmA0/maxresdefault.webp,2026-10-02T01:34:53Z
Q001,Pediatric CPR,youtube,46,-NodDRTsV88,https://www.youtube.com/watch?v=-NodDRTsV88,How to do CPR on an Adult (Ages 12 and Older),"http://www.cincinnatichildrens.org/cpr-adults 
Cincinnati Children's Demonstrates Adult CPR (Ages 12 and Older).

Transcript:
You Arrive on the Scene

Check the scene for safety. Check the victim for consciousness. Gently tap the shoulder and shout.

No Response

Call 911 immediately.

If the adult is on his or her stomach, turn the person over onto his or her back. The person should be lying on a hard flat surface.

Check for Breathing and Signs of Life

Watch the chest for any normal movement. Look for signs of life and breathing for no more than 10 seconds. 

No Breathing or Signs of Life

Begin CPR

a. Position the heel of one hand on the center of the adult’s chest.  Place your other hand on top.

b. With your elbows locked and arms straight, lean over the adult and compress the chest 2 inches in depth 30 times.

c. After 30 compressions, give breaths by tilting the head back, lifting the chin and pinching the nose. Give two slow and gentle breaths. The chest should rise with each breath.

d. Continue with 30 compressions / two breaths, 30 compressions / two breaths, etc. 

Continue CPR until another rescuer takes over, you see signs of life or help arrives.

For more information visit: http://www.cincinnatichildrens.org/cpr-adults",Cincinnati Children's,UCSC8V1ez4zt3rviyPWzk9Sg,https://www.youtube.com/channel/UCSC8V1ez4zt3rviyPWzk9Sg,265000,117,2015-04-08,4807751,61976,327,,,,cpr|adult cpr|cpr for adults|cpr for teenagers|cpr for adolescents|cpr for tweens|cpr for teens|teen cpr|teenager cpr|chest compressions|chest compressions for teenagers|rescue breathing|rescue breathing for teenagers|rescue breathing for adults,Nonprofits & Activism,en,,,[Music] you arrive on the scene check the scene for safety check the victim for Consciousness gently tap their shoulder and Shout are you okay are you okay if no response call 911 immediately you call 911 if the adult is lying on their stomach turn them over into their back they should be lying on a hard flat surface check for breathing and Signs of Life watch their chest for any normal movement look for signs of life and breathing for no more than 10 seconds no breathing or Signs of Life Begin CPR position the hill of one hand on the center of the adult's chest place your other hand on top with your elbows locked and arms straight lean over the adult's chest and compress the chest 2 in in depth 30 times 1 and two and three and 4 and 5 and 6 and 7 and 8 and 9 and 10 11 and 12 13 14 15 16 17 18 19 20 2 22 23 24 25 26 27 28 29 30 after 30 compressions give breaths give breaths by tilting the head back lifting the chin and pinching the nose place your mouth over theirs and give two slow gentle breaths just enough to make their chest rise continue with 30 compressions and two breaths one and 2 and 3 and four and 5 and six and 7 and 8 and 9 and 10 11 and 12 13 14 15 16 17 18 19 20 20 22 23 24 25 26 27 28 29 30 continue CPR until you see Signs of Life another rescuer takes over or help arrives,ok,youtube_captions,en,True,275,ok,https://i.ytimg.com/vi/-NodDRTsV88/maxresdefault.jpg,2026-10-02T01:34:56Z
Q001,Pediatric CPR,youtube,47,FVEe3t73g_s,https://www.youtube.com/watch?v=FVEe3t73g_s,How to Perform Infant CPR,"Medical City Children's Hospital pediatric cardiologist Tia Raymond, MD, demonstrates how to perform CPR on an infant.

To learn more about Medical City Children's Hospital, visit www.MedicalCityChildrensHospital.com.
Find A Physician: (972) 566-7111",Medical City Dallas,UCiTapUo5KrJdjR9kMKZBA_A,https://www.youtube.com/channel/UCiTapUo5KrJdjR9kMKZBA_A,5630,136,2017-02-27,186493,1415,,,,,CPR|Infant|Infant CPR|Compressions|Medical City Children's Hospital|Tia Raymond|Pediatric Cardiologist|How to do infant CPR|Cardiopulmonary resuscitation|Infant not breathing|No pulse in infant|chest compressions|rescue breaths|tilt head|lift chin|pinch nose|Call 911|pediatric chest compressions|Medical City Healthcare|Tia Raymond MD|Dr. Tia Raymond|Pediatric Intensive Care|Pediatric Cardiac Intensivist|Infant Emergency|Pediatric Emergency,Education,en,,,"(How to do infant CPR) What we're going to teach today,  is how to do infant CPR or  Cardiopulmonary resuscitation. Once you've assessed that the infant is not breathing and is not alert in  any way, you need to call for  help and that's very important. Remove any clothing that the child may have on. You'll want to put your fingers right in the inner aspect of the arm and feel for a pulse. You should  only feel for a pulse for five to ten seconds. Make sure that the infant is on a flat surface as much as possible and a hard surface. You'll want to take your two fingers, your index finger and your middle finger, and place it right in the middle of the breastbone or the sternum underneath the two nipple lines. And you'll want to begin compressions, pushing down on  the chest and allowing the  chest to come up, down on the chest, up, down on the chest, up,  and you want to do this for 30 beats so, one, two, three, four, five. Don't worry, you're not going to push too hard, I promise. So you push hard enough, and you do that for thirty beats. After you've done the thirty chest compressions, you'll then move quickly to the head of the baby, and you will want to give rescue breaths. The first thing you want to do is, tilt the head back, and lift the chin up, so that you open up the airway. You'll then pinch the nose with one hand, and you will deliver a rescue breath over one second and you should have sufficient air blowing into the baby to see both of the  chest walls rise. Like this: (demonstrates breathing) And you'll want to do that twice. So you do 30 chest compressions, and you give two rescue breaths. Immediately when you finish the two rescue breaths, you go back to doing chest compressions. If you are the only person there, then you start chest compressions and rescue breaths for two minutes and then you need to leave the side of the infant and call 911 for help. (Medical City Children's Hospital MedicalCityChildrensHospital.com)",ok,youtube_captions,en,False,364,ok,https://i.ytimg.com/vi/FVEe3t73g_s/maxresdefault.jpg,2026-10-02T01:35:00Z
Q001,Pediatric CPR,youtube,48,4eOtcqKQ0K4,https://www.youtube.com/watch?v=4eOtcqKQ0K4,"Essential Clinical Skills: CPR, AED, & Cardioversion/Defibrillation [Adult, Child, Infant]","Head to SimpleNursing’s OFFICIAL website here: https://shorturl.at/syDVZ

See why SimpleNursing is trusted by over 1,000,000 nursing students by working smarter, not harder.

A SimpleNursing Membership includes:
🎥 1,200+ fun, animated videos (80% NOT on YouTube)
📚 900+ colorful study guides packed with memory tricks
🧠 3,000+ practice questions 

For the NCLEX:

🎥 1,200+ fun, animated videos (80% NOT on YouTube)
📚 900+ colorful study guides packed with memory tricks
🧠 4,000+ practice questions
📺 18+ hours of NCLEX Review Lectures 
❓ NGN Practice Questions
... and more!

Click the links above to try it out risk-free!

Master critical clinical skills for CPR, AED, and cardioversion/defibrillation. Learn evidence-based techniques for adult, child, and infant patients. Gain the confidence to perform emergency resuscitation and improve patient outcomes. Prepare for nursing certification exams and clinical rotations. This comprehensive tutorial is a must-watch for future nurses.

#nclex #nursingschool #studentnurse #nursingstudent #nclexreview #nclexprep #nursing #nurse #cpr #aed #cardioversion #defibrillation",SimpleNursing,UCUxQWmWk1_Hk9iDRKvhH29Q,https://www.youtube.com/channel/UCUxQWmWk1_Hk9iDRKvhH29Q,1660000,260,2024-04-24,49627,1118,26,,,nclex|nursingschool|studentnurse|nursingstudent|nclexreview|nclexprep|nursing|nurse|cpr|aed|cardioversion|defibrillation,cardiovern|cardioversio|defbrilation,Education,en-US,,,hey there future nurse now I know I'm getting ahead of myself here but I bet you'll like this video and if you do be sure to head to simplenursing.com YouTube for way more content than you can get here and you can sign up for free CPR on an adult check the scene for safety then check the person for responsiveness and breathing if the person doesn't respond or isn't breathing then call 911 or tell someone else to do so then place the person on their back on a firm flat surface start with 30 chest compressions with two hands Center on the chest shoulders directly over the hands and elbows locked chest compression should be at a depth of at least 2 in and a rate of 100 to 120 per minute huge tip now compressions should go to the tempo of Staying Alive the song and allow the chest to have full recoil on each compression now open the airway using a head tilt or chin lift technique and then give two breaths ensure the breath lasts 1 second and makes the chest rise continueing giving sets of 30 chest compressions in two breaths and always use an AED once available AED steps for a non- breathing adult or a child older than 8 who weighs more than 55 lb assuming CPR steps are in process use the AED as soon as available turn the AED on and follow the voice prompts remove clothing that covers the chest and attach the pads by placing one on the upper right side of the chest and the other on the lower left side a few inches below the armpit now if the pads touch Place one of the pads in the middle of the chest and the other on the back between the shoulder blades plug the pad connector cable into the AED if necessary let the AED analyze the heart rhythm and make sure no one is touching the person and say clear in a loud voice push the shock button when prompted now after the AED delivers the shock or if no shock is advised then immediately restart CPR beginning with chest compressions here are the steps for CPR on a child first check the scene for safety and obtain consent from their Guardian check for responsiveness and breathing always call 911 or tell someone else to do so place the child on their back on a firm flat surface always give 30 chest compression with the heel of the hand in the center of the child's chest with your hand on top and fingers interlaced position the shoulders directly over the hands and lock the elbows and keep your arm straight now the depth and compressions should be about 2 in at a rate of 100 to 120 per minute open the airway using a head tilt or chin lift technique and give two breaths continue 30 chest compressions and two breaths until there's an obvious sign of life or until the AED arrives steps for CPR on an infant first check the scene for safety and obtain consent from the guardian then check for responsiveness and breathing call 911 or tell someone else to do so place the infant on their back on a firm flat surface and stand or kneel beside them with your hips at a slight angle give 30 chest compressions by placing both thumbs side by side in the center of the baby's chest just below the nipple line use other fingers to encircle around the baby's chest for support use both thumbs to press down and the depth of compression should be about 1.5 in at a rate of 100 to 120 per minute open the airway using a head tilt or chin lift technique and give two breaths continue 30 chest compressions of two breaths but if there's a second rescuer available then it changes to 15 to2 Ratio or until obvious Signs of Life or if EMS arrives cardiov version and defibrillation are not the same think C for cardio version is C when you can count a pulse synchronized cardio version you can use a manual to fibrillator to read and synchronize the client's heart rhythm the rhythm is synced with low energy shock that is delivered at the peak of the QRS complex to get the Rhythm back to normal now rhythms that can be converted are atrial fibrilation unstable or symptomatic a flutter supraventricular tardia that is unstable or if the vagal maneuver does not work now D for defibrillation is when clients D don't have a pulse so no synchronization is needed it's a way to convert a rhythm back to normal so an AED will deliver a high energy shock which temporarily stops the heart to return it back to a normal Rhythm now rhythms that can be defibrillated are ventricular fibrillation V FIB or pulseless vtac so don't forget if they have the V give them the D looking to cut your study time in half head on over to simplenursing.com slout you can sign up for free and get access to all of this,ok,youtube_captions,en,True,864,ok,https://i.ytimg.com/vi_webp/4eOtcqKQ0K4/maxresdefault.webp,2026-10-02T01:35:02Z
Q001,Pediatric CPR,youtube,49,ohydtbrZmQc,https://www.youtube.com/watch?v=ohydtbrZmQc,High-quality CPR and in-hospital peds resuscitation,"This is a simulation of an in-hospital pediatric (intensive care) resuscitation with a 5-member team. This demonstrates the benefits of high-quality CPR, CPR quality monitoring, and the ""pit crew"" approach.",American Heart Association,UCLiWQk8JzhNRcNiDKk4dpaw,https://www.youtube.com/channel/UCLiWQk8JzhNRcNiDKk4dpaw,256000,269,2013-06-24,204876,676,21,,,,cardiac arrest|respiratory distress|respiratory arrest|IHCA|pediatric|peds|in-hospital|PICU|ICU|intensive care|critical care|BLS|ACLS|PALS|AHA|ECC|resuscitation|cardiopulmonary resuscitation|CPR|quality|monitoring|code|chest compression|ventilation|QCPR|CPRQ|team dynamics|team leader|debriefing|pit crew|simulation|intubation|bradycardia|PEA|pulseless|electrical|activity|guidelines|high-performance|backboard|systems of care|high-quality CPR,Nonprofits & Activism,en,,,"- [Voiceover] Okay. - Is everything okay? - [Voiceover] Mom, it looks like she's having a little harder time breathing. I'm going to call for some help. I need some help in here. - Okay. Hi I'm Liz, I'm the NICU fellow ten, what's going on? - [Voiceover] Liz, this is Raven she's Thaddeus post cardiac surgery now, x-rays this morning. I'm having some respiratory distress. - [Voiceover] It looks like we have tractor 67 standpoints. Start bagging? - [Voiceover] Yes. - [Voiceover] Maneuver it and (mumbles) and the bag towards you. - [Voiceover] I'm going to put an end tight on. (nurses speaking at once) - [Voiceover] Who's the team leader? - [Voiceover] I'm the team leader, Lee Ann. - They're worried about her saturations. - [Voiceover] Having a hard time bagging, Liz. - [Voiceover] All right, I'm not seeing any stats. - [Voiceover] I have decreased breath sounds. (nurses speaking at once) - [Voiceover] (mumbles) Let's do two-handed bagging. - [Voiceover] Is there any pulse? - [Voiceover] Is there any pulse? - [Voiceover] We're becoming more Bradycardic. - Let's start chest compressions. Can we get a backboard? And stool, and the ZOLL? What we're gonna try to do is put the backboard and the ZOLL on the back at the same time. Continue compressions. - [Voiceover] It seems she's not getting a good blood pressure on her. - [Voiceover] Backboard ready. - [Voiceover] Put this backboard underneath her. - Okay, one, two, three, roll. - [Voiceover] Hey Liz, I'm Doctor Valar, (mumbles). What's going on? - So, right now we're in respiratory distress. We became hypoxic, and now we are Bradycardic. We have no pulse, we're doing compressions. We're going to try to put in the airway. Actually, can you hand me intubation material? - [Voiceover] Yeah sure. Kate, do you mind being QC their leader there? - [Kate] Yeah, I can watch. - All right, it looks like our heart rate's still 45. We're still hypoxic, anymore, any ability to move the airway? - [Voiceover] I'm still having trouble moving the air. - [Voiceover] We're not getting good blood pressures right now, so if you could press a little bit harder and faster, our goal is to have our diastolic blood pressures about 25, and right now it's six. So I need you to press real hard and real fast. Our End-Tidal, however, is pretty good. Well, it was 21 and now it's 21 again. So that's a good sign. - All right, continue compressions. - [Voiceover] Your diastolic blood pressures have come up a little bit. - [Voiceover] I'm going to take a look at what you're doing. - [Voiceover] Keep on compressing, this whole time I'm just trying to intubate, okay Nikki? - [Voiceover] All right, you guys see the cords? - [Voiceover] You're doing a great job, your diastolics are at 26, which is what we were wanting. - Can someone take a listen? - [Voiceover] Nikki. - [Voiceover] I'm ready here, switch. - [Voiceover] Just wait they've confirmed-- - Do we have entitle? We have End-Tidal's 21. - [Voiceover] I have equal breath sounds. - Our heart rate's still 39. Stats are in the 60's. Kate, can you update me on where we are with CPR? - [Kate] Yes, and Nikki's, continue to compress Nikki, now that we have an airway in place, you can just continue compressing continuously about a hundred. Sam, if you could bust it up six times a minute? First we need to switch compressors. So, why don't you guys switch real quickly. Our heart rate's now in the 140's, stats are improved 75, our diastolic blood pressure is improved, compressions at around 30 and our End-Tidal is 22. - All right, sounds like we're still having issues with hypertension. We could take a pause in our compressions and see if we have a pulse. - [Voiceover] I don't feel a pulse. - [Voiceover] All right, resume compressions. So we have a PA arrest right now. What we're going to need to do is get EPI available. - [Voiceover] I have a dose of EPI ready. - [Voiceover] Let's give a dose of EPI. - [Voiceover] Who's giving the meds? - [Voiceover] Use EPI and a flush. - [Voiceover] Are you okay? Do you want to-- - [Voiceover] Can you tell me what's going on? - [Voiceover] Our blood pressure's 46 over 28. Our stats are still in the 70's, our heart rate's better, it's 160's. - [Voiceover] EPI's in. - [Voiceover] EPI's in, great. Do we need to switch compressors yet? - [Voiceover] They need to switch. - [Voiceover] Is it beating again? - [Voiceover] All right, it looks like our blood pressure's improved, we're 86 over 37. Our stats are coming up. And our heart rate's great. Our End-Tidal's in the 50's. Great job guys. Yeah, let's stop compressions. Check her pulse. - [Voiceover] Okay. - Strong pulse. - [Voiceover] Okay. - [Voiceover] Anything else? - Wrap it up. - [Voiceover] Oh sure. All right, great. So good job guys. To summarize, we came in, we were in respiratory arrest. We were able to get a airway, but then we found out we were in PA arrest, and gave a dose of EPI, and we've recovered. Our heart rate's in the 170's, our stats are in the upper 90's, and our blood pressures are 90's over 40's, and our End-Tidal's in the 40's. Great job guys. (claps)",ok,youtube_captions,en,False,910,ok,https://i.ytimg.com/vi/ohydtbrZmQc/maxresdefault.jpg,2026-10-02T01:35:06Z
Q001,Pediatric CPR,youtube,50,11cvec_5FaE,https://www.youtube.com/watch?v=11cvec_5FaE,Simulation Scenario - The Ideal Paediatric Resuscitation,"This video details a ward based paediatric resuscitation, with particular emphasis on communication and resource management in providing effective resuscitation. This video could be used prior to simulation training to augment the learners understanding of non-technical skills in paediatric resuscitations. 

For more clinical simulation resources please visit http://ww2.clinsim.health.wa.gov.au/",Western Australian Clinical Training Network,UCuSrgcHTMCB21xvIpoNOAHg,https://www.youtube.com/channel/UCuSrgcHTMCB21xvIpoNOAHg,7490,984,2016-08-04,66712,,,,,,paediatric resuscitation|clinical simulation,Science & Technology,en-US,,,"my name is Dr Ellen Taylor I am the co-director of simulation training here at Princess Margaret Hospital for Children we have created this video with a grant from the wa clinical training Network and we're grateful to them for their assistance Pediatric resuscitations are daunting for many staff and they don't happen very often therefore many staff will not have had the opportunity to take part in a pediatric resuscitation during their career they may not even have seen one we wanted to create a video to highlight what the first few minutes of a w-based resuscitation might look like and to highlight some of the non-technical skills that are involved after watching this video we hope that you will have a good understanding of what non-technical skills you will need in a pediatric resuscitation whether that's simulated real this video may form part of a workshop or further discussion or stand alone as part of your own self-directed learning we hope it will be helpful I need some help there's something wrong with my baby okay let's a look Charlie Charlie breathing I need some help in here please calling for help early is a vital part of any crisis this should be done by shouting and pressing the nearest emergency buzzer generally speaking you should do this when you start to feel uncomfortable in a situation and when there are too many tasks to perform on your own remember it is better that help arrives early and that the crisis isn't as serious as first thought than waiting until a situation is out of your control and wasting valuable time [Music] okay come on buddy this is Charlie he's 3 months old he's coming with severe dehydration I can't feel a pulse and he's not breathing so Charlotte can you start Airway please Deb can you start compressions connect we can help with that I'll go and call the code blue early role allocation in the crisis helps improve the speed of response team performance and give structure to an already difficult and stressful situation role allocation can be self assigned or assigned by the leader remember it's important to try and get people into the most appropriate roles for their skill set having the wrong person in the wrong role may result in error or failure to deliver the best care okay I'll do two handy technique if you can beg code blue pmh Ward 2A room five 15 68 9 10 11 12 13 14 15 s 14 15 the most important part of any resuscitation is the immediate commencement of good quality basic life support this should be maintained the wholeway through the resuscitation with minimal interruptions good quality BLS will preserve blood supply to the body's vital organs and is absolutely critical to a good outcome remember most people can only maintain good quality chest compressions for a 2minute period so staff should be rotated into and out of this role regularly 11 12 C glue I'm Tom on the officer what's this is Charlie he's 3 months old came in with dehydration found unresponsive with not so we started CPR my name is Lisa I'm the nursing clinical educator in the emergency department isaar is an effective tool for use and Handover even under stressful or time critical circumstances it can be used to help structure important information that needs to be handed over usually in a critical situation or resuscitation there are essential pieces of information that the team will need to direct their management the importance of a succinct but thorough Handover cannot be underestimated remember most members of a resuscitation team will know nothing about the patient when they arrive okay well I'm going to leave this until the code blue team arrives let's start with Airway breathing and circulation Charlotte what's happening with the airway in the breathing uh we've got a good seal with two-handed technique and we've got good chest expansion okay de I'm going to briefly ask you to pause CPR so you can check a pulse for us can you do that now there's no pulse okay continue CPR please Deb okay marg's got the pads on um all right now we've got the defibrillator on now so again we're going to do a brief uh pause in a second while we charge the defibrillator up to 4 Jew per kilo is 20 Jew Charing up okay so away with the oxygen first continue CPR away with the oxygen please CPR fully charged now stop there please okay we've got ay so dump the charge and back on the chest doing CPR please okay back on the airway as well very okay we've gone we're in a we're on the nonshockable side of the algorithm so we're going to do adrenaline every 4 minutes all right I'm on to Adrenaline check every minutes I'm going to get the algorithm of the res car strong leadership is a very important part of creating a cohesive team explicit announcing of leadership helps prevent confusion as to who is leading the leader should ideally stand at the end of the bed and not take part in any practical tasks as these could be distracting to them the Scribe should stand alongside the leader to document timings give prompts and record orders and actions that have taken place leaders aim to give direction to the team in terms of specific role allocations tasks to be carried out as well as giving the team focus and direction as to where the situation is heading leaders should not be dictatorial but inclusive and welcome suggestions from members of the team the leader does not necessarily need to be the most experienced person in the room and co-leadership can be formed in appropriate circumstances 11 12 13 okay Margie we're going to need 10 mics per kilo of adrenaline Charlie's 5 kilo so we're going to need 50 mics of adrenaline that's five Ms of 1 in 10,000 right5 1000r that okay effective communication is critical to ensure that the team works well together to achieve the best possible outcome communication errors are among the most common errors in resuscitations closed loop communication is an effective method of communication and has been shown to reduce error rates by removing ambiguity from Instructions allowing questions if the instruction was not heard clearly and allowing others in close proximity to be aware of the proposed course of action once a team leader has either requested information or asked for a procedure to be performed by a named person that person should then acknowledge this request verbally and then confirm it when it is done this allows for clarification of requests if needed and avoids errors of omission Clos Loop communication allows the sender to know that their requests have been heard and understood the use of names avoids the problem of such requests being made into an empty space when a team leader asks out loud for a procedure to be done unless they specify who they want to perform the procedure then there will be a risk it will not be done at all if possible the team leader should use eye contact when making requests allowing for non-verbal as well as verbal clar ification if the team names are not known it's perfectly acceptable to address staff members by their role allocations such as Airway nurse or circulation doctor this is another reason why role allocation is so important 1 two three four five 6 7 8 9 10 11 12 13 14 15 okay adrenaline's going in 1 2 3 4 5 six I think that the resuscitation dose of adrenaline is one of the few drug dosages that doctors and nurses is working in a pediatric setting should know off by heart it's worth understanding that 10 mics per kilo is equal to. one Ms of 1 in 10,000 adrenaline okay that's 10:04 the next dose is due at 108 can you continue with CPR please 11 5 flush of sine let's continue with the CPR Deb are you getting tired there no I'm okay than thanks okay we've got the um APS algorithm out now for the unshockable Rhythm as well when you are a team leader it can be very difficult to act effectively if you trying to remember the relevant algorithm in your head that's why we recommend getting the algorithm out and placing it on the table in front of you and the Scribe this means you can free up space to think about all the other details the algorithms can be found on the recess trolleys and specific algorithms can also be found on the apls website if you will regularly be acting in a team leader position I recommend that you keep a copy of these on your phone or somewhere that you can find them easily when you are in an emergency situation lovely thanks em one of the other do you need yes please Emma Emma could you take over CPR from Deb please okay Deb can you come and take come here and start subscribing for us and look at the cognitive Aid of the nonshockable side of the algorithm okay so what time did we start uh we started at 10:04 we get the first dose of at 10:04 y we've we you do the next at 108 we do a pulse check at 10:06 we're still in the first um cycle of CPR right thank you the role of the Scribe is to maintain an accurate and legally binding account of a critical event as part of this the Scribe will be tasked with capturing the time of onset of an event details of the event observations at 2minute intervals all interventions procedures medications and fluids given capturing all treating staff and family members present and communication with all treating teams and ensuring the family are supported an important feature of this role is collocation with the leader of the resuscitation to ensure information is accurately captured in what can be a noisy [Music] space hello I'm Mary I'm the entist would you like me to take over the airway that would be great thank you Mary Charlotte could you go off and find Mom and explain to her what's happening Alana can you come Margie with drugs and medication uh medications and fluids please it's coming up for 2 minutes you need to check the PO okay let's briefly pause CPR and check and pulse please Emma there's no pulse okay continue CPR and it's still asist on the monitor it's just such a terrible shock is he going to be all right the team is with him now and they're doing everything they can can I please ask who the leader is yeah I'm Tom I'm the junior medical officer and I'll be leading until the rest of the C blue team arrives okay the emphasis in much resusitation training is on leadership however I think good followership is essential as well in many critical events somebody in the room could have changed outcomes had they spoken up good followers are accountable for their actions the leader's role is to create the environment so that this can happen but good followers can facilitate this too and that could involve asking explicitly who is leading this resuscitation it could involve speaking up with concerns by using a graded assertiveness technique it means being engaged and responsible together with the whole team do we want to consider our 4 hes and 4ts yeah that's a good point okay let's do an overview I think we've got this just so everyone can he we've got a 5 kilo 3mon old child um in asystolic Cardiac Arrest um we've got a history of severe Duan vomiting over the last 3 to five days um we are in the non-shockable side of the algorithm we've given one dose of adrenaline we're now going to start considering 4 H and four T um this is my patient and I think that's consistent with his presentation he came in very dehydrated yesterday here you have just heard the team leader use explicit communication repeating the assessment and stating the working diagnosis and treatment aims out loud this is a useful technique which allows questions to be asked by the team it avoids team members working on counterproductive tangents and therefore avoids errors it allows the entire team to create a shared mental model of the patient situation this means that all team members can understand both the clinical and logistical implications of the case it ensures that team members are familiar with one another's roles and responsibilities they can anticipate the needs of other team members this collaborative approach helps break down boundaries between individuals with varying levels of expertise and it helps reduce the perception of a power differential between professionals I think we're going to need a fluid ballus of 20 m per kilo Mar 100 m of normal saline and we'll need a Venus blood gas taken off so we can check the electrolytes does anyone have anything else they want to add at this stage oh hi I'm Simon I'm the ICU consultant this is Clea with we're with the code team uh would you guys be able to give us a hand over what's happened so yeah I'm Tom I'm the junior medical officer I've been leading this uh code this is Charlie who's a thre Monon or 5 kilo child who's in asystolic Cardiac Arrest we're on the second cycle of CPR he's got a background of a few days history of severe diarrhea and vomiting um currently we've given him one dose of adrenaline and we are in the process of giving our first 20 m per kilo normal saline fluid ballus the plan was to continue down the nonshockable side of the algorithm um continue further boluses of adrenaline and further boluses of fluid um to take a Venus blood gas to check for electrolyte imbalance um and to continue to check the rest of the four h's and the four T's okay so 3mon old asystolic arrest likely due to hyper Vol your electrolyte abnomalities given the history and uh you're following the non-shockable algorithm checking the 4 HS and 4ts that sounds great um if it's okay I'll take over leadership of the code now that's fine thank you Simon Okay okay so we'll continue down the NoNo Rhythm Tom do you want to take over CPR to summarize the non-technical skills that are essential during a pediatric resuscitation are call for help early allocate roles perform continuous basic life support use isobar to hand over have a clear leader communicate effectively know the dose of adrenaline use a cognitive Aid where possible be a good follower we do hope that this video will be useful to you and we're grateful to wa clinical training Network for their assistance",ok,youtube_captions,en,True,2516,ok,https://i.ytimg.com/vi/11cvec_5FaE/maxresdefault.jpg,2026-10-02T01:35:06Z
Q001,Pediatric CPR,tiktok,1,7265251335564578056,https://www.tiktok.com/@saferlittlesteps/video/7265251335564578056,Highly requested video on how to do CPR on a toddler. Follow the link in my bio for more on child & infant first aid.  #cpr #child #childcpr #toddler #toddlercpr #firstiad #infant #baby #parent #parents #mum #dad #grandpa #grandma #training #newparent #newparents #emergency #fyp,,saferlittlesteps,saferlittlesteps,https://www.tiktok.com/@saferlittlesteps,50511,137.3,2023-08-09,1676597,60480,522,11808,33554,cpr|child|childcpr|toddler|toddlercpr|firstiad|infant|baby|parent|parents|mum|dad|grandpa|grandma|training|newparent|newparents|emergency|fyp,,,en,AU,tiktok_video_region,"Hi, I'm Ross Smith, former ambulance paramedic and now founder of Safe Little Steps. I wanna talk about toddler and child CPR. There's two things we need to remember to perform CPR. One is their conscious state and whether they're breathing or not breathing normally. So first of all, let's check. Hello? Can you hear me? Wake up! There's no response. They're unconscious. Secondly, are they breathing? Let's check. Listen, feel if they're breathing in and out like this. Normal. Just lay them on this side, call for help and wait for the ambulance to arrive. But if we check for their breathing and we can't feel any breathing and they're not breathing in and out, they're gasping, couple of gasps or not breathing at all, we must start CPR. We use a heel of our hand for CPR on the center of their chest. Before we do, we call for an ambulance. Put your phone on speaker and listen to the ambulance call. Takers advice, follow their instructions. So let's do this. Not breathing or not breathing normally? Unconscious. Heel of the hand, center of the chest. Start pressing up and down 30 times, about one third of the chest depth, like so. Around. About a rate of around 100 to 120 compressions per minute. After 30, we stop. We pitch their nose shut, tilt their head back and give them two rescue breaths. They need to breathe a little bit harder than you would with an infant. You Don't have to tilt their head too far back, just enough to open up the airway. So just lift their chin back a little and pinch their nose. And we continue this. 30 compressions about one third. Chest depth 29 30. Lift the head back 1 2 pass and then continue. Keep doing CPR until help arrives. If they start the coffin splatter and recover, turn them on this side and advise the ambulance calltaker. I hope this little hint helps you. Please follow me for more information on first aid tips and safety in around the home. Thank you.",ok,tiktok_auto_caption,en,True,350,ok,https://p16-common-sign.tiktokcdn-us.com/tos-alisg-p-0037/oUD7QoYbr5oIaAIjeWpJUCeTwgcn3fADADA2TC~tplv-tiktokx-cropcenter:500:800.jpeg?biz_tag=musically_video.video_cover&dr=9638&idc=useast8&ps=13740610&refresh_token=8a10aae0&shcp=9b759fb9&shp=c1333099&t=4d5b0474&x-expires=1790892000&x-signature=ZN7sgbATLLAzrilGAxrKm7Ftbb8%3D,2026-10-02T01:35:06Z
Q001,Pediatric CPR,tiktok,2,7688859009708756254,https://www.tiktok.com/@cpr.choice/video/7688859009708756254,"A choking baby can’t wait. If an infant under 1 can’t breathe, cry, or cough effectively, give 5 back blows, then 5 chest thrusts. Keep alternating until the object comes out or the baby becomes unresponsive. Have someone call 911; if you’re alone, call on speakerphone while you help. If the baby becomes unresponsive, start infant CPR. Save this and share it with anyone who cares for a baby.  #InfantChoking #BabyFirstAid #ChokingFirstAid #InfantCPR #CPRChoice",,CPR Choice,cpr.choice,https://www.tiktok.com/@cpr.choice,59557,28.5,2026-09-23,587715,39800,274,11991,20620,infantchoking|babyfirstaid|chokingfirstaid|infantcpr|cprchoice,,,en,US,tiktok_video_region,,no_caption_available,,,,0,ok,https://p16-common-sign.tiktokcdn-us.com/tos-useast8-p-0068-tx2/okkra0BAFWwlCIABUREPAJV2iRAU2YADQwitE~tplv-tiktokx-cropcenter:500:800.jpeg?biz_tag=musically_video.video_cover&dr=9638&idc=useast8&ps=13740610&refresh_token=943b3a22&shcp=9b759fb9&shp=c1333099&t=4d5b0474&x-expires=1790892000&x-signature=HPe3%2FJxpYmZOqdxH6%2BriGE3H5Z8%3D,2026-10-02T01:35:06Z
Q001,Pediatric CPR,tiktok,3,7655276166089133343,https://www.tiktok.com/@dellapelleert/video/7655276166089133343,"Here is how you perform child cpr ages 1-12 years old. Check call care, then provide 30 compressions followed by 2 breaths.  Knees shoulder width apart, place the palm of your hand in the center of the chest, place your other hand over it interlacing your fingers if one handed cpr cannot be performed effectively. Lock out your elbows so that your shoulders are parallel with your hands in a straight line, with your back in a neutral position. Begin compressing the chest about 2” inches depth, at a rate of 100-120 compressions per minute. Once you’ve completed 30 compressions, provide two breaths. Attach an AED the moment one becomes avaliable. #cpr #children #childhood #viral #fyp",,Dellapelle Emergency Response,dellapelleert,https://www.tiktok.com/@dellapelleert,28142,52.87,2026-06-25,10309,275,0,48,179,cpr|children|childhood|viral|fyp,,,en,US,tiktok_video_region,"Child CPR in 45 seconds. If a child goes into cardiac arrest, here's how to perform high quality CPR. Start by placing your knees about shoulder width apart. Move close enough to the child's chest so that you can compress straight down. The distance you are from the child will vary based on your size. Place the heel of one hand in the center of the chest. For larger children, you may need to use two hands. Lean forward so your shoulders are directly over your hands. Lock out your elbows and push hard and fast. Compressing about 2 inches in depth. Your rate should be 100 to 120 compressions per minute, or about two compressions every second. Let the chest come all the way back up. After every compression, give 30 compressions. Then go check out my video on how to provide rescue breaths to a child. Follow for more CPR and first aid skills that I teach in my classes for free.",ok,tiktok_auto_caption,en,True,164,ok,https://p19-common-sign.tiktokcdn-us.com/tos-useast8-p-0068-tx2/o0WJsUuoeAwNQZ1HQW6g0GAFUD98QYffRAeAQM~tplv-tiktokx-cropcenter:500:800.jpeg?biz_tag=musically_video.video_cover&dr=9638&idc=useast8&ps=13740610&refresh_token=f8b8d377&shcp=9b759fb9&shp=c1333099&t=4d5b0474&x-expires=1790892000&x-signature=POZjhM0qM9a7gQurBPxbicRScCA%3D,2026-10-02T01:35:06Z
Q001,Pediatric CPR,tiktok,4,7685558570800254238,https://www.tiktok.com/@cpr.choice/video/7685558570800254238,"If your child collapsed in front of you, would you know what to do? You don’t need to be a healthcare professional to save a life — but you do need to know CPR before the emergency happens. For a child: call 911, get an AED, and start CPR. 30 compressions, 2 breaths, and keep going until help arrives or the AED is ready. Save this. Share it with a parent. Better yet — take a CPR class. ❤️ #CPR #PediatricCPR #LearnCPR #parentsoftiktok #parentingtips",,CPR Choice,cpr.choice,https://www.tiktok.com/@cpr.choice,59557,36.7,2026-09-15,9980,223,14,19,76,cpr|pediatriccpr|learncpr|parentsoftiktok|parentingtips,,,en,US,tiktok_video_region,,no_caption_available,,,,0,ok,https://p16-common-sign.tiktokcdn-us.com/tos-useast8-p-0068-tx2/oMA2AfHdBiC1iASCuoilEDEtVBKI8qVAy0IrtA~tplv-tiktokx-cropcenter:500:800.jpeg?biz_tag=musically_video.video_cover&dr=9638&idc=useast8&ps=13740610&refresh_token=caad97d8&shcp=9b759fb9&shp=c1333099&t=4d5b0474&x-expires=1790892000&x-signature=5nQkDy4bPpwUfidwxIWs0fMqojs%3D,2026-10-02T01:35:06Z
Q001,Pediatric CPR,tiktok,5,7293663913181203754,https://www.tiktok.com/@simplenursing/video/7293663913181203754,Steps for CPR on an Infant 🚑 #cpr #infantcpr #babycpr #cpronachild #childcpr #cpronababy #nursing #nursingskills #sutdentnurse #nurseskills #cprdemo,,Nurse Mike @ SimpleNursing,simplenursing,https://www.tiktok.com/@simplenursing,1295004,43.35,2023-10-24,498898,18209,93,2616,9583,cpr|infantcpr|babycpr|cpronachild|childcpr|cpronababy|nursing|nursingskills|sutdentnurse|nurseskills|cprdemo,,,en,US,tiktok_video_region,"For CPR on an infant, first check the scene for safety and obtain consent from the Guardian. Then check for responsiveness and breathing. Call 9 1 1 or tell someone else to do so. Place the infant on their back on a firm, flat surface and stand or kneel beside them with your hips at a slight angle. Give 30 chest compressions by placing both thumbs side by side in the center of the baby's chest, just below the nipple line. Use other fingers to encircle around the baby's chest for support. Use both thumbs to press down and the depth of compression should be about 1.5 inches at a rate of 100 to 120 per minute. Open the airway using a head tilt or chin lift technique and give two breaths. Continue 30 chest compressions the two breaths or until obvious signs of life or if EMS arrives.",ok,tiktok_auto_caption,en,True,149,ok,https://p19-common-sign.tiktokcdn-us.com/tos-useast5-p-85c255-tx/oorpBdfBpE7DAAyYnTjzwn1C4ALCMiZoiCWbIw~tplv-tiktokx-cropcenter:500:800.jpeg?biz_tag=musically_video.video_cover&dr=9638&idc=useast8&ps=13740610&refresh_token=227e2857&shcp=9b759fb9&shp=c1333099&t=4d5b0474&x-expires=1790892000&x-signature=Ux2R3Elsvd1Y0cSfkLRIdD6x5PA%3D,2026-10-02T01:35:06Z
Q001,Pediatric CPR,tiktok,6,7471039175995788551,https://www.tiktok.com/@cbdcollege.edu.au/video/7471039175995788551,"Taking care of young kids? Learning CPR and first aid for children is essential because procedures are often different from adult care. Whether you are a parent or a teacher for young children, learn with us in just 3.5 hours! (HLTAID012 Provide First Aid in an education and care setting) #childsafety #health #safety #firstaid #firstaidtips #certificate #firstaidtraining #firstaidcourse #australia #aus #aussie #cpr #children #childcare #childcareworker #childcareprovider",,CBD College,cbdcollege.edu.au,https://www.tiktok.com/@cbdcollege.edu.au,3020,42.47,2025-02-14,1426018,11133,111,935,4440,childsafety|health|safety|firstaid|firstaidtips|certificate|firstaidtraining|firstaidcourse|australia|aus|aussie|cpr|children|childcare|childcareworker|childcareprovider,,,en,AU,tiktok_video_region,"CPR on kids, it's different from adults. Let's learn in 40 seconds. First, check and see if the child is responsive. Can you hear me? Can you squeeze my hands? If there's no response, start CPR immediately. Place one hand in the centre of the chest. Push down a third of the chest. Step with 30 compressions performed at 120 beats per minute. The main difference is that with an adult, you'd use two hands for CPR. However, with a child, you might only use one. So you can either use one hand or two hands, depending on the size of the child and your own strength. Next, rescue breaths. Tilt their head back slightly. Seal your mouth over theirs and give two breaths. Repeat this, 30 compressions, two breaths. Now you know how to perform.",ok,tiktok_auto_caption,en,True,136,ok,https://p19-common-sign.tiktokcdn-us.com/tos-alisg-p-0037/okAWAA5EIdlBYAXFRPlZ1ECAI6uWdii0AAt91~tplv-tiktokx-cropcenter:500:800.jpeg?biz_tag=musically_video.video_cover&dr=9638&idc=useast8&ps=13740610&refresh_token=6c81a318&shcp=9b759fb9&shp=c1333099&t=4d5b0474&x-expires=1790892000&x-signature=nBiMZYN2zJEOIb0HN1wl2dsbngc%3D,2026-10-02T01:35:06Z
Q001,Pediatric CPR,tiktok,7,7564855082773204238,https://www.tiktok.com/@nurseinthemakingkristine/video/7564855082773204238,Newborn CPR #studentnurse #neonatal #OBnursing #nurseinthemaking #nursingschool #motherbaby,,NurseInTheMaking,nurseinthemakingkristine,https://www.tiktok.com/@nurseinthemakingkristine,1807349,59.77,2025-10-24,85107,3042,11,198,883,studentnurse|neonatal|obnursing|nurseinthemaking|nursingschool|motherbaby,,,en,US,tiktok_video_region,"Let's review Newborn CPR. CPR on a Newborn is performed very differently than how it's done on adults. Let's go over the key differences. Newborn CPR is typically performed at the time of birth when a new baby has difficulty transitioning to life outside of the womb and is unable to breathe or doesn't have a pulse. Typically, a little extra ventilation with a bag valve mask will revive the infant. For those that continue to have trouble, we continue with CPR. You want to assess the Newborn after 30 seconds of ventilation. And if the heart rate is below 60, you'll begin chest compressions. The Newborn may be intubated at this time. You want to perform compressions at a rate of 90 per minute, coordinated with ventilations at a 3 to 1 ratio. For this type of CPR, you hold the Newborn with both hands wrapped around them and compress the chest with both thumbs. This is called the two thumb encircling hands technique. And that's a quick overview on Newborn CPR.",ok,tiktok_auto_caption,en,True,173,ok,https://p19-common-sign.tiktokcdn-us.com/tos-useast5-p-85c255-tx/oQag5AAP4bgtDjBvMv7UEIxd87PwUzi8yxBia~tplv-tiktokx-cropcenter:500:800.jpeg?biz_tag=musically_video.video_cover&dr=9638&idc=useast8&ps=13740610&refresh_token=64f892d2&shcp=9b759fb9&shp=c1333099&t=4d5b0474&x-expires=1790892000&x-signature=bTwyesSuRL1V1yz%2B1loMdPGFo%2Fo%3D,2026-10-02T01:35:06Z
Q001,Pediatric CPR,tiktok,8,7541021036381490454,https://www.tiktok.com/@nicucare5/video/7541021036381490454,"Newborn Baby CPR with Ambu Bag | NICU Emergency Care"" #warmercare #haspatil #NICU #gasping #tretmant",,NICUCARE,nicucare5,https://www.tiktok.com/@nicucare5,14971,16.3,2025-08-21,114789,1196,36,158,160,warmercare|haspatil|nicu|gasping|tretmant,,,en,PK,tiktok_video_region,ë°ë¼ë ë°ë¼ë ë°ë¼ë ë°ë¼ë,ok,tiktok_auto_caption,ko,True,4,ok,https://p16-common-sign.tiktokcdn-us.com/tos-no1a-p-0037-no/oIe0QIcFFMAsWA7uRiXILjRCKICASDeTgf8ncQ~tplv-tiktokx-cropcenter:500:800.jpeg?biz_tag=musically_video.video_cover&dr=9638&idc=useast8&ps=13740610&refresh_token=d8edfeca&shcp=9b759fb9&shp=c1333099&t=4d5b0474&x-expires=1790892000&x-signature=Z4W3vymJFm2ZPQk6vflJCmxBcPA%3D,2026-10-02T01:35:06Z
Q001,Pediatric CPR,tiktok,9,7686691013217324318,https://www.tiktok.com/@cpr.choice/video/7686691013217324318,"One of the biggest fears we hear about infant CPR: “What if I break their ribs?” CPR-related rib fractures in infants are uncommon — but compressions that are too shallow may not circulate enough blood during cardiac arrest. For an infant, compress the chest at least ⅓ of its depth, about 1.5 inches (4 cm), at a rate of 100–120 compressions per minute. Don’t let fear of hurting them keep you from giving effective CPR. In a cardiac arrest, they need you to act. ❤️ Save this. Share it with a parent, grandparent, babysitter, or caregiver who needs to know. #InfantCPR #BabyCPR #CPRTraining #LearnCPR #parentsoftiktok",,CPR Choice,cpr.choice,https://www.tiktok.com/@cpr.choice,59557,13.98,2026-09-18,9537,211,2,9,46,infantcpr|babycpr|cprtraining|learncpr|parentsoftiktok,,,en,US,tiktok_video_region,,no_caption_available,,,,0,ok,https://p16-common-sign.tiktokcdn-us.com/tos-useast8-p-0068-tx2/oYSiEnjMEvzCqDVAJszBfijI2bAiBEkAtBW1I1~tplv-tiktokx-cropcenter:500:800.jpeg?biz_tag=musically_video.video_cover&dr=9638&idc=useast8&ps=13740610&refresh_token=a50fa0d4&shcp=9b759fb9&shp=c1333099&t=4d5b0474&x-expires=1790892000&x-signature=DFt5fQBes3o9AZr9rXhF1iJMtm8%3D,2026-10-02T01:35:06Z
Q001,Pediatric CPR,tiktok,10,7685866607582645535,https://www.tiktok.com/@bitesizedpeds/video/7685866607582645535,"Save this and share it with your family who might be caring for your little one 🤍 Hand placement is different based on age of the person  INFANT - under 12 months .. thumb encircling technique (or one hand).. no longer are we doing the two finger technique  CHILD - 1 year to puberty.  one hand at the center of the chest (or two hands if you are fatigued or not able to get full depth with one hand) ADULT - two hands stacked on each other at the center of the chest  30 compressions + 2 breaths at a rate of 100-120 beats per minute  If it’s been a minute since you’ve taken a class... and you’ve got a new baby or young kids in the house... I highly recommend every parent or caregiver (really, anyone) take a Baby + Child CPR class. You are your child’s (and loved one’s) first responder before help ever arrives. ...and if you want to actually practice it hands-on, that’s exactly what we do in my Baby + Child CPR class... we’re not your regular CPR class... we’re a cool CPR class. If you don’t get that reference, I guess my age is showing. Follow along @bitesizedpeds for more pediatric feeding, safety, care and first aid tips you actually wanna see and can use.. but without the fear mongering",,Peds NP- Cierra,bitesizedpeds,https://www.tiktok.com/@bitesizedpeds,614,8.57,2026-09-15,119152,3486,52,1261,1990,,,,en,US,tiktok_video_region,,no_caption_available,,,,0,ok,https://p19-common-sign.tiktokcdn-us.com/tos-useast8-p-0068-tx2/okIR8VqAaGhLGBfpDEEIXqFCwAACGAfgErEA9w~tplv-tiktokx-cropcenter:500:800.jpeg?biz_tag=musically_video.video_cover&dr=9638&idc=useast8&ps=13740610&refresh_token=e5c4655f&shcp=9b759fb9&shp=c1333099&t=4d5b0474&x-expires=1790892000&x-signature=J0DFBxc4USgpyhj9aXweGSDLcUU%3D,2026-10-02T01:35:06Z
Q001,Pediatric CPR,tiktok,11,7593417060898671880,https://www.tiktok.com/@anes_drugs98/video/7593417060898671880,عمل CPR في حديثي الولادة Neonates:: مقطع تعليمي  #anesthesia  #تخدير,,تخدير وفارما | خالد العايد,anes_drugs98,https://www.tiktok.com/@anes_drugs98,87742,16.37,2026-01-09,190927,4283,14,532,602,anesthesia|تخدير,,,ar,IQ,tiktok_video_region,,no_caption_available,,,,0,ok,https://p16-common-sign.tiktokcdn-us.com/tos-alisg-p-0037/oYCVjxGJQLAkgeCwgCI4PeIyDsniejXESHTWAV~tplv-tiktokx-cropcenter:500:800.jpeg?biz_tag=musically_video.video_cover&dr=9638&idc=useast8&ps=13740610&refresh_token=b3c1b941&shcp=9b759fb9&shp=c1333099&t=4d5b0474&x-expires=1790892000&x-signature=XWai%2FajnAVDPB8vDHPCQ3dr5n9I%3D,2026-10-02T01:35:06Z
Q001,Pediatric CPR,tiktok,12,7656989927757876510,https://www.tiktok.com/@cpr.choice/video/7656989927757876510,"Every second matters after a drowning. 💙 When a child is pulled from the water and isn’t breathing normally, CPR should begin immediately. Unlike many adult cardiac arrests, pediatric drowning emergencies often start because of a lack of oxygen—which is why high-quality CPR is so important. Learning these skills before an emergency could make all the difference. Save this video so you’ll know what to do if you ever need it, and share it with another parent or caregiver. #creatorsearchinsights #howtodocpr #drowning #learncpr #parents",,CPR Choice,cpr.choice,https://www.tiktok.com/@cpr.choice,59557,40.01,2026-06-30,240873,9293,124,1866,3371,creatorsearchinsights|howtodocpr|drowning|learncpr|parents,,,en,US,tiktok_video_region,"If you rescue a child that's been drowning, make sure that you tell somebody to call 911 and go get the A E D. Then for a drowning victim, we're always going to start with breaths. Tilt the head back, plug the nose, and deliver two rescue breaths, first watching for chest rise. Then go ahead and begin your compressions. 30 compressions at a tempo of 100 to 120 compressions a minute. Making sure that you're pushing down at least one and 1/2 inches, or one third their body depth. Repeat these steps until help arrives.",ok,tiktok_caption,en,False,96,ok,https://p19-common-sign.tiktokcdn-us.com/tos-useast8-p-0068-tx2/ocdhESfDVIrAR1qEHLeUKQsxGB6A0ES0FFZMQA~tplv-tiktokx-cropcenter:500:800.jpeg?biz_tag=musically_video.video_cover&dr=9638&idc=useast8&ps=13740610&refresh_token=7e4c04dc&shcp=9b759fb9&shp=c1333099&t=4d5b0474&x-expires=1790892000&x-signature=V8MHhV86Zi4oFYfqiowd4hSH0EM%3D,2026-10-02T01:35:06Z
Q001,Pediatric CPR,tiktok,13,7606911350165523743,https://www.tiktok.com/@cpr.choice/video/7606911350165523743,This could save a baby’s life. 🚨 New infant chest compression technique every caregiver should know. Save this. Share it. Learn it. #infantcpr #cprtraining #babysafety #lifesavingtips #newparents,,CPR Choice,cpr.choice,https://www.tiktok.com/@cpr.choice,59557,22.75,2026-02-15,103528,2811,33,668,951,infantcpr|cprtraining|babysafety|lifesavingtips|newparents,,,en,US,tiktok_video_region,Parents do not do your C P R. Compressions like this. New studies show that we should now use the heel of one hand in order to do adequate infant compressions. Or you may encircle your thumbs around the baby's body to give compressions in the center of the chest. Be sure to push down at least one and a/2 inches and a tempo of 100 per minute.,ok,tiktok_auto_caption,en,True,68,ok,https://p16-common-sign.tiktokcdn-us.com/tos-useast8-p-0068-tx2/oEQbwAKB0BLwcQKiiAAJMAEQCirRfyEAGIIaCQ~tplv-tiktokx-cropcenter:500:800.jpeg?biz_tag=musically_video.video_cover&dr=9638&idc=useast8&ps=13740610&refresh_token=fd18f44f&shcp=9b759fb9&shp=c1333099&t=4d5b0474&x-expires=1790892000&x-signature=ue%2Bmk2U3pX%2BKHDu3ok23TyH%2BsZw%3D,2026-10-02T01:35:06Z
Q001,Pediatric CPR,tiktok,14,7596449545786068255,https://www.tiktok.com/@cprinstructor_rn/video/7596449545786068255,Counting out loud saves lives  Infant CPR compressions done right—practice builds confidence. #InfantCPR #PediatricCPR #CPRTraining #SaveALife #parents,,Treasured Hands Lab,cprinstructor_rn,https://www.tiktok.com/@cprinstructor_rn,157,16.1,2026-01-17,1083,35,1,1,0,infantcpr|pediatriccpr|cprtraining|savealife|parents,,,en,US,tiktok_video_region,"1, 2, 3, 4, 5, 6, 7, 8, 9, 10, 11, 12, 13, 14, 15, 16, 17, 18, 19, 20, 21, 22, 23, 24, 25, 26, 27, 28.",ok,tiktok_caption,en,False,28,ok,https://p19-common-sign.tiktokcdn-us.com/tos-useast8-p-0068-tx2/oIpTIYdEADE9rAntqBwBfFVzFEVeCQkORAbrhC~tplv-tiktokx-cropcenter:500:800.jpeg?biz_tag=musically_video.video_cover&dr=9638&idc=useast8&ps=13740610&refresh_token=d9e1318d&shcp=9b759fb9&shp=c1333099&t=4d5b0474&x-expires=1790892000&x-signature=6dWJrrXXb%2FuzGF2sHVscKMxPnTE%3D,2026-10-02T01:35:06Z
Q001,Pediatric CPR,tiktok,15,7686580205489638688,https://www.tiktok.com/@novastellarfirstaid/video/7686580205489638688,"🚨 INFANT CPR HAS CHANGED! 🚨 One of the key updates in the 2025 Paediatric CPR guidelines is the technique used for chest compressions in babies. 👶❤️ 🆕 The big change: Instead of the traditional two-finger technique, RCUK now recommends the two-thumb encircling technique for infant chest compressions. 🤲 Both thumbs are placed together on the chest, while your hands encircle the baby’s chest and your fingers support their back. And that’s not the only update… 👀 📞 Call 999 early if a baby or child is unresponsive 💨 5 initial rescue breaths ❤️ Updated paediatric CPR guidance These changes matter — especially for parents, carers, nurseries, schools and childcare professionals. 📌 Save this video & share it with someone who looks after babies or children! Based on the 2025 Resuscitation Council UK Guidelines. #InfantCPR #BabyCPR #PaediatricCPR #ChildFirstAid #firstaidtraining",,NST UK | First Aid Training,novastellarfirstaid,https://www.tiktok.com/@novastellarfirstaid,604,12.97,2026-09-17,332,14,1,2,5,infantcpr|babycpr|paediatriccpr|childfirstaid|firstaidtraining,,,en,GB,tiktok_video_region,,no_caption_available,,,,0,ok,https://p16-common-sign.tiktokcdn-us.com/tos-useast2a-p-0037-euttp/oggBiAIPZqpiaA7B30Oiw8xGIP8EsDF6yuFwi~tplv-tiktokx-cropcenter:500:800.jpeg?biz_tag=musically_video.video_cover&dr=9638&idc=useast8&ps=13740610&refresh_token=efbf23a6&shcp=9b759fb9&shp=c1333099&t=4d5b0474&x-expires=1790892000&x-signature=Q6QeujmJh%2BEOd%2BcA779cUg7Cyu4%3D,2026-10-02T01:35:06Z
Q001,Pediatric CPR,tiktok,16,7653451556200697108,https://www.tiktok.com/@unforgetfulmind/video/7653451556200697108,"This is the proper way to perform CPR—it can save lives.  Huge thanks to Kuya Rescuer for doing everything he could to save the poor child. His quick thinking, courage, and determination are truly commendable. Praying for the child's recovery. 🙏#CPR #drowning  #heroic #cttoofvideo   #fypシ゚viral",,𝓤𝓷𝓯𝓸𝓻𝓰𝓮𝓽𝓯𝓾𝓵𝓜𝓲𝓷𝓭,unforgetfulmind,https://www.tiktok.com/@unforgetfulmind,4022,180.05,2026-06-20,1196258,70171,695,5212,3315,cpr|drowning|heroic|cttoofvideo|fypシ゚viral|fypシ,,,en,PH,tiktok_video_region,,no_caption_available,,,,0,ok,https://p16-common-sign.tiktokcdn-us.com/tos-alisg-p-0037/o86gi3YGwK9IAEiX1AIAgXiFC5A2O0fhBEA6BA~tplv-tiktokx-cropcenter:500:800.jpeg?biz_tag=musically_video.video_cover&dr=9638&idc=useast8&ps=13740610&refresh_token=1496050b&shcp=9b759fb9&shp=c1333099&t=4d5b0474&x-expires=1790892000&x-signature=p7RLADCiCSL7FoRsczBdvjdnPkQ%3D,2026-10-02T01:35:06Z
Q001,Pediatric CPR,tiktok,17,7667531284188531998,https://www.tiktok.com/@cpr.choice/video/7667531284188531998,Choking emergencies happen fast. Every second matters. ❤️ Learn how to use a LifeVac if back blows and abdominal thrusts don’t clear the airway. Knowing what to do could save someone’s life. Have you ever seen a Lifevac? #LifeVac #ChokingRescue #FirstAid #CPRTraining #savealife,,CPR Choice,cpr.choice,https://www.tiktok.com/@cpr.choice,59557,7.3,2026-07-28,77012,739,10,568,450,lifevac|chokingrescue|firstaid|cprtraining|savealife,,,en,US,tiktok_video_region,"Lost it to the neck. But now I'm trophy up. I'm saying, like, Bing, bang, boom, boom, boom, bang! Bing, bang, boom, boom, boom, bang.",ok,tiktok_auto_caption,en,True,25,ok,https://p19-common-sign.tiktokcdn-us.com/tos-useast8-p-0068-tx2/oAOoIEaD1EKACAi6iBNiEBWiIFBAd8AYnAfm0q~tplv-tiktokx-cropcenter:500:800.jpeg?biz_tag=musically_video.video_cover&dr=9638&idc=useast8&ps=13740610&refresh_token=b03de0f0&shcp=9b759fb9&shp=c1333099&t=4d5b0474&x-expires=1790892000&x-signature=MHbvMN72f6b%2BiP2LEmeE%2BTKLWtE%3D,2026-10-02T01:35:06Z
Q001,Pediatric CPR,tiktok,18,7655855908408347934,https://www.tiktok.com/@cpr.choice/video/7655855908408347934,"🚨 For the first time in more than 25 years, infant CPR chest compressions have changed. If you learned CPR years ago—even recently—you may be using an outdated technique. This quick video shows the new recommendation from the latest guidelines. ❤️ Save this for later. 👶 Share it with every parent, grandparent, babysitter, and healthcare provider you know. #creatorsearchinsights  #babyemergencies #infantcpr #babycpr #parents",,CPR Choice,cpr.choice,https://www.tiktok.com/@cpr.choice,59557,62.25,2026-06-26,22777,930,19,127,312,creatorsearchinsights|babyemergencies|infantcpr|babycpr|parents,,,en,US,tiktok_video_region,"C P R. Guidelines for infants have recently changed. For the last 25 years, I've been teaching people to do compressions with two fingers. But no longer. Now we'll use the heel of one hand. Or we'll encircle the thumbs around the baby's chest. This is how it will look. Take a look. If we're using the heel of one hand, we'll draw an imaginary line in between the nipples. And place the heel of the hand in between. And push directly straight down. You're gonna Wanna push down about one third their body depth. And at a tempo of at least 100 compressions a minute. The other technique is in circling the thumbs around the baby's chest with your thumbs in between the nipples. And pushing directly straight down. Make sure that you let the chest recoil and come back up to its normal resting position. Again, pushing down about one third the body depth. And at a tempo of 100 to 120 compressions a minute. Hope this helps.",ok,tiktok_caption,en,False,170,ok,https://p16-common-sign.tiktokcdn-us.com/tos-useast8-p-0068-tx2/oAfwAfGAAQoALBIDIUeJGejkHTuEEiRdAIQGcI~tplv-tiktokx-cropcenter:500:800.jpeg?biz_tag=musically_video.video_cover&dr=9638&idc=useast8&ps=13740610&refresh_token=5b72b2c9&shcp=9b759fb9&shp=c1333099&t=4d5b0474&x-expires=1790892000&x-signature=w1Rucq%2B%2BAyHk%2B56ITJOrTg545HM%3D,2026-10-02T01:35:06Z
Q001,Pediatric CPR,tiktok,19,7674628436274580749,https://www.tiktok.com/@everyday.elizabeth__/video/7674628436274580749,"Trigger Warning ‼️ ⚠️  - Pediatric CPR This is our life. One second you’re making dinner and the next second you’re performing life-saving rescue techniques on your three year-old. Being a special needs parent is one thing, having a child with extremely high complex respiratory needs is another. Press and hold to read. Thank you Lord for always being right there with us. In Jesus name… 🙏🏾 #cpr #specialneeds #family #wife #postpartum",,Alexandria Elizabeth,everyday.elizabeth__,https://www.tiktok.com/@everyday.elizabeth__,221,173.57,2026-08-16,141450,6017,114,150,298,cpr|specialneeds|family|wife|postpartum,,,en,US,tiktok_video_region,,no_caption_available,,,,0,ok,https://p19-common-sign.tiktokcdn-us.com/tos-useast5-p-0068-tx/oYOIEZLSEFAfqgCgIRZDSEZpcwwII2qBsDAfBg~tplv-tiktokx-cropcenter:500:800.jpeg?biz_tag=musically_video.video_cover&dr=9638&idc=useast8&ps=13740610&refresh_token=55ad6a60&shcp=9b759fb9&shp=c1333099&t=4d5b0474&x-expires=1790892000&x-signature=PfprZmSAJFQX6aJ2aANvHOcWG64%3D,2026-10-02T01:35:06Z
Q001,Pediatric CPR,tiktok,20,7690304251645414678,https://www.tiktok.com/@crazymaisyx/video/7690304251645414678,"This is what you would do for a child from age 1 until puberty. However if the child is larger, or if you are small, then do 2 handed CPR, the way you would for an adult. Please share this with everyone you love as it is very important to know CPR, because although it is rare, sudden cardiac arrests do happen, and 80% of them happen at home.  #cpr #paediatrics #fyppppppppppppppppppppppppppppppppppp #firstaidkit #paramedics",,⭐️🍒𝐌𝐚𝐢𝐬𝐲🍒🪽,crazymaisyx,https://www.tiktok.com/@crazymaisyx,7511,88.51,2026-09-27,785,72,3,7,5,cpr|paediatrics|fyppppppppppppppppppppppppppppppppppp|firstaidkit|paramedics,,,en,GB,tiktok_video_region,"Hey, guys, I'm back and I'm with the elephant teddy, and I'm gonna be showing you guys how to do CPR on a small child who's not breathing. So, like I said in the other videos, it's something that nobody wants to do or think about, but it's important you know how to do it in case you're ever in a situation where you need to do it. So once you've, like, checked they're not breathing and also laid them flat on their back and given rescue breaths, what you're gonna do is get your hand, just one hand like that, put the other arm behind your back, and then put one hand on their chest in the centre of their chest, and start compressions. You need to do between 100 and 120 beats per minute, and you need to go at least a third of their chest. So you need to do 30 compressions, then two rescue breaths, and then do another 30, and then two rescue breaths, and then you stop once they wake up or they start to breathe again, or when the ambulance gets there and someone takes over, or until your arms get really exhausted and you pass it on to someone else. But, yeah, obviously nobody wants to do it, nobody wants to think about it, but it's something that's important to know how to do, because if you're ever in a situation where you need to do it, then it's good that you Know how to do it. But yeah. Guys, thank you so much for watching. Um, please, like, and repost and share it with your friends so everyone can, like, learn how to do it. But yeah. Bye, guys. And also on my page, I have baby CPR and adult CPR. But yeah. Bye, guys. Have a good day.",ok,tiktok_auto_caption,en,True,308,ok,https://p16-common-sign.tiktokcdn-us.com/tos-no1a-p-0037-no/oQ1XC0JcIJLtAyUCIvu5FCAZBIiwByfqCwzBhi~tplv-tiktokx-cropcenter:500:800.jpeg?biz_tag=musically_video.video_cover&dr=9638&idc=useast8&ps=13740610&refresh_token=56ed4127&shcp=9b759fb9&shp=c1333099&t=4d5b0474&x-expires=1790892000&x-signature=fxDbsw7qLFpD6CFmTBsI3Fy2LIA%3D,2026-10-02T01:35:06Z
Q001,Pediatric CPR,tiktok,21,7440609997462981931,https://www.tiktok.com/@nurse.alexrn/video/7440609997462981931,CPR is amazing but horrifying #nursesoftiktok #nurselife #nursetok #nursingstudent #nurseproblems #nurse,,Nurse Alex,nurse.alexrn,https://www.tiktok.com/@nurse.alexrn,1061747,67.47,2024-11-23,542871,54136,282,1163,3582,nursesoftiktok|nurselife|nursetok|nursingstudent|nurseproblems|nurse,,,en,US,tiktok_video_region,one of the most disgusting things you'll do as a nurse that I really hate doing is CPR and CPR is just flat out gross it on a human being because I've only ever really done it on mannequins before nursing and it's just like a piece of plastic it recoils there's no like screaming in the room it's very very peaceful but when you do it on a human being it's unbelievable because right now when I press down my chest it kind of hurts but when you do CP on a human being I swear I was feeling their spine through their own chest and apparently I wasn't doing it hard enough so the doctor told me Alex do it harder and guess what happened their ribs broke and at that point I nearly threw up and I thought oh my god did I just ruin this person's life and honestly they actually lived and actually works out and CPR is amazing and everyone should learn how to do CPR because it's seriously one of the best things to learn but doing it in actual real life is low key disgusting and is horrifying and is traumatic for both parties but it's amazing again but oh my god ah I really hate doing it,ok,tiktok_caption,en,False,216,ok,https://p19-common-sign.tiktokcdn-us.com/tos-useast5-p-0068-tx/oEIiZYI6Ei2Eg7UHAWCJp4YSJyB7rCGZC0BPo~tplv-tiktokx-cropcenter:500:800.jpeg?biz_tag=musically_video.video_cover&dr=9638&idc=useast8&ps=13740610&refresh_token=1618eb9d&shcp=9b759fb9&shp=c1333099&t=4d5b0474&x-expires=1790892000&x-signature=GjZBRaPmcCjj5zw92zG50EmlnSA%3D,2026-10-02T01:35:06Z
Q001,Pediatric CPR,tiktok,22,7652564939432856845,https://www.tiktok.com/@beijingguanbang/video/7652564939432856845,Pediatric CPR Training Procedure | Step-by-Step Practice Matters Early response in pediatric emergencies can save lives. This video demonstrates key steps in child CPR training using standardized procedures. 🧠 Key training points shown: 🔹 Check responsiveness (voice + foot sole stimulation) 🔹 Confirm no breathing / no heartbeat 🔹 Start chest compressions immediately 🔹 Hand position: center line between nipples 🔹 Straight arm posture for effective force transfer 🔹 Compression depth: • Children ≥ 5 cm • Infants ≈ 1/3 chest depth 🔹 Continuous 30 compressions per cycle 💡 Proper technique and correct depth control are essential for effective resuscitation training. 📧 Contact: guanbang@gb-med.com 🌐 Website: www.gbcpr.com #guanbang #cprtraining #cpr #medicalsimulation #simulationtraining #emergencyresponse,,Guanbang,beijingguanbang,https://www.tiktok.com/@beijingguanbang,7,49.51,2026-06-18,1712,9,1,1,2,guanbang|cprtraining|cpr|medicalsimulation|simulationtraining|emergencyresponse,,,en,US,tiktok_video_region,å®å®å®å®å®å®å®å®æ²¡æååº å¿ç«¥å¯ä»¥ææè¶³åº æ²¡æååº ä¸é¶é¶ä¸é¶é¶äºä¸é¶é¶ä¸ ä¸é¶é¶å ä¸é¶é¶äºä¸é¶é¶å ­ä¸é¶é¶ä¸ æ²¡æå¿è·³ æ²¡æå¼å¸ ç«å³æ´ç¢å å¿ç«¥å¿å¤æåçä½ç½® ä¸¤ä¹³å¤´è¿çº¿çç»ç¹ ä¸¤ä¸ªææ ¹å®å ¨éå è èè©åç´äºè¸èä»¥é«å ³èä¸ºæ¯ç¹ ç¨åèçåå»ä¸å ä¸åçæ·±åº¦ å¿ç«¥è³å°äºåç±³ å©´å¿ååç±³ ä¹å°±æ¯è¸éçä¸åä¹ä¸,ok,tiktok_auto_caption,zh-Hans,True,23,ok,https://p16-common-sign.tiktokcdn-us.com/tos-useast5-p-0068-tx/oEhXf0AMEivV7nABaX1BzB1BGIF2J4AvwAwiAK~tplv-tiktokx-cropcenter:500:800.jpeg?biz_tag=musically_video.video_cover&dr=9638&idc=useast8&ps=13740610&refresh_token=4891260d&shcp=9b759fb9&shp=c1333099&t=4d5b0474&x-expires=1790892000&x-signature=mns2yGM0NKPssLA2N%2BTCT%2FFyeH4%3D,2026-10-02T01:35:06Z
Q001,Pediatric CPR,tiktok,23,7690669659409976607,https://www.tiktok.com/@drjoelgator/video/7690669659409976607,"A quick refresher every parent and caregiver should know: what to do if a toddler is choking. Hopefully you never need to use these skills, but knowing what to do in those critical moments can make all the difference. Save this, share it with anyone who cares for your child, and consider taking a pediatric CPR/choking course for hands-on practice. #ChokingSafety #ToddlerSafety #ParentingTips #Pediatrician #ChildSaf",,Joel Warsh,drjoelgator,https://www.tiktok.com/@drjoelgator,18193,150.47,2026-09-28,98,2,0,0,0,chokingsafety|toddlersafety|parentingtips|pediatrician|childsaf,,,en,US,tiktok_video_region,"Your toddler can go from eating normally to choking in seconds. Here is your refresher. First, take a CPR and first aid course. Seriously. Watching a real here on Instagram is not the same thing. But if it's been a while, here is your refresher. If your child is coughing, forcefully, crying, talking, or making good sounds, their airway is still moving air. Don't immediately start pounding on them or sticking your fingers in their mouth. Encourage them to cough and just watch closely. Many kids will gag or cough the food back up on their own. But if they suddenly can't cough effectively, can't speak or cry, can't breathe, or are turning blue now you have a severe obstruction. Act right now. If multiple people are around, have somebody call 9 1 1 immediately. But realistically, with a complete airway obstruction, you cannot wait for emergency services to arrive. You need to act right away while help is on the way, as it will likely be too late and your child may die before they can get to you. Please do not blindly stick your finger into their mouth. If you can clearly see the food, of course try to remove it, but blindly sweeping around can push the object further back, making things much worse for a toddler or child over the age of one. Current guidance is five firm back blows between the shoulder blades, then five abdominal thrusts. For the abdominal thrust, put your fist just Above the belly button and below the breastbone. Then pull sharply inwards and upwards. Repeat 5 and 5 until the object comes out and the child becomes. Or the child becomes unresponsive. And yes, these need to be forceful. You are trying to create enough pressure to expel something out that is blocking their airway. A bruise or a broken bone is a much smaller problem than not being able to breathe. If they become unresponsive, start CPR, beginning with chest compressions, and follow your emergency training while 9 1 1 is on the way. And don't forget, prevention matters just as much. Toddlers should sit while eating. No running around the house with their food in their mouths. Be especially careful with small, round or firm foods like grapes, hot dogs, nuts, popcorn, raw carrots, and similar choking hazards. Cut grapes and hot dogs lengthwise into appropriate small pieces. Please save this, send it to grandparents, babysitters, and anyone who watches your kids, and then go take the actual CPR course.",ok,tiktok_auto_caption,en,True,422,ok,https://p19-common-sign.tiktokcdn-us.com/tos-useast8-p-0068-tx2/osO2Ev17Biy1iwiCH6ivV2I2XAqIL4OA3XIPfA~tplv-tiktokx-cropcenter:500:800.jpeg?biz_tag=musically_video.video_cover&dr=9638&idc=useast8&ps=13740610&refresh_token=71a0e447&shcp=9b759fb9&shp=c1333099&t=4d5b0474&x-expires=1790892000&x-signature=aTZ0kNZzRdtUWzf6OEXggqIDqDc%3D,2026-10-02T01:35:06Z
Q001,Pediatric CPR,tiktok,24,7691667740016332064,https://www.tiktok.com/@safehaventrainingltd/video/7691667740016332064,Replying to @javaleen  New CPR chest compressions for paediatric first aid #FirstAid #ChildrensHealth #CPRtraining,,Safe Haven Training Ltd,safehaventrainingltd,https://www.tiktok.com/@safehaventrainingltd,103,22.99,2026-10-01,805,30,2,3,2,firstaid|childrenshealth|cprtraining,,,en,GB,tiktok_video_region,"The old type of CPR used to be tilt the head ever so slightly, two fingers or two knuckles central of the chest and press down a third of this casualty's depth. Now the new guidance is encircle the fingers and thumbs around the chest, elevate slightly off the floor and compress 15 times on the chest.",ok,tiktok_auto_caption,en,True,57,ok,https://p16-common-sign.tiktokcdn-us.com/tos-useast2a-p-0037-euttp/oYFEkSPwIBuEmmvChenDfDkRsJAFAAkQAcSqQY~tplv-tiktokx-cropcenter:500:800.jpeg?biz_tag=musically_video.video_cover&dr=9638&idc=useast8&ps=13740610&refresh_token=bc632e09&shcp=9b759fb9&shp=c1333099&t=4d5b0474&x-expires=1790892000&x-signature=bf%2FrA%2FUWhkmRdkx86C%2B%2FsavqpcU%3D,2026-10-02T01:35:06Z
Q001,Pediatric CPR,tiktok,25,7621322406593891606,https://www.tiktok.com/@justafirstaider/video/7621322406593891606,Baby CPR! Would you know what to do if a baby needed CPR? Simple skills save lives! 🌐 frontlinetraining.co.uk #firstaid #babyfirstaid#babycpr#firstaidtraining #savinglives #cpr #ukbusiness #fyp,,Just A First Aider,justafirstaider,https://www.tiktok.com/@justafirstaider,2954,87.13,2026-03-25,146441,7644,81,2493,7088,firstaid|babyfirstaid|babycpr|firstaidtraining|savinglives|cpr|ukbusiness|fyp,,,en,GB,tiktok_video_region,"Baby or infant? CPR 0 to 1 year. Very simple. Simple skills. Save lives. Check for danger to you, them or anyone else. Try and get a response. Talk to me. Wake up. Open your eyes. No response. Dial 9 9 9. Get your phone out loud speaker. Send someone for a defib if possible. Gently lift the chin only into a neutral position. Check breathing. 10 seconds. Up to 10 seconds. Done. They're not breathing. Start with five initial breaths. What would fill your cheeks? Cover the mouth and nose. Five quick breaths followed by 15 compressions. Take your thumbs into the centre of the chest. Hands around the back. 1, 2, 3, 4, 5, 6, 7, 8, 9, 10, 11, 12, 13, 14, 15. Followed by two breaths. Keep the airway open and repeat the cycle. Keep that going 15 to 2 until either they show deliberate signs of life, a paramedic tells you to stop, or if you're physically exhausted. But you can swap every 2 minutes if you found that useful. Like and follow along. There's gonna be plenty more videos and you can find even more information on our website as well. See you later!",ok,tiktok_auto_caption,en,True,200,ok,https://p19-common-sign.tiktokcdn-us.com/tos-no1a-p-0037-no/owqhIaIrAEuL4DGoLAAL5iIFEeWfTXIFfAEsEA~tplv-tiktokx-cropcenter:500:800.jpeg?biz_tag=musically_video.video_cover&dr=9638&idc=useast8&ps=13740610&refresh_token=0cb66013&shcp=9b759fb9&shp=c1333099&t=4d5b0474&x-expires=1790892000&x-signature=0vZm%2BAemniu2%2BMU7nyOlk%2F%2BUAOk%3D,2026-10-02T01:35:06Z
Q001,Pediatric CPR,tiktok,26,7656411784462568734,https://www.tiktok.com/@cpr.choice/video/7656411784462568734,Infant CPR has changed. The old two-finger technique is no longer the recommended approach. Here’s the updated infant CPR hand placement. Save this—you never know when you might need it. ❤️ #cprhands #infantcpr  #creatorsearchinsights #learnontiktok #parentsoftiktok,,CPR Choice,cpr.choice,https://www.tiktok.com/@cpr.choice,59557,11.47,2026-06-28,121345,1459,73,77,300,cprhands|infantcpr|creatorsearchinsights|learnontiktok|parentsoftiktok,,,en,US,tiktok_video_region,,no_caption_available,,,,0,ok,https://p19-common-sign.tiktokcdn-us.com/tos-useast8-p-0068-tx2/o4BATEC3IEEv0PGUFAaiBBBljSiIRAkbNACAK~tplv-tiktokx-cropcenter:500:800.jpeg?biz_tag=musically_video.video_cover&dr=9638&idc=useast8&ps=13740610&refresh_token=abfa98f4&shcp=9b759fb9&shp=c1333099&t=4d5b0474&x-expires=1790892000&x-signature=1qj3Y%2BpkY45mVphKES8uWDtUwc0%3D,2026-10-02T01:35:06Z
Q001,Pediatric CPR,tiktok,27,7688065336897195284,https://www.tiktok.com/@dokfab/video/7688065336897195284,Pertolongan pertama bayi tersedak 👀 Stitch with  @Tiny Hearts   Sumber literatur: https://cpr.heart.org/en/resuscitation-science/cpr-and-ecc-guidelines/pediatric-basic-life-support?utm_source=chatgpt.com,,dokfab,dokfab,https://www.tiktok.com/@dokfab,32500,68.37,2026-09-21,736628,80870,341,13321,25110,@tiny hearts,,,id,ID,tiktok_video_region,"salah satu contoh ibu hebat yang bisa menangani bayinya tersedak. ibunya ini mengenali choking dengan sangat cepat. lihat bahwa bayinya diam, silent, nggak ada batuk, langsung diangkat. cepat banget ya. kemudian melakukan back blows. nah dia ngelakuinnya tuh juga kuat, dia berani ya nggak cuman tepuk tepukan gini doang. nah makanya sampai berhasil mengeluarkan sumbatannya sebuah roti ternyata sekarang bayinya bisa nafas lagi. untuk menambahkan, jika setelah 5 tepukan punggung atau back blows sumbatan masih belum keluar, maka untuk anak-anak di usia kurang dari satu tahun, balikan posisi anaknya menjadi telentang, kepala berada lebih rendah dibandingkan badan. lalu kita berikan dorongan yang kuat dan tegas di daerah tengah dada menggunakan telapak tangan disebut dengan chest thrust sebanyak 5 kali. ini adalah Update terbaru dari American heart association yang dulunya menggunakan dua jari seperti ini untuk mendorong. kemudian terus lakukan 5 chest thrusts dan 5 back blows sampai sumbatannya keluar. jika anak menjadi tidak sadar, maka segera lakukan rjp. semoga membantu.",ok,tiktok_caption,id,False,160,ok,https://p16-common-sign.tiktokcdn-us.com/tos-alisg-p-0037/o80GwBfEJgsrqiactQB2RvAEIlQ9FJEKDxtXfi~tplv-tiktokx-cropcenter:500:800.jpeg?biz_tag=musically_video.video_cover&dr=9638&idc=useast8&ps=13740610&refresh_token=6a57f8f6&shcp=9b759fb9&shp=c1333099&t=4d5b0474&x-expires=1790892000&x-signature=YpmZnP7WS19dNTsjcFNNJNGwyc4%3D,2026-10-02T01:35:06Z
Q001,Pediatric CPR,tiktok,28,7683160871907921172,https://www.tiktok.com/@moayad.wishah/video/7683160871907921172,👶🚨 Peds Non-Shockable Arrest 💙 Asystole & PEA 🫀 High-Quality CPR 100-120/min 💉 Epi 0.01 mg/kg IV/IO q3-5min 🔍 Always check Hs & Ts! Save 📌 & share with your team 👩‍⚕️👨‍⚕️ ⚠️ Educational only #PALS #PediatricEmergency #CardiacArrest #NursingLife #EmergencyMedicine,,MoayadWishah,moayad.wishah,https://www.tiktok.com/@moayad.wishah,53282,86.7,2026-09-08,10200,490,4,33,216,pals|pediatricemergency|cardiacarrest|nursinglife|emergencymedicine,,,en,AE,tiktok_video_region,"Non shockable cardiac arrest for pediatric. The first five cycles, cycle number one, immediately you should start high quality CPR and start to give medication 0.01 milligram per kg and continue for 2 minutes. Cycle number two, continue high quality CPR and looking for the reversible causes. H&T. Cycle No. 3, continue high quality CPR and give epinephrine 0.01 milligram per kg. IV cycle number four, continue high quality CBR and still searching about the cause of the cardiac arrest and go to the H&T. Cycle number five, continue high quality CPR and repeat ibuprofen 0.01 milligram per kilogram. So this is the summary of the first 5 cycles of the non shockable Cardiac Arrest Management for pediatric. Make a difference and save lives. Thank you.",ok,tiktok_auto_caption,en,True,126,ok,https://p16-common-sign.tiktokcdn-us.com/tos-alisg-p-0037/owwgjCIgVQ4AImDfECQLKeQIQoGI1HAuHAeCiq~tplv-tiktokx-cropcenter:500:800.jpeg?biz_tag=musically_video.video_cover&dr=9638&idc=useast8&ps=13740610&refresh_token=56957a95&shcp=9b759fb9&shp=c1333099&t=4d5b0474&x-expires=1790892000&x-signature=M40UlYBM4BVFZY%2FKgGfUgyv0Tco%3D,2026-10-02T01:35:06Z
Q001,Pediatric CPR,tiktok,29,7582333803230809357,https://www.tiktok.com/@thelifesafetypro/video/7582333803230809357,"If your baby stopped breathing today… would you be using the old CPR steps? The American Heart Association released updated 2025 guidelines for pediatric and infant resuscitation, and some of the details have changed. In this video, I walk you through the new infant CPR updates in clear, simple language so you can: Understand what’s different in 2025 Avoid outdated techniques you may have learned years ago Feel more confident while you get proper, hands-on training As a reminder: 🔴 This video is education only, not a certification 🔴 Always follow the latest guidance from the AHA and your Doctor. 🔴 In a real emergency, call 911 or your local emergency number immediately ✅ Save this video ✅ Share it with anyone who cares for your baby (partner, grandparents, babysitter) ✅ Add “Infant CPR training” to your to-do list this week When we know better, we can do better—especially when seconds matter. 💓 #emergencypreparedness #pediatricfirstaid #lifesafetypro #safetyeducation #aed #aha #cardiacarrest #CPR #cprcertified #CPRforKids #cprinstructor #cprsaveslives #CPRtips #cprtraining #learnCPR",,The Life Safety Pro,thelifesafetypro,https://www.tiktok.com/@thelifesafetypro,19964,149.31,2025-12-10,73103,2027,75,452,664,emergencypreparedness|pediatricfirstaid|lifesafetypro|safetyeducation|aed|aha|cardiacarrest|cpr|cprcertified|cprforkids|cprinstructor|cprsaveslives|cprtips|cprtraining|learncpr,,,en,US,tiktok_video_region,"There's some new changes to CPR in 2025, and if you have a baby, you're gonna wanna follow this. The first thing is how we do chest compressions on our baby, which is considered anywhere from birth to the age of one. Two fingers are gone. We're gonna go with one hand, or we can use two thumbs in circling. As long as your hands will reach around and circle the entire circumference of the chest. So one hand might be your best option. Our hand locations gonna be the same, about one finger below the nipple line. And we're gonna push down. I'm gonna show you how the sequence goes. So first, you're gonna try to wake the child up. You tap the feet or flick the feet. If there's no response, we make sure we call 9 1 1. If you're somewhere that has an AED, have them go get the AED. Yes, they do work on babies. Next, I'm gonna look for obvious signs of life for at least five seconds, but no more than 10. We're looking for things like coughing, breathing, normal and moving, or they open their eyes, wiggling fingers and toes. If I don't see anything or I'm not 100% sure, your best option is to start CPR. CPR is gonna be cycles of chest compressions followed by ventilations. For this, we're gonna do 30 chest compressions in two breaths. When I give the breaths, my mouth is gonna cover their mouth and Nose if they're small enough. And obviously, if it's not small enough, make sure you pinch their nose. So here's how it starts. Chest compressions. Start of the chest 30 compressions. Our speed is between 100 and 120 a minute. So that would be like counting 1 and 2 and 3 and 4 and 5 and 6 and 7 and 8 and 9 and 10, 11 and 12 and 13, 14, 15, 16, 17, 18, 19, 20, 21, 22, 23, 24, 25, 26, 27, 28, 29, 30. My depth is about an inch and a half deep, or one third of the depth of their chest. After those 30 compressions, it's a head tilt, chin lift. My mouth covers their nose, and I take a breath. We don't need a lot of breath. Typically, if you fill your cheeks up with air and breathe in, that's enough. But our goal is to make sure the chest rises. If you don't see the chest rise, we either need to reposition the head or give more breath. I give my two breaths, and I go right back to the 30 compressions with one hand. I continue these cycles of 30 compressions and two breaths until help arrives. I'm too tired and can't do it anymore or they show signs of life. Please let me know what you think about this new technique and if you're happy that they got rid of two fingers. If you've done CPR before,",ok,tiktok_auto_caption,en,True,496,ok,https://p16-common-sign.tiktokcdn-us.com/tos-useast5-p-85c255-tx/oAUA4du3Jgkg7ykSDTeCHpwfUIQOIBLzCpgceG~tplv-tiktokx-cropcenter:500:800.jpeg?biz_tag=musically_video.video_cover&dr=9638&idc=useast8&ps=13740610&refresh_token=9a14c027&shcp=9b759fb9&shp=c1333099&t=4d5b0474&x-expires=1790892000&x-signature=4jCmXSupBlLuifqOTPM1jUrQZx4%3D,2026-10-02T01:35:06Z
Q001,Pediatric CPR,tiktok,30,7613269382193548575,https://www.tiktok.com/@cemscpr/video/7613269382193548575,First time performing infant CPR and using an AED in class. Training builds confidence when seconds matter. Even the smallest hearts deserve a chance. ❤️ #CPRSavesLives #InfantCPR #AEDTraining #CPRTraining #FirstTimeCPR,,cemsCPR,cemscpr,https://www.tiktok.com/@cemscpr,115,99.3,2026-03-04,2643,118,1,1,9,cprsaveslives|infantcpr|aedtraining|cprtraining|firsttimecpr,,,en,US,tiktok_video_region,"He is safe. Hey, baby, are you okay? Go call 9 1 1. We'll get the AED. Baby is not breathing. 1, 2, three, 4, 5, 6, 7. Alright, let's use it. You're in charge of that. I'll keep doing CPR. So she's gonna turn it on. Adult patient. See where the pads are. One on the front, one on the back. Press the child button. Good job. Remove the child's shirt. Right. The same for the chest. And apply pad. Press pads firmly. Turn the baby over. Okay. You ready? Yes. Apply pads to child's back and press pads firmly on skin. Do not touch the patient. Analyzing heart rhythm. Clear. Do not touch the patient. Analyzing heart rhythm. Shock advised. Do not touch the patient. Everyone clear? Delivered. I'm tired of starting CPR. And she's compressing with the metronome. She's looking at those lights. Two green lights is good. 30, give them a crack.",ok,tiktok_auto_caption,en,True,156,ok,https://p16-common-sign.tiktokcdn-us.com/tos-useast8-p-0068-tx2/o8QRnXm9wFefQQMBQ8J1ZUFAQ0xmEnfVXGfAGE~tplv-tiktokx-cropcenter:500:800.jpeg?biz_tag=musically_video.video_cover&dr=9638&idc=useast8&ps=13740610&refresh_token=8a5cd9b8&shcp=9b759fb9&shp=c1333099&t=4d5b0474&x-expires=1790892000&x-signature=2u8wdVsBnREbcWh7STt%2F2ZKAbJ8%3D,2026-10-02T01:35:06Z
Q001,Pediatric CPR,tiktok,31,7668713175470050574,https://www.tiktok.com/@professorogee/video/7668713175470050574,Infant/ Pediatric CPR  Anti-Choking Demonstration  #chokingprevention #pediatricfirstaid #cprtraining #childsafety #professorogee               https://a.co/d/0bIvGr7L,,professorogee,professorogee,https://www.tiktok.com/@professorogee,23805,158.74,2026-07-31,8084,410,21,71,80,chokingprevention|pediatricfirstaid|cprtraining|childsafety|professorogee,,,en,US,tiktok_video_region,"Anti choking device. See this? Lifesaver. Look, you open the bag, you take it out, it looks like a plunger. See that? Yes. Okay, it's got a one way valve on it, which means I'm gonna take this small mask. See the small mask that is gonna go over the child's nose and mouth. And this one way mask, what it does is when I press down, I'm not pushing the hot dog further down the throat, okay? I'm not. It's not pushing it, but it does create a suction, right? So it's. I'm gonna push over the baby's face and then I'm gonna plunge out the hot dog and it'll pop like that. Okay? So like, you can tell that it creates the suction. And listen, the suction it creates, this will take your tonsils out. This will seriously pull it out. I have had to use this. So let's say a child is choking and you know they're choking, all right? So you're gonna run, pull this out, you're gonna take this mask, cover the nose and the mouth, right? Almost like you're closing that off, lift a little push down on the plunger and then you're gonna pop out and grab whatever agent is in the mouth. Okay? Yes. Alright, now listen, if the child becomes unresponsive, you've got to start CPR. Remember that. 1 and 2 and 3 and 4 and 5 and 6:30 and 2:30 and 2. We no longer do this type. We don't Do this anymore. If you can't get both hands around the child, you're gonna go one handed, right? One and two and three and four. And then if you're going to put an AED on a child, you're gonna put one pad here and one pad here. Okay, but let's say the baby is choking and he's still coughing. Baby's choking and still coughing. What am I gonna do? That's it. I'm gonna let him choke. I'm gonna let him choke. Go ahead and choke, baby. I'm gonna let him choke, and then I'm gonna go ahead. See that? By gravity. And right here, chest thrust. I'm pushing up. I'm doing the hind leg on a baby is what I'm doing, right? And I'm trying to push it forward. But really, when you start doing your chest compressions, you're also creating a pressure that hopefully you're gonna be able to grab whatever's in the mouth and get it out. Bottle caps are a big one.",ok,tiktok_auto_caption,en,True,415,ok,https://p19-common-sign.tiktokcdn-us.com/tos-useast5-p-0068-tx/osNsIh3AYTfwtFeXAg4DAORNPvpeFpOR1q4Gel~tplv-tiktokx-cropcenter:500:800.jpeg?biz_tag=musically_video.video_cover&dr=9638&idc=useast5&ps=13740610&refresh_token=dc16d617&shcp=9b759fb9&shp=c1333099&t=4d5b0474&x-expires=1790892000&x-signature=GhgFAH0EsuFkds0dwpfYoatSgeE%3D,2026-10-02T01:35:06Z
Q001,Pediatric CPR,tiktok,32,7458694404010757407,https://www.tiktok.com/@thatbossyparamedicgirl/video/7458694404010757407,"#ems #paramedic #infantcpr #pediatriccardiacarrest In this video, I share my personal experiences and practical strategies for managing the  chaos of pediatric cardiac arrest scenes. Balancing emotion and technique, I dive into the essential steps for establishing roles, ensuring resources are en route, and creating a controlled environment when every second counts. Designed specifically for new paramedics, new EMTs, and those preparing for prehospital operations and EMS testing, this guide will help you stay calm under pressure and deliver effective care. American Heart Association (AHA) guidelines. This is more than just scene management—it’s about mastering the life-saving basics to ensure the best possible outcomes during a pediatric emergency. If you’re working in prehospital care or EMS, you know that managing a pediatric cardiac arrest can feel overwhelming, especially as a new responder. This video simplifies complex scene management scenarios with actionable advice you can use today. From understanding best practices for infant CPR to mastering operational efficiency during emergencies, these lessons are tailored to help you bring order to chaos when it matters most. Don’t miss this essential guide to controlling high-stress calls and becoming the paramedic your community relies on. Perfect for anyone in EMS, this video is packed with valuable insights to support your journey toward mastering scene management in pediatric and infant cardiac arrest cases. The American Heart Association’s focus on evidence-based CPR guidelines forms the foundation for success during pediatric cardiac arrest scenarios. In this video, I highlight the AHA’s emphasis on ensuring compressions are at least 100-120 per minute, 1/3 the depth of the child’s chest, and prioritizing early defibrillation when indicated. I also address the importance of teamwork and communication in achieving these standards in high-pressure scenes. Whether you’re a new responder or experienced in prehospital care, understanding and applying these guidelines in the field is crucial for successful outcomes. This video simplifies these best practices, providing actionable advice to help you stay confident and effective during the most challenging calls. Don’t miss this must-watch guide to pediatric CPR, scene management, and becoming the paramedic your community counts on.",,That Bossy Paramedic Girl 🚑,thatbossyparamedicgirl,https://www.tiktok.com/@thatbossyparamedicgirl,18369,278.57,2025-01-11,57950,5150,53,197,1316,ems|paramedic|infantcpr|pediatriccardiacarrest,,,en,US,tiktok_video_region,"Pediatric cardiac arrest is every first responder's worst nightmare. Is the most unnerving, emotionally draining and chaotic calls that you will run probably in your entire career. But over the last decade, I've been a part of five P D. Codes, and I have developed a method that brings some order to the chaos. And I want you to steal my method. Hi, y'all. I'm that bossy paramedic girl, and I want to guide you through all things EMS, education, safety and operations. So you may be inclined to believe that the chaos starts as soon as you make it to the call, but the truth is, the most important things happen before you even arrive. When you hear those words pediatric cardiac arrest coming at you over the radio, your adrenaline spikes, emotions are already high, and you're juggling the unknowns before you even get there. And after all of these experience, I have realised that preparation doesn't just help, it is essential to keep the chaos at bay. The first thing that you need to do is ensure that your resources are en route, that PD is there to help deal with crowd control and the inevitable heightened emotions that come with the PD Code, and fire department for extra hands. You also need to begin assigning roles before you even get to the call. Begin tasking your partner immediately. Things that they can do sing appropriately sized BVM to oxygen. Readying the appropriately sized defibrillation paddles. Brazilian Tape, etcetera, while you move to the next critical step. This next part will probably surprise you, and you may even disagree at first, but I just need you to trust me. It feels very natural to work a code on scene. That is where we have the most space. Right? But with pediatric cardiac arrest, it's a little bit different, especially if you're dealing with a smaller child. I started moving my PD codes to the back of the ambulance. It was, in most cases, a natural first step, as the parents were generally waiting for us by the road anyway. And I noticed something that changed how I approach these calls. The first thing it does is it shifts public perception. It is often assumed that we are not acting in the best interest of the patient if we do not just throw them on the stretcher and rush them to the hospital, despite there being a whole body of evidence to support that it is what's best for the patient to stay on scene and work the cardiac arrest there. But even just that short trip to the ambulance seems to shift that perspective that we're not doing enough and seems to reassure bystanders that we're at least doing something. I've also noticed that when I take the child from their parents, there seems to be a bit of trust that is developed in that moment. And I don't know how to explain it, but it is Something that I've felt, I can only describe as a feeling when I'm taking these babies from their parents. As it also benefits you in a safety perspective. As we all know, these scenes can get very emotional and very chaotic very easily. If dynamics on scene become unsafe. It is very easy to just pick up, go down the road and work your code a few miles or a few blocks away to eliminate any, any serious threats of safety. Here is the part where you have to take control of your scene. Because a crowded ambulance creates far more problems than it solves. It has been my experience that most parents do not wanna watch. And in most situations, they are just looking for some guidance. And their emotions, while understandable, can unintentionally shift focus away from that patient who desperately needs you to be at your best right now. I Learned that locking the doors the ambulance does not just protect the team. It also protects the patient. I will say if the parents are insistent on watching, I would allow as long as there was no posed safety risk. Ideally, you would limit the team in the ambulance to three responders. Yourself, one other A L S. Or B L S. Provider, and a compressor, which makes it easier when you're in the back of the ambulance. If absolutely necessary. And like I said, you have fire department on scene. They can always switch out through One door or the other. And let the new compressor in if both ALS and BLS providers are otherwise tied up. Here's the truth not every single call will fit this formula. This is a template that you can adapt to just about any pediatric cardiac arrest situation. Having structure isn't about rigidity, it's about giving you the flexibility to adapt to where it matters. Here are a few key points to keep in mind. First and foremost, if you do go and get the child, make sure you are taking note of exactly how you found them in case investigators need to know too large or there is some type of spinal precaution. This may not be the best approach. And only move the child if you reasonably believe that you can still provide decent compressions while you're moving them from point A to point B. Pediatric cardiac arrest will never be easy, but with the right preparation and mindset, you can handle them with confidence and care. Now it's your turn to steal it. Let me know if you have any questions in the comments below, and good luck guys.",ok,tiktok_auto_caption,en,True,942,ok,https://p16-common-sign.tiktokcdn-us.com/tos-useast8-p-0068-tx2/oUzAKjCTNB3EUAiIyiUIwxtAAwCGADfCM2mBit~tplv-tiktokx-cropcenter:500:800.jpeg?biz_tag=musically_video.video_cover&dr=9638&idc=useast5&ps=13740610&refresh_token=35b92feb&shcp=9b759fb9&shp=c1333099&t=4d5b0474&x-expires=1790892000&x-signature=pXLcIcpod%2FgfU1v%2BkI7puZPgrco%3D,2026-10-02T01:35:06Z
Q001,Pediatric CPR,tiktok,33,7606042786495794462,https://www.tiktok.com/@pocketnursesimulation/video/7606042786495794462,Practicing pediatric CPR saves lives. ❤️ Celebrate American heart month by learning life-saving skills. #cpr #hearthealth #pediatricnurse #nursetok #nursingstudent,,Pocket Nurse,pocketnursesimulation,https://www.tiktok.com/@pocketnursesimulation,306734,10.07,2026-02-12,383794,11016,225,64,290,cpr|hearthealth|pediatricnurse|nursetok|nursingstudent,,,en,US,tiktok_video_region,,no_caption_available,,,,0,ok,https://p16-common-sign.tiktokcdn-us.com/tos-useast8-p-0068-tx2/oUE3OpaEbBhEXAR7fXIAaFEEbFDTmjBqjf9a6V~tplv-tiktokx-cropcenter:500:800.jpeg?biz_tag=musically_video.video_cover&dr=9638&idc=useast5&ps=13740610&refresh_token=c4cdd592&shcp=9b759fb9&shp=c1333099&t=4d5b0474&x-expires=1790892000&x-signature=7C%2BOJUS75iPgE4HbXWyUkmy2ZuA%3D,2026-10-02T01:35:06Z
Q001,Pediatric CPR,tiktok,34,7634549772854086942,https://www.tiktok.com/@sunnydayspt/video/7634549772854086942,The most special job out there🤍 #intensivepediatrictherapy #pediatricphysicaltherapy #dmitherapy,,Dr. Sunny | DMI Peds PT,sunnydayspt,https://www.tiktok.com/@sunnydayspt,105387,60.03,2026-04-30,132310,19545,69,875,1292,intensivepediatrictherapy|pediatricphysicaltherapy|dmitherapy,,,en,US,tiktok_video_region,,no_caption_available,,,,0,ok,https://p16-common-sign.tiktokcdn-us.com/tos-useast8-p-0068-tx2/oo3rzABraVEz4iIpHeiPEBA63XAD2yIURJBzEe~tplv-tiktokx-cropcenter:500:800.jpeg?biz_tag=musically_video.video_cover&dr=9638&idc=useast5&ps=13740610&refresh_token=221af512&shcp=9b759fb9&shp=c1333099&t=4d5b0474&x-expires=1790892000&x-signature=jII05wW5a7y0CaUD5V1t1HmUBwM%3D,2026-10-02T01:35:06Z
Q001,Pediatric CPR,tiktok,35,7504256255330929950,https://www.tiktok.com/@bobbyfrench44/video/7504256255330929950,#PediatricCPR #EMS #ParamedicLife #FirstResponder #PediatricCode #InfantCPR #EmergencyMedicine #EMSTraining #CPRTips #MedicTok #RescueReady #BLS #ALS #PrehospitalCare #SaveALife #CPRProtocol #CriticalCare #FieldMedicine #EMSCalls #CodeBlue #viral #foryoupage #FYP,,❌Bobby French❌,bobbyfrench44,https://www.tiktok.com/@bobbyfrench44,7071,165.13,2025-05-14,10192,646,8,13,187,pediatriccpr|ems|paramediclife|firstresponder|pediatriccode|infantcpr|emergencymedicine|emstraining|cprtips|medictok|rescueready|bls|als|prehospitalcare|savealife|cprprotocol|criticalcare|fieldmedicine|emscalls|codeblue|viral|foryoupage|fyp,,,un,US,tiktok_video_region,"Pediatric cardiac arrest. Good morning, guys. Happy hump day. EMT 23:19 at the request of a follower. Uh, we're gonna talk about pediatric cardiac arrest this morning. Right? So it's rare, it's high stress, and in EMS, we gotta get it right. Okay, so we're gonna break this down step by step. Okay, so here's what we're gonna do. First things first, we have to confirm unresponsiveness. Okay? No pulse, no breathing. What are we gonna do? Same thing we're gonna do with adults. Okay? We're gonna start CPR immediately. Okay? High quality compressions are critical. Alright, so when we're talking about an infant. Okay, two fingers, center of the chest, 1.5 inches deep. Okay. Child, right, one or two hands, about two inches deep. Okay, what's our rate gonna be? Well, rates gonna be about 100 to 120 a minute. Okay, again, just like adults, we need to let that chest fully recoil. Okay, if two providers. If we have two providers. Okay, we're gonna do 15 compressions, then two breaths. Okay, let's talk about securing the airway, all right? If you're BLS, good seal with a BVM, all right? One breath every two to three seconds with compressions. Okay, we're talking about ALS provider on scene. Okay, we need to consider an advanced airway, all right? But don't delay compressions to innovate. Okay, again, same thing with adults. All right, let's think about IV IO access, okay? We need to get that done ASAP, all right? IO, if You can't get. If you can't get a line in quick, all right? Epinephrine is going to be 1 to 10,000, okay? Point zero one milligrams per kilogram. I V I O. Every three to five minutes, okay? Check the rhythm early. If it's shockable, we're going to defibrillate at 2 joules per kg. Okay? Then four joules per kg, okay? Always double check drug doses, okay? Use your length base tape. What's that? That's our broslow, right? Keep the team calm and focused, all right? And communicate with loud instructions, okay? Let's get it right the first time. I remember, pediatric arrests are usually hypoxic, uh, in. In origin, okay? So oxygenation is key, all right? You'll never forget your first pediatric code, okay? But you can be ready for it. Drill the protocols, know your gear, trust your team, guys, alright? And as always, remember to follow your local protocols, okay? Surround yourself with good people. Surround yourself with strong people. Stay sharp.",ok,tiktok_auto_caption,en,True,415,ok,https://p16-common-sign.tiktokcdn-us.com/tos-useast8-p-0068-tx2/oAIIQBErReaJAoDo7FJNfLuUEktEFEXAVLHVBC~tplv-tiktokx-cropcenter:500:800.jpeg?biz_tag=musically_video.video_cover&dr=9638&idc=useast5&ps=13740610&refresh_token=efb71065&shcp=9b759fb9&shp=c1333099&t=4d5b0474&x-expires=1790892000&x-signature=n5Zz6rSsnCBp4I1klP6Zx8P1Y4I%3D,2026-10-02T01:35:06Z
Q001,Pediatric CPR,tiktok,36,7603517118977412365,https://www.tiktok.com/@friscopediatrician/video/7603517118977412365,"CPR saves lives — at every age. ❤️ Whether you’re expecting a baby, raising young kids, or parenting teens, learning CPR and basic life support is something every caregiver should do. 	Huge thanks to Dr. Darria (not sure if she’s on TikTok) , board-certified pediatric emergency medicine physician, for sharing CPR basics in this clip. 	⚠️ Medical disclaimer: This video is for educational purposes only and does not replace taking an in-person CPR or BLS course with hands-on training. 	For certified classes near you, check out: 🔗 American Red Cross: https://www.redcross.org/take-a-class/cpr 🔗 American Heart Association: https://cpr.heart.org 	Learning CPR is one of the most powerful tools you can have as a caregiver.#cpr  #savealife #pediatrics #bls",,Friscopediatrician,friscopediatrician,https://www.tiktok.com/@friscopediatrician,2540,104.14,2026-02-05,377,20,0,2,3,cpr|savealife|pediatrics|bls,,,en,US,tiktok_video_region,,no_caption_available,,,,0,ok,https://p16-common-sign.tiktokcdn-us.com/tos-useast5-p-0068-tx/o0BHFpf6DhQo0iWCbX7AAgp7iwIBHIuwI3WRTE~tplv-tiktokx-cropcenter:500:800.jpeg?biz_tag=musically_video.video_cover&dr=9638&idc=useast5&ps=13740610&refresh_token=cd30f74e&shcp=9b759fb9&shp=c1333099&t=4d5b0474&x-expires=1790892000&x-signature=8Ur4w0vmF4e9oEw3kNunGuPfP3k%3D,2026-10-02T01:35:06Z
Q001,Pediatric CPR,tiktok,37,7196072211113872683,https://www.tiktok.com/@simplemedic_/video/7196072211113872683,#firefighter #paramedic #pediatrics #cardiacarrest,,Simple Medic,simplemedic_,https://www.tiktok.com/@simplemedic_,7646,127.82,2023-02-03,11016,426,4,17,138,firefighter|paramedic|pediatrics|cardiacarrest,,,un,US,tiktok_video_region,"so let's say for example of a 20kg patient, you need to know your drugs. these are the drugs used for a code. the acronym is email, e M A L, FB, mag, ami lido. okay, for V fib, the attack consistently pe. okay, so this covers all of the cardiac arrest algorithms. you're gonna be giving epi one in 10,000. okay, for 20kg patient, your doses 0.01mg per kilogram. that ends up being 2 Ccs. okay, now notice there's a pattern here. magnesium is going to be also 2 cc's. for a 20 kilogram patient, antiodorome dose at 5 milligrams per kilogram is going to give you a dose of 100 milligrams of antiodorome. we know that there's 150 milligrams in 3 ccs as our standard prep for antiodorome. so if we need 100 milligrams for a 20 kilogram patient, we know that one cc is going to be 50 milligrams. so we need to give 2. so you see how these concentrations are volumes, I should say, are the same. EBE, mag and ami liito is going to be half. that's the rule for defibrillation. you need to remember 2468 10 joules per kilogram in a step wise fashion as you move through your defibrillation shocks. for VTAC or BFID for your intubation. for your endotrathial tube size, the number or the formula that I use is age over 4+3.5. because we use all cuff tubes in our department. okay, if uncuff tubes, it's going to be age over 4+4. so for example, give a 4 year old patient age over 4 4Ã·4 is gonna be 1+3.5=4.5. so this child is gonna receive a 4.5 and the tracheal 2 on this side of the board. um, these are h's and t's, okay? and what I wanted to lay out for you here, you can go and read these in the book and read all about them, but I want to show you that you're going to address most of these if you're running the cardiac arrest call properly, okay?",ok,tiktok_auto_caption,en,True,341,ok,https://p16-common-sign.tiktokcdn-us.com/tos-useast5-p-0068-tx/672ea9c112634a0c9b698cd15cd308f9~tplv-tiktokx-cropcenter:500:800.jpeg?biz_tag=musically_video.video_cover&dr=9638&idc=useast5&ps=13740610&refresh_token=3b8a7a00&shcp=9b759fb9&shp=c1333099&t=4d5b0474&x-expires=1790892000&x-signature=43MQKXt82bFzPTgHbx4dsnYOs5Q%3D,2026-10-02T01:35:06Z
Q001,Pediatric CPR,tiktok,38,7660608120263036167,https://www.tiktok.com/@haseeb.dailymoments/video/7660608120263036167,"CPR for Infant, Child and Adults. #cpr #cprtraining #firstaid #firstaidtraining",,haseeb.dailymoments,haseeb.dailymoments,https://www.tiktok.com/@haseeb.dailymoments,1692,7.43,2026-07-09,419384,14835,67,2203,4566,cpr|cprtraining|firstaid|firstaidtraining,,,en,PK,tiktok_video_region,,no_caption_available,,,,0,ok,https://p16-common-sign.tiktokcdn-us.com/tos-alisg-p-0037/o48fqBI4kDBqgCATIl1EBRNPWUioRTdiYlycfL~tplv-tiktokx-cropcenter:500:800.jpeg?biz_tag=musically_video.video_cover&dr=9638&idc=useast5&ps=13740610&refresh_token=bb22a1f6&shcp=9b759fb9&shp=c1333099&t=4d5b0474&x-expires=1790892000&x-signature=rLB%2BaSlckt93r%2FxnY3D4NJt5ihs%3D,2026-10-02T01:35:06Z
Q001,Pediatric CPR,tiktok,39,7196073489844096302,https://www.tiktok.com/@simplemedic_/video/7196073489844096302,#firefighter #paramedic #pediatrics #cardiacarrest,,Simple Medic,simplemedic_,https://www.tiktok.com/@simplemedic_,7646,109.22,2023-02-03,6829,328,8,8,79,firefighter|paramedic|pediatrics|cardiacarrest,,,un,US,tiktok_video_region,"so hypoxia we're going to address with a BVM, right? and then eventually intubation or a super guard airway, if that's what we end up doing. on every code, we're going to hang a bag of normal sanding, and we're going to start giving fluid. so if it's a hypovolemedia problem, they're going to be receiving fluids automatically. if it's an acidosis problem, we're going to be able to evaluate that with the end title CO2. and then in our history, if we gather information, it might lead us down the route that we suspect acidosis might be a problem. hypoglycemia. when we get an IV or an Io, we're gonna check out blood sugar. okay. hypo or hyperkalemia. does the patient have a history of kidney issues? and your recent burns when you do your physical exam. or maybe you got called to residents because there's a house fire and you know that this patient has burns. okay. or are they taking diuretics? that have a congenital heart problem where they have to take a diuretic medication all the time. and is this going to lead to some potassium changes? hypothermia? was this child exposed, or is it a newborn? remember, newborns run when they come out, and you need to warm and dry them as best you can to prevent hypothermia tension. nemo, you can evaluate that when you oslotate or when you do your endocher heal tube top. and odd, that's gonna be difficult to assess, but you'll get most of your information on a recent history. okay. toxins, we can give Narcan. that's pretty much the only thing we can reverse as far as toxins go. so we can just give Narcan when we start our ID or Io, just to rule that out. thrombosis coronary, that's gonna be addressed by our compressions, right? and then thrombosis pulmonary is gonna be addressed by our BVM or oxygen administration. that's all we can really do for those 2 items. okay.",ok,tiktok_auto_caption,en,True,333,ok,https://p16-common-sign.tiktokcdn-us.com/tos-useast5-p-0068-tx/235354699cd84f5997a1c8f761ff0d67~tplv-tiktokx-cropcenter:500:800.jpeg?biz_tag=musically_video.video_cover&dr=9638&idc=useast5&ps=13740610&refresh_token=d4e8e050&shcp=9b759fb9&shp=c1333099&t=4d5b0474&x-expires=1790892000&x-signature=MetCBleu5U%2F6%2FxA%2BMp46Tfmotdo%3D,2026-10-02T01:35:06Z
Q001,Pediatric CPR,tiktok,40,7677951788766465301,https://www.tiktok.com/@moayad.wishah/video/7677951788766465301,"Know the cause, save a life! ❤️⚡️ Adult vs Pediatric cardiac arrest is not the same. Adult = heart 💙  Pediatric = lungs 🫁 #CPR #CardiacArrest #MedicalEducation #EmergencyMedicine #criticalcare",,MoayadWishah,moayad.wishah,https://www.tiktok.com/@moayad.wishah,53281,43.07,2026-08-25,29422,1988,11,163,819,cpr|cardiacarrest|medicaleducation|emergencymedicine|criticalcare,,,en,AE,tiktok_video_region,"Cardiac arrest for adults and cardiac arrest for child and infant, you should know what is the most common causes. Cardiac arrest for adults patients, the main cause of the cardiac arrest, it's an arrhythmia cause. But for child and infant or for pediatric, the main cause of cardiac arrest, it's another spontaneous cause. This is why once you receive patients, adults or pediatric, you should focus on the, what is the cause of the cardiac arrest to manage the cause during CPR to increase survival rates for your patients. Thank you.",ok,tiktok_auto_caption,en,True,92,ok,https://p19-common-sign.tiktokcdn-us.com/tos-alisg-p-0037/okBrHfAPDBUqF8TEubEIZlQQjBcQiKtg6ZRfBA~tplv-tiktokx-cropcenter:500:800.jpeg?biz_tag=musically_video.video_cover&dr=9638&idc=useast5&ps=13740610&refresh_token=c0eb38b9&shcp=9b759fb9&shp=c1333099&t=4d5b0474&x-expires=1790892000&x-signature=J2QoruDzTWdvMXnG10tsVcwiMn0%3D,2026-10-02T01:35:06Z
Q001,Pediatric CPR,tiktok,41,7556668227007352077,https://www.tiktok.com/@cna.test2026/video/7556668227007352077,Pediatric CPR AHA#fypシ゚viral #fyp #BLS #cprfyp,,cna.test2026,cna.test2026,https://www.tiktok.com/@cna.test2026,106007,50.78,2025-10-02,14005,228,5,18,46,fypシ゚viral|fyp|bls|cprfyp|fypシ,,,en,US,tiktok_video_region,"15 and then two breaths. Lift the baby head like that. Okay. And two breaths. Okay, now you can do the, um. The two fingers. Yeah. One, Ø§ÙÙ Ø¯Ù 3. Here's a fact about cardiac arrest. Between 75",ok,tiktok_auto_caption,en,True,38,ok,https://p19-common-sign.tiktokcdn-us.com/tos-useast5-p-0068-tx/og2rhVCRHArAtejAeQxe8INA9RUMvX3sVkDWhI~tplv-tiktokx-cropcenter:500:800.jpeg?biz_tag=musically_video.video_cover&dr=9638&idc=useast5&ps=13740610&refresh_token=5e5562f0&shcp=9b759fb9&shp=c1333099&t=4d5b0474&x-expires=1790892000&x-signature=5LNDMIul6p%2FgM4VwQtpe5VR5KMk%3D,2026-10-02T01:35:06Z
Q001,Pediatric CPR,tiktok,42,7607684188409498898,https://www.tiktok.com/@medic_video3/video/7607684188409498898,RCP_Neonatal__Guía_Visual #RCPNeonatal #ReanimacionNeonatal #Neonatologia #Pediatria #EmergenciasPediatricas #Medicina #Enfermeria#ParaTi #FYP #AprendeEnTikTok #DatoMedico #Educacion #SalvaVidas #ContenidoEducativo #TipsDeSalud #SaludMaternoInfantil #UCIN #CodigoAzul#ParaTi #FYP #AprendeEnTikTok #DatoMedico #Educacion #SalvaVidas #ContenidoEducativo #TipsDeSalud,,Medic_video,medic_video3,https://www.tiktok.com/@medic_video3,8364,575.88,2026-02-17,43939,2554,5,767,1458,rcpneonatal|reanimacionneonatal|neonatologia|pediatria|emergenciaspediatricas|medicina|enfermeria|parati|fyp|aprendeentiktok|datomedico|educacion|salvavidas|contenidoeducativo|tipsdesalud|saludmaternoinfantil|ucin|codigoazul,,,es,PE,tiktok_video_region,en una sala de partos los primeros 60 segundos pueden definir una vida entera para un mÃ©dico general manejar con soltura el algoritmo de rcp neonatal es una de las habilidades mÃ¡s importantes que existen en esta guÃ­a vamos a desglosarlo visualmente paso por paso para que la prÃ³xima vez que se enfrente una situaciÃ³n asÃ­ la actuaciÃ³n sea con total confianza y precisiÃ³n muy bien aquÃ­ lo tenemos este es el mapa que guÃ­a cada una de nuestras decisiones a primera vista yo sÃ© puede parecer un laberinto pero la idea es verlo como lo que es una hoja de ruta para salvar una vida vamos a recorrerlo juntos desarmando cada parte cada decisiÃ³n en secciones mucho mÃ¡s sencillas de digerir este va a ser nuestro plan de acciÃ³n primero la preparaciÃ³n que empiece incluso antes de que nazca el bebÃ© despuÃ©s la evaluaciÃ³n inicial y sus tres preguntas clave luego el famoso minuto de oro de ahÃ­ pasamos a maniobras mÃ¡s avanzadas el uso de medicamentos y para terminar los cuidados post reanimaciÃ³n cada punto es un eslabÃ³n fundamental en la cadena de supervivencia el primer paso y crÃ©anme quizÃ¡s el mÃ¡s importante de todos ocurre mucho antes de que el bebÃ© nazca la anticipaciÃ³n lo es todo esto significa conocer los factores de riesgo y sobre todo tener el equipo completo revisado y al alcance de la mano una buena preparaciÃ³n puede literalmente cambiar el desenlace a ver todo comienza con una vÃ­a aÃ©rea despejada es lÃ³gico si el aire no entra nada de lo que hagamos despuÃ©s va a funcionar por eso lo primerÃ­simo en nuestra lista es el material de aspiraciÃ³n desde la simple perilla de goma hasta sondas de varios tamaÃ±os por si la cosa se complica tenerlo listo y funcionando no es negociable seguimos con el soporte respiratorio es vital tener a la mano un dispositivo para dar ventilaciÃ³n a presiÃ³n positiva sea una bolsa autoinflable o un reanimador con pieza ente y claro mascarillas de los tamaÃ±os correctos para bebÃ©s a tÃ©rmino y prematuros junto con el oxÃ­metro de pulso y un mezclador para poder ajustar el oxÃ­geno que le damos y bueno como siempre esperamos lo mejor pero nos preparamos para lo peor por eso nuestro carro de reanimaciÃ³n debe tener listo el equipo avanzado laringoscopios y tubos por si necesitamos asegurar la vÃ­a aÃ©rea de forma definitiva y los dos medicamentos clave en este escenario adrenalina para el corazÃ³n y soluciÃ³n salina por si hay que reponer volumen tener todo esto nos da muchÃ­sima tranquilidad muy bien llega el momento del nacimiento el equipo ya estÃ¡ listo ahora todo depende de una evaluaciÃ³n ultrarÃ¡pida en apenas unos segundos tenemos que responder tres preguntas que nos van a decir si el bebÃ© necesita cuidados de rutina o si tenemos que intervenir de inmediato y aquÃ­ estÃ¡n las tres preguntas de oro que lo deciden todo uno el bebÃ© es a tÃ©rmino dos estÃ¡ respirando o llorando con ganas y tres tiene buen tono muscular se estÃ¡ moviendo no necesitamos nada mÃ¡s en este instante las respuestas a estas simples preguntas nos marcan el camino a seguir y la decisiÃ³n es asÃ­ de clara si las tres respuestas son un sÃ­ rotundo el bebÃ© se queda con su mamÃ¡ contacto piel con piel calorcito y cuidados de rutina pero si una sola de esas respuestas es no esa es nuestra seÃ±al de alarma inmediatamente el bebÃ© va a la cuna de calor radiante para empezar con los primeros pasos de la reanimaciÃ³n ahora entramos en una fase crÃ­tica que todos conocemos como el minuto de oro este concepto subraya la urgencia de completar los pasos iniciales revaluar al bebÃ© y si hace falta iniciar la ventilaciÃ³n asistida todo dentro de los primeros sesenta segundos de vida es el paso mÃ¡s efectivo para restaurar la funciÃ³n del corazÃ³n y los pulmones entonces cuÃ¡ndo exactamente empezamos con la ventilaciÃ³n a presiÃ³n positiva o bpp los criterios son muy claros si despuÃ©s de calentar secar y estimular al bebÃ© este no respira o solo jadea o si su corazÃ³n late a menos de cien latidos por minuto ojo en la reanimaciÃ³n neonatal el problema casi siempre es respiratorio por eso ayudarle a meter aire en los pulmones es la intervenciÃ³n mÃ¡s importante y aquÃ­ viene lo tÃ©cnico pero es clave no ventilamos de cualquier manera usamos parÃ¡metros muy especÃ­ficos empezamos con una presiÃ³n pico la pip de veinte para abrir esos pulmones por primera vez y una pib de cinco para que no se colapsen la concentraciÃ³n de oxÃ­geno o fio2 arranca en 21 por ciento o sea aire ambiente para los bebÃ©s a tÃ©rmino y el ritmo es fundamental entre 40 y 60 veces por minuto pensemos en el mantra ventila 2 3 ventila 2 3 mientras ventilamos estamos monitorizando el oxÃ­metro de pulso va en la mano derecha sÃ­ o sÃ­ y por quÃ© ahÃ­ porque nos da la saturaciÃ³n productal que es la que mejor refleja cuÃ¡nto oxÃ­geno le estÃ¡ llegando al cerebro y fÃ­jense en esto no buscamos un cien por ciento de inmediato la transiciÃ³n normal es gradual como se ve en esta tabla nuestro trabajo es ir ajustando el oxÃ­geno para seguir esa curva natural y quÃ© pasa si empezamos la bpp y el pechito del bebÃ© no se mueve bueno que no cunda el pÃ¡nico hay un plan para esto usamos el acrÃ³nimo m r s o p es una guÃ­a para resolver el problema revisamos la m de mÃ¡scara la r de reposicionar la cabeza s de succionar o de open mouth o abrir la boca p de aumentar la presiÃ³n y si nada de eso funciona a de vÃ­a aÃ©rea alternativa o sea intubar bueno pasamos al siguiente nivel de soporte si a pesar de que estamos ventilando bien la frecuencia cardÃ­aca del bebÃ© no mejora o peor sigue bajando es hora de ir a pasos mÃ¡s avanzados asegurar la vÃ­a al era con un tubo endotraqueal y empezar con las compresiones torÃ¡cicas y aquÃ­ llegamos a un punto crÃ­tico uno que no podemos olvidar el gatillo para empezar las compresiones es una frecuencia cardÃ­aca por debajo de sesenta pero ojo esto es solo despuÃ©s de treinta segundos de ventilaciÃ³n efectiva es decir que estemos viendo cÃ³mo se mueve el tÃ³rax la regla de oro es primero ventilaciÃ³n comprimir un pecho sin aire en los pulmones no sirve de nada una vez que empezamos la coordinaciÃ³n lo es todo la relaciÃ³n mÃ¡gica aquÃ­ es tres a uno tres compresiones por cada ventilaciÃ³n por quÃ© asÃ­ porque en los reciÃ©n nacidos el problema casi siempre es la falta de oxÃ­geno no un fallo del corazÃ³n en sÃ­ asÃ­ que tenemos que priorizar la ventilaciÃ³n mientras ayudamos a que la sangre siga circulando para mantener el ritmo correcto que no es fÃ¡cil bajo presiÃ³n usamos esta cadencia el objetivo es dar unas noventa compresiones y treinta ventilaciones por minuto decir en voz alta uno y dos y tres y ventila y ayuda a que todo el equipo se mantenga sincronizado y eficiente si despuÃ©s de coordinar bien las ventilaciones y las compresiones la frecuencia cardÃ­aca sigue peligrosamente baja es momento de recurrir al soporte farmacolÃ³gico aquÃ­ es donde entran en juego la adrenalina y en casos muy puntuales los expansores de volumen la adrenalina entra en escenas y despuÃ©s de un minuto de compresiones y ventilaciÃ³n de buena calidad la frecuencia cardÃ­aca sigue por debajo de sesenta la vÃ­a ideal la mejor es la intravenosa a travÃ©s de un catÃ©ter umbilical mientras alguien del equipo trabaja en conseguir ese acceso que es la mÃ¡xima prioridad podemos dar una primera dosis por el tubo andotraqueal aunque sabemos que no es tan efectiva hablemos de los expansores de volumen esto no es para todos se reservan para situaciones muy especÃ­ficas donde sospechamos que hubo una pÃ©rdida de sangre importante o hay signos de shock la primera opciÃ³n es soluciÃ³n salina la dosis es de diez mililitros por kilo y muy importante se pasa lento entre cinco y diez minutos bien logramos estabilizar al bebÃ© la frecuencia cardÃ­aca estÃ¡ por encima de cien ya respira por sÃ­ mismo terminÃ³ el trabajo para nada de hecho ahora empieza una fase igual de crucial que la reanimaciÃ³n en sÃ­ los cuidados posreanimaciÃ³n que buscan asegurar un buen resultado a largo plazo hicimos lo mÃ¡s difÃ­cil pero ahora tenemos que proteger el cerebro de ese bebÃ© un reciÃ©n nacido que ha sido reanimado es extremadamente frÃ¡gil por eso el monitoreo que sigue es intensivo control estricto de la temperatura de la glucosa gases en sangre vigilamos cada detalle sobre todo su estado neurolÃ³gico el objetivo final es un traslado seguro a la unidad de cuidados intensivos para dar la mejor oportunidad de un futuro sin secuelas y con esto cerramos el cÃ­rculo vimos el quÃ© hacer y el cÃ³mo hacerlo pero la pregunta final es sobre el quiÃ©n lo hace la reanimaciÃ³n neonatal es un deporte de equipo el algoritmo es la estrategia sÃ­ pero sin un equipo que se comunica que estÃ¡ coordinado y que ha practicado esto mil veces la mejor estrategia no sirve de nada asÃ­ que la pregunta que nos queda en el aire es quÃ© tan preparado estÃ¡ el equipo para el prÃ³ximo minuto de oro,ok,tiktok_auto_caption,es,True,1557,ok,https://p19-common-sign.tiktokcdn-us.com/tos-alisg-p-0037/oMaZaTAAxLnqCIAB7PlPAGs1iQYnxHAhsni8E~tplv-tiktokx-cropcenter:500:800.jpeg?biz_tag=musically_video.video_cover&dr=9638&idc=useast5&ps=13740610&refresh_token=9c9c7e1d&shcp=9b759fb9&shp=c1333099&t=4d5b0474&x-expires=1790892000&x-signature=DPaKwvmqOdtJ1q%2F9%2FIulOkxstmo%3D,2026-10-02T01:35:06Z
Q001,Pediatric CPR,tiktok,43,7335023775919983905,https://www.tiktok.com/@heatherhowestraining/video/7335023775919983905,"Just wanted to clear up any confusion on the correct first aid procedure for child CPR, #howesyourfirstaid #childcpr #childfirstaid #paediatriccpr #cpr@Howes your first aid",,Howes your first aid,heatherhowestraining,https://www.tiktok.com/@heatherhowestraining,2843,138.95,2024-02-13,610,25,3,0,3,howesyourfirstaid|childcpr|childfirstaid|paediatriccpr|cpr,,,en,GB,tiktok_video_region,yesterday there was a little bit of confusion on one of the posts I did regarding child CPR and the correct procedures for that CPR I just wanted to come on and just clear it up a little bit this isn't a kind of I told you so post but I do believe that people should know the correct procedures for first aid whether that's because you need to perform CPR or any other first aid treatment if you're confused or unsure of the correct procedures it's gonna hinder your ability to actually perform that procedure anyway the confusion was the person had Googled I think child CPR on the Resuscitation Council website and got a little bit confused on the guidelines on that website so if you pull up the Resuscitation Council website and you put in CPR procedures for first aid child CPR procedures for first aid it will bring up all the facts and Qs on CPR so as we put it upon the screen we can see that there is guidelines for 15 chest compressions and two rescue breaths but when you look at it this is for healthcare professionals only so this is for your doctors and your nurses and your paramedics when you scroll down a little bit it will give you the actual procedure for if you're not a healthcare professional so this would be members of the public with responsibility for the care of children eg teachers or lifeguard should be taught with the sequence of 30 chest compressions to two rescue breaths so you would do five initial rescue breaths then move on to cycles of 30 chest compressions to two rescue breaths it also goes on to state that the healthcare professionals such as dentists and general practitioners health visitors and school nurses who are healthcare professionals working with children but they would also use the five initial rescue breast and then 30 to 2 ratio for that so just wanted to clear that up little bit of confusion obviously on that procedure we are not healthcare professionals I'm always gonna stipulate that that we're not healthcare professionals we're first aiders so we have to follow the first aid procedures and I have to teach as an instructor the first aid procedures not the professional health care procedures so if you're just an average person whoever needs to perform a first aid treatment always follow the first aid guidance unless told otherwise by a healthcare,ok,tiktok_caption,en,False,415,ok,https://p16-common-sign.tiktokcdn-us.com/tos-useast2a-p-0037-euttp/a5d49d9607be4adc9ab683fac360e702_1707818340~tplv-tiktokx-cropcenter:500:800.jpeg?biz_tag=musically_video.video_cover&dr=9638&idc=useast5&ps=13740610&refresh_token=87853134&shcp=9b759fb9&shp=c1333099&t=4d5b0474&x-expires=1790892000&x-signature=IOlJnv%2FaD5v6hwpF6PUks5%2Fbm6c%3D,2026-10-02T01:35:06Z
Q001,Pediatric CPR,tiktok,44,7619281368740154638,https://www.tiktok.com/@doctor.medicinae/video/7619281368740154638,"Infant first aid is challenging and needs dedicated practice! DM Model pediatric series, from newborn to toddler, high-simulation scale, precise airways. Infant choking rescue, CPR – repeated practice builds muscle memory. Professional training tools for pediatric healthcare! Comment ""PEDIATRIC"" for equipment specs! https://www.dm-edu.com #PediatricModel #InfantManikin #InfantFirstAid #NewbornResuscitation #ChildCPR #PediatricTraining #DMModel #ChildrensHospital #RescueTraining #SimulationTool",,doctor medicinae,doctor.medicinae,https://www.tiktok.com/@doctor.medicinae,416,22.43,2026-03-20,115,0,0,0,0,pediatricmodel|infantmanikin|infantfirstaid|newbornresuscitation|childcpr|pediatrictraining|dmmodel|childrenshospital|rescuetraining|simulationtool,,,en,US,tiktok_video_region,,no_caption_available,,,,0,ok,https://p19-common-sign.tiktokcdn-us.com/tos-useast5-v-85c255-tx/ocCGGIAXEfmAogABIJ9AWILAee7AIOek77TnAz~tplv-tiktokx-cropcenter:500:800.jpeg?biz_tag=musically_video.video_cover&dr=9638&idc=useast5&ps=13740610&refresh_token=9c78ee99&shcp=9b759fb9&shp=c1333099&t=4d5b0474&x-expires=1790892000&x-signature=V8HWkgkwqBaq86JMpPWrUzMGttE%3D,2026-10-02T01:35:06Z
Q001,Pediatric CPR,tiktok,45,7402052313097030943,https://www.tiktok.com/@nurse.alis/video/7402052313097030943,"Posting this video again since school is starting soon!!! If you're flexible, consider starting PRN or part-time to establish a routine and see if you can balance work while in nursing school. If you’re a nurse now, did you work in nursing school?  #onthisday #nurseadvice #nursetok #pediatricnurse #pednurse #registerednurse",,Alis 🦋✨,nurse.alis,https://www.tiktok.com/@nurse.alis,23121,41.6,2024-08-12,13758,626,15,3,67,onthisday|nurseadvice|nursetok|pediatricnurse|pednurse|registerednurse,,,en,US,tiktok_video_region,"In nursing school there's either students that work full time or part time, or there's students that are lucky enough that don't have to work and can just focus on school. Most of my classmates were clintax and they either work PRN or picked up shifts as they could. When I was in my pre reqs I was a server full time and luckily my manager let me do my homework on the job. In nursing school I applied to an urgent care after I quit my serving job. I would work full time in summer and winter breaks and then when school started I would work part time and only do weekends. If you have good time management you should be able to work weekends, but it truly does depend on your workload. Having a job that lets you at least take your school notes is so beneficial though. At my job in my free time I would just be reading my textbooks and studying.",ok,tiktok_auto_caption,en,True,166,ok,https://p19-common-sign.tiktokcdn-us.com/tos-useast8-p-0068-tx2/o4LxtsqNcAyVIGHBI6grdjvCqnyeQfDtIemAIG~tplv-tiktokx-cropcenter:500:800.jpeg?biz_tag=musically_video.video_cover&dr=9638&idc=useast5&ps=13740610&refresh_token=9a0b8146&shcp=9b759fb9&shp=c1333099&t=4d5b0474&x-expires=1790892000&x-signature=cGAuXJTWc483y%2BFO7eA9dGJCOyY%3D,2026-10-02T01:35:06Z
Q001,Pediatric CPR,tiktok,46,7586076552627047735,https://www.tiktok.com/@nursegabzz/video/7586076552627047735,What it looks like to get recertified for BLS/CPR  #nursesoftiktok #cpr #bls #ivtherapy #driptherapy,,Gabrielle | LA IV Drip RN,nursegabzz,https://www.tiktok.com/@nursegabzz,821,103.6,2025-12-20,9065,357,11,9,165,nursesoftiktok|cpr|bls|ivtherapy|driptherapy,,,en,US,tiktok_video_region,"So these are the mannequins that we use when we are doing our recertification. And for a baby, it's very similar except it's 15 compressions to breast. Let me go ahead and show you how you do that with the baby. You can do it with two, with your fingers here pressing down. That hurts my fingers. I like to go ahead and wrap the baby up like this. And this is how I do my compressions for an infant or a toddler. 1, 2, 3, 4, 5, 6, 7, 8, 9, 10, 11, 12, 13, 14, 15. 1, 2, 3, 4, 5, 6, 7, 8, 9, 10, 11, 12, 13, 14, 15. And that is what a full round looks like. You are always supposed to count out loud. I know I did not count out loud for the adult mannequin, but that's because this one I am trying to focus on getting my compressors in. I can't breathe and talk at the same time. Okay, so, but this is what it's supposed to look like when you're doing compressions and you're counting out loud. 1, 2, 3, 4, 5, 6, 7, 8, 9, 10, 11, 12, 13, 14, 15, 16, 17, 18, 19, 21, 2, 3, 4, 5, 6, 7, 8, 13. And then you get a two breath and do that one again. So that is what it's supposed to look like. Supposed to count out loud. I am winded giving CPR. It takes a Lot. It's like a little workout. So you do have to be in shape in order to give CPR if you want to save a life correctly. So that is all I have for today. I did already complete the test. I did the test. I did pass. I have now renewed my BLS certification. And again today I am wearing figs royal blue and I'll talk to you guys later.",ok,tiktok_auto_caption,en,True,319,ok,https://p16-common-sign.tiktokcdn-us.com/tos-useast5-p-0068-tx/oYWaI4coJHlUBJEAiiZPUIIM66KBHBBBIAE5g~tplv-tiktokx-cropcenter:500:800.jpeg?biz_tag=musically_video.video_cover&dr=9638&idc=useast5&ps=13740610&refresh_token=c42d1c85&shcp=9b759fb9&shp=c1333099&t=4d5b0474&x-expires=1790892000&x-signature=UeSCdo0QzF1omNlW1Y%2Fbivdd45A%3D,2026-10-02T01:35:06Z
Q001,Pediatric CPR,tiktok,47,7580020369264790814,https://www.tiktok.com/@npeqcxaanp816/video/7580020369264790814,TAP BUTTON ABOVE TO PLAY!,,Jason_Mitchell,npeqcxaanp816,https://www.tiktok.com/@npeqcxaanp816,78,99.24,2025-12-04,258,7,1,1,0,,,,en,US,tiktok_video_region,,no_caption_available,,,,0,ok,https://p19-common-sign.tiktokcdn-us.com/tos-useast8-p-0068-tx2/ooAoiIapBGACjCxwTGVXEAiIBS5PGCREoGMrR~tplv-tiktokx-cropcenter:500:800.jpeg?biz_tag=musically_video.video_cover&dr=9638&idc=useast5&ps=13740610&refresh_token=3179e500&shcp=9b759fb9&shp=c1333099&t=4d5b0474&x-expires=1790892000&x-signature=NqO61jvkDxc1oDf%2BmPre3zaM5Xk%3D,2026-10-02T01:35:06Z
Q001,Pediatric CPR,tiktok,48,7656489620418383118,https://www.tiktok.com/@bellfamilycompany/video/7656489620418383118,"This video is for educational purposes only and does not replace hands-on CPR training or certification. In any emergency, call 911 immediately. All Bell Family Company caregivers are encouraged to maintain current CPR and First Aid certification.  Follow along with licensed NY EMT, Brody, as he walks us through how to do CPR on a child (ages 1 and up).  #cpr #babysittingtips #parentingtips #nytips #firefightertiktok",,bellfamilycompany,bellfamilycompany,https://www.tiktok.com/@bellfamilycompany,90,182.3,2026-06-28,319,17,2,1,1,cpr|babysittingtips|parentingtips|nytips|firefightertiktok,,,en,US,tiktok_video_region,"My name is Brody. I'm a licensed EMT in the state of New York, and today I'll be demonstrating how to handle a choking child ages 1 and up. The first thing we'll do is check the child's responsiveness. So if you wanna tap them on the shoulder, say, hey, buddy, can you hear me? Something like that. If the child does respond, then we can continue with abdominal thrusts. This is a bit small, but if you've ever heard of the Heimlich maneuver, under the chest line in an upward motion, attempting to dislodge the foreign object. If the child is not responsive, then we will continue with C P R. Quick side note, the Heimlich manoeuvre is not intended for mild airway obstruction. So if you can hear the child coughing or breathing, don't continue with that procedure. If the child is not responsive, then we'll continue with C P R. First, call to a friend if there's one around, and ask them to call 9 1 1 and grab an A E D. If available. If someone isn't around, you can call 9 1 1 after two minutes of the procedure that I'm about to show you. Alright, we're gonna check what's called the A B CS on the child. That's airway, breathing and circulation. First, the airway. Tilt the head back and open the jaw with the thumb. If you can see anything in the airway that might be easily accessible, feel free to try to grab It out. Then we'll check for breathing, see if you can feel any breath, see if you can hear any breath. And then circulation. We'll check the pulse. So the brachial artery that's at the bicep under the forearm, feel for a pulse there. If there's no pulse, or if the child remains unresponsive, we'll continue with C P R. And we're gonna start with chest compressions. So with the child, with the heel of one or both hands in the centre of the chest, between the nipples, we will go ahead. And we should be pressing down about one third of the depth of the child's chest. So press down and allow the chest to fully recoil, not a jerking motion. It should be rather smooth. We'll do 30 of those at a rate of 100 beats per minute, which you may have heard, you know, staying alive by the Bee Gees is a pretty good. That's about the right rhythm that we should be using. So doing 30 of those following that, mouth to mouth, isnât really recommended anymore. So if you have a barrier device, or else what's called a bag valve mask, we'll give two rescue breaths with the barrier device, ideally. And what we're looking for there is chest rise and fall. So you should see the child's chest rise and fall with those two breaths. And we'll keep that ratio. 30 compressions to two breaths. So 30 compressions at the rate and depth that I explained. Followed by two breaths, and again after two minutes of that procedure. If the child is unresponsive and no one else is around, call 911 yourself. Get them on the line and have it on speaker phone so you can continue that procedure. And those are the steps for child C P R. Stay safe, everyone.",ok,tiktok_caption,en,False,559,ok,https://p19-common-sign.tiktokcdn-us.com/tos-useast5-p-0068-tx/oM0GLCGfqI4vsVFBEBFNIeNRkUgnUIACZHfjAO~tplv-tiktokx-cropcenter:500:800.jpeg?biz_tag=musically_video.video_cover&dr=9638&idc=useast5&ps=13740610&refresh_token=170b7859&shcp=9b759fb9&shp=c1333099&t=4d5b0474&x-expires=1790892000&x-signature=IJ06npHbRXHqTmcu%2ByEByVROrmk%3D,2026-10-02T01:35:06Z
Q001,Pediatric CPR,tiktok,49,7689249815070297374,https://www.tiktok.com/@_swagg_champ/video/7689249815070297374,I will be the helper for the BLS/CPR Class with @TLC First Aid & CPR it’s going to be fun we going to learn how to save lives yall #fyp #nyc #cpr #reel #viralvideos,,_Swagg_Champ,_swagg_champ,https://www.tiktok.com/@_swagg_champ,39251,92.53,2026-09-24,5918,483,20,16,33,fyp|nyc|cpr|reel|viralvideos,,,en,US,tiktok_video_region,"What's good, y'all? To all my healthcare providers Y'all remember that I was telling y'all that I'm gonna host this C P R B L S. Class Let me show you who I'm gonna host it with My girl. And I just didn't meet her I know her since we were in elementary school so. This is my girl, Stephanie Stephanie, introduce yourself Hey, everybody My name is Stephanie I'm a registered nurse I've been a registered nurse for 15 years I own a C P R. Company I do C P R, first aid A E D B L S and I also do children's programs in schools where I teach children the science of saving lives Yes So we're having a class in October I'm gonna let everybody know the date First of all, it's $80 for the, um B L S. Class We need the money up front We're gonna give you a registered paper You can have everything I'm gonna be there I'm gonna be at help I'm gonna be on my best behaviour but we gonna get. I am I'm gonna be on my best behaviour We gonna get the class done So everybody DM me and then after you DM me I'm gonna send the messages to her that she's gonna reach out from her um, platform But we're gonna be together So remember, $80 the cash up front We already got a couple of people and we have a location but once you pay For it We'll let you know the location the time and the date and that's what we gonna do And the class is gonna be fun It's gonna be lit We gonna have music We gonna learn We gonna learn how to save lives And get you certified for two years And then you come back, right? I might let her do a mouth to mouth to me You never know I told you be good I'm gonna be good I'm gonna be good, y'all But y'all make sure y'all D M. Me I'm gonna tag her on the, um, the reel and everything and we gonna get this class going, y'all",ok,tiktok_auto_caption,en,True,363,ok,https://p19-common-sign.tiktokcdn-us.com/tos-useast8-p-0068-tx2/oIVBAPa1A2wjAX7iRziBMrHzI4FGtWmIEPinv~tplv-tiktokx-cropcenter:500:800.jpeg?biz_tag=musically_video.video_cover&dr=9638&idc=useast5&ps=13740610&refresh_token=234a054a&shcp=9b759fb9&shp=c1333099&t=4d5b0474&x-expires=1790892000&x-signature=9p6FWyae%2FkM4TGfji3f8fRKXFvw%3D,2026-10-02T01:35:06Z
Q001,Pediatric CPR,tiktok,50,7488014083300625686,https://www.tiktok.com/@miss_r234/video/7488014083300625686,3 year old practicing CPR #cpr #firstaidforkids #firstaid,,miss_r234,miss_r234,https://www.tiktok.com/@miss_r234,10177,10.03,2025-03-31,2267,51,15,0,5,cpr|firstaidforkids|firstaid,,,en,GB,tiktok_video_region,"1, 2, 3, 4, 5, 6, 7, 8, 9, 10.",ok,tiktok_auto_caption,en,True,10,ok,https://p16-common-sign.tiktokcdn-us.com/tos-no1a-p-0037-no/oQARxsR7DIDScqeUAXFAkYRkrCfbnAFEElgKE6~tplv-tiktokx-cropcenter:500:800.jpeg?biz_tag=musically_video.video_cover&dr=9638&idc=useast5&ps=13740610&refresh_token=e37c3f0b&shcp=9b759fb9&shp=c1333099&t=4d5b0474&x-expires=1790892000&x-signature=1tOhQ9UBhnouIJPnwKUNMzGROIs%3D,2026-10-02T01:35:06Z
Q001,Pediatric CPR,tiktok,51,7316217440415845663,https://www.tiktok.com/@yoopermedic/video/7316217440415845663,"Save a life with your new superpower! As a Critical Care Paramedic,  I'm here to teach you the essential steps of pediatric CPR. You never know when you might need it,  so let's make sure you're prepared. From assessing the child's responsiveness to delivering chest compressions and rescue breaths,  I'll guide you through every step with ease and confidence.  Trust me,  this knowledge is priceless and can make all the difference in someone's life.  Share this video with your friends and family so we can all be equipped with this skill.  Let's spread awareness and empower each other to save lives together! I used Baby Shark as the song because it is just the right beat for CPR. #cpr #pediatriccpr #medicalprofessional #emt #lifesavingskills",,Lisa Friedenstab,yoopermedic,https://www.tiktok.com/@yoopermedic,138,156.77,2023-12-24,89,5,0,0,0,cpr|pediatriccpr|medicalprofessional|emt|lifesavingskills,,,en,US,tiktok_video_region,,no_caption_available,,,,0,ok,https://p19-common-sign.tiktokcdn-us.com/tos-useast8-p-0068-tx2/o8IoeLNCDonIITLjemgErqAq62AeMbOQY0EQhG~tplv-tiktokx-cropcenter:500:800.jpeg?biz_tag=musically_video.video_cover&dr=9638&idc=useast5&ps=13740610&refresh_token=249591a3&shcp=9b759fb9&shp=c1333099&t=4d5b0474&x-expires=1790892000&x-signature=NAM5BvwzLwG5QtV%2FnarQLAiJFXw%3D,2026-10-02T01:35:06Z
Q001,Pediatric CPR,tiktok,52,7681456398231833887,https://www.tiktok.com/@huddleforhearts/video/7681456398231833887,"Why do we use female mannequins for CPR training? Because women are 14–27% less likely to receive help during Cardiac Arrest. Man or woman, don’t hesitate to step in and help. Every second counts. #SuddenCardiacArrest #CPR #HeartHealth",,Huddle For Hearts,huddleforhearts,https://www.tiktok.com/@huddleforhearts,4127,42.05,2026-09-03,6023462,637742,15765,26127,38597,suddencardiacarrest|cpr|hearthealth,,,en,US,tiktok_video_region,"Women do not get high quality CPR like men The very first thing that you need to do before you start CPR is remove any clothes on the upper torso People come along and go, well it's a woman, I can't do that We're gonna tell you to put your heel your hand right here in the center of the chest and you may touch one It's okay Or when we get to the AED part you may have a very large breasted woman and you may have to lift that breast up to get that AED pad on So if we use women mannequins we're gonna get people over the fear So this is all natural Women deserve this too But right now women are only 40% likely compared to you",ok,tiktok_auto_caption,en,True,132,ok,https://p19-common-sign.tiktokcdn-us.com/tos-useast8-p-0068-tx2/oAI0QAEARBvmAxDqOFE5f29oGPlEsEAAV6geCz~tplv-tiktokx-cropcenter:500:800.jpeg?biz_tag=musically_video.video_cover&dr=9638&idc=useast5&ps=13740610&refresh_token=bded8767&shcp=9b759fb9&shp=c1333099&t=4d5b0474&x-expires=1790892000&x-signature=4khWI1hkIYHN0lsBG8qqC03IuBc%3D,2026-10-02T01:35:06Z
Q001,Pediatric CPR,tiktok,53,7301984339246566688,https://www.tiktok.com/@drrichdune/video/7301984339246566688,An explanation of how to perform CPR effectively on a baby.  Experience the life-saving techniques of performing effective CPR on a baby through our detailed video guide.  This instructional video provides step-by-step instructions to ensure you are well-prepared to handle a paediatric emergency. #paediatric #firstaid #baby #parents #parentsoftiktok #mumsoftiktok #safety #foryou,,Dr Rich Dune,drrichdune,https://www.tiktok.com/@drrichdune,89,59.09,2023-11-18,320,3,0,0,1,paediatric|firstaid|baby|parents|parentsoftiktok|mumsoftiktok|safety|foryou,,,en,GB,tiktok_video_region,,no_caption_available,,,,0,ok,https://p16-common-sign.tiktokcdn-us.com/tos-useast2a-p-0037-euttp/o84EPf7VagSrDOSIBYfEAeEe2GqFEbjxKzbJUB~tplv-tiktokx-cropcenter:500:800.jpeg?biz_tag=musically_video.video_cover&dr=9638&idc=useast5&ps=13740610&refresh_token=96829691&shcp=9b759fb9&shp=c1333099&t=4d5b0474&x-expires=1790892000&x-signature=9jITRmywQAIAO57sCAImLUZupRE%3D,2026-10-02T01:35:06Z
Q001,Pediatric CPR,tiktok,54,7637246402057211154,https://www.tiktok.com/@i_am._valentine/video/7637246402057211154,The beauty of medical practice... ❤️🥰 #medical #cpr #emergency #health #viral,,I-am-Valentine,i_am._valentine,https://www.tiktok.com/@i_am._valentine,7576,18.97,2026-05-07,18232,111,9,38,17,medical|cpr|emergency|health|viral,,,en,NG,tiktok_video_region,,no_caption_available,,,,0,ok,https://p19-common-sign.tiktokcdn-us.com/tos-alisg-p-0037/o88G5FCjoDTPf3IL8ApeAFyCIfWHExDE6jIlPB~tplv-tiktokx-cropcenter:500:800.jpeg?biz_tag=musically_video.video_cover&dr=9638&idc=useast5&ps=13740610&refresh_token=f2e9fc72&shcp=9b759fb9&shp=c1333099&t=4d5b0474&x-expires=1790892000&x-signature=th4I5h6yW1AxVcKrk7sQNGXyT%2F4%3D,2026-10-02T01:35:06Z
Q001,Pediatric CPR,tiktok,55,7621102937661558046,https://www.tiktok.com/@balbo222/video/7621102937661558046,,,Qas,balbo222,https://www.tiktok.com/@balbo222,17234,89.12,2026-03-25,281,2,0,0,2,,,,un,US,tiktok_video_region,,no_caption_available,,,,0,ok,https://p16-common-sign.tiktokcdn-us.com/tos-useast8-p-0068-tx2/oYIfKjCTBhHMHFx4jg2DgABIqZIfAfSU0QArEz~tplv-tiktokx-cropcenter:500:800.jpeg?biz_tag=musically_video.video_cover&dr=9638&idc=useast5&ps=13740610&refresh_token=4022df64&shcp=9b759fb9&shp=c1333099&t=4d5b0474&x-expires=1790892000&x-signature=k95Pdgw7SUlv75UytpNfKgKn2UA%3D,2026-10-02T01:35:06Z
Q001,Pediatric CPR,tiktok,56,7670370220967611661,https://www.tiktok.com/@tladyrusley/video/7670370220967611661,#blessing #cpr #pediatriccprinstructor #savinglives,,Ms Meka,tladyrusley,https://www.tiktok.com/@tladyrusley,1636,8.06,2026-08-05,123,5,0,0,0,blessing|cpr|pediatriccprinstructor|savinglives,,,un,US,tiktok_video_region,,no_caption_available,,,,0,ok,,2026-10-02T01:35:06Z
Q001,Pediatric CPR,tiktok,57,7572213751886269709,https://www.tiktok.com/@lbrrwvtnk118/video/7572213751886269709,CPR can be lifesaving and is an important skill that every new parent should have – and hopefully will never have to use. Pediatrician @jopargalinkiemd demonstrates how to perform CPR on an unresponsive infant. And always remember to call 911 right away. #AskThePediatrician,,Chris_Turner,lbrrwvtnk118,https://www.tiktok.com/@lbrrwvtnk118,3,88.35,2025-11-13,155,0,0,0,0,askthepediatrician,,,en,US,tiktok_video_region,,no_caption_available,,,,0,ok,https://p16-common-sign.tiktokcdn-us.com/tos-useast5-p-0068-tx/oYf01FLQ8SR8IAEY0lQFgIADCecYKQjrfqkAAH~tplv-tiktokx-cropcenter:500:800.jpeg?biz_tag=musically_video.video_cover&dr=9638&idc=useast5&ps=13740610&refresh_token=f9721137&shcp=9b759fb9&shp=c1333099&t=4d5b0474&x-expires=1790892000&x-signature=jJaQa%2BNQbL3cZelN9NwXp7Bg6Ig%3D,2026-10-02T01:35:06Z
Q001,Pediatric CPR,tiktok,58,7539277290878962967,https://www.tiktok.com/@keepabeat/video/7539277290878962967,"Baby CPR Demo - learning these skills can save a life. Compressions should be in the centre of the chest. Two fingers , pushing down around 1/3 depth of their chest at a rate of 2 per second. #babycpr #firstaid #newparents #cpr #babyfirstaid",,KeepaBeat First Aid,keepabeat,https://www.tiktok.com/@keepabeat,1357,274.62,2025-08-16,9461,452,15,170,356,babycpr|firstaid|newparents|cpr|babyfirstaid,,,en,GB,tiktok_video_region,"Hi, my name is Sam and I'm from Keeper Beat. And today I'm gonna go through with you baby CPR. Now, baby in the world of first aid in the UK is from 0 to 1, and that is very much what I'm going to demo today. I truly hope that you never, ever have to go through this, and it is rare, but knowing can make such a massive difference. In the first few minutes, I want you to imagine that you've left baby in the front room while you're off in the kitchen grabbing yourself a bottle, a muzzy, a bottle, a dummy, whatever it might be, and instantly you recognise when you walk in, something's not right. Now, we're gonna follow the primary survey, which is the very first step. Walk in, check that it's safe, so check for danger, and then check for a response. I'll use my voice, I'll try and wake them up, and I'll also do a clap and a tap of the baby's foot. A baby's foot is a very sensitive area for the first year of life, some babies more so than others. But it's a clap and a tap. If I can't wake them up and I know that there's other people around, then at that point, I will start hollering out for some help before I open the airway and check breathing. Now, when I open the airway, I don't want to go too far back, which is what You may have Learned on adults or child CPR, but on a baby, we pop our hand on top, we go back into a natural neutral position, placing a finger under the chin and lifting the chin up. Now, what that does is this stretches any airway muscles that might have become a bit floppy, and this pulls the tongue off the back of the throat. You're then gonna get down nice and close and look and listen and feel for no longer than 10 seconds for normal breathing. If they are not breathing how you're expecting them to breathe, then we start CPR. Now, if your phone is right next to you, 9 9 9, stick it on speaker phone, and the operator will talk you through any CPR sequences while sending you help. If you don't have a phone with you, then you need to start CPR for 1 minute before going off to call help. And the reason for that is we want to get some oxygen in, get it circulated before we interrupt CPR. We're gonna start with five rescue breaths, followed by 30 pushes, two breaths. 30 pushes, two breaths. The reason we do the 5 at the beginning, in all honesty, is the hope that actually this is something respiratory. You do the breaths, they cough and they splutter and actually their brains gone yet. I know what I'm doing. Now, if you don't get any signs of life, then you go onto your 30 and your two. And we're hoping to keep everything ticking over until paramedics arrive. Now, when you do the five breaths, you're popping your hand on top of baby's head, finger underneath the chin. You go back, just like when we were checking. And now you're going to put your mouth over their mouth and nose, and you literally make a seal. Feel your cheeks and puff. 1, 2, 3, 4, 5. I'm checking for signs of life. But if there's no signs of life, two fingers centre of the chest, keep your hand on top of baby's head and you start your chest compressions. Now, when you're doing these compressions, you're pushing about a third of the depth of their chest at a rate of around about two per second. After you've done 30, it's then two breaths, and exactly the way that I did them before. One, two, and back on. And you start your 30 and two. And you're gonna carry on with your 30 pushes and two breaths until either they wake up. Now, if they do wake up, we wait for what we say is signs of life. By that, I mean they start crying, swallowing and moving limbs, showing you that they're coming out of that unconscious state. Now, if that doesn't happen, you're going to carry on your CPR until those paramedics or somebody else arrives that might be able to take over from you. This is a horrific situation to even Think about. But like I mentioned earlier, knowing this, if you can keep everything ticking over until paramedics arrive, it means that we've got a chance of being able to potentially save that child's life. So I hope you don't have to do it. I hope you found the video really useful. If you've got questions, please pop them in the comments and I'll answer as many questions as I can. Thank you.",ok,tiktok_auto_caption,en,True,823,ok,https://p16-common-sign.tiktokcdn-us.com/tos-no1a-p-0037-no/oUMIcecgkATjGxeQBeIIAzDI5LQLIQhkR8kkjO~tplv-tiktokx-cropcenter:500:800.jpeg?biz_tag=musically_video.video_cover&dr=9638&idc=useast5&ps=13740610&refresh_token=92e36987&shcp=9b759fb9&shp=c1333099&t=4d5b0474&x-expires=1790892000&x-signature=srpOl1NoLG1QUYACRqTYPYPnFqs%3D,2026-10-02T01:35:06Z
Q001,Pediatric CPR,tiktok,59,7607465197271256341,https://www.tiktok.com/@moayad.wishah/video/7607465197271256341,👶💙 Infant BLS – Quick Steps 🚑 🔎 Check scene safety 👶 Check responsiveness 🫁 Check breathing & brachial pulse (≤10 sec) 📞 Activate EMS 🤲 Start CPR (30:2 single | 15:2 two rescuers) 💨 Gentle breaths — watch chest rise Stay calm. Act fast. Save a life. 💙✨ #BLS #InfantCPR #PediatricBLS #CPRSavesLives #EmergencyCare 🚨👶,,MoayadWishah,moayad.wishah,https://www.tiktok.com/@moayad.wishah,53281,65.0,2026-02-16,77598,3576,53,354,1056,bls|infantcpr|pediatricbls|cprsaveslives|emergencycare,,,en,AE,tiktok_video_region,"Basic life supports for infants since save baby. Are you okay? Are you okay? Could you call for help, please? 1, 1000. Two, 1003, 1004, 1005, 1000. No balls, no breathing. Activate code blue and bring a crash cart. 1, 2, 3, 4, 5, 6, 7, 8, 9, 10, 11, 12, 13, 14, 15, 16, 17, 18, 19, 20, 21, 22, 24, 25, 26, 27, 28, 29, 30. 1, 2, 3, 4, 5, 6, 7, 8, 9, 10, 11, 12, 13, 14, 15, 16, 17, 18, 19, 20, 21, 22, 23, 25, 26, 27, 28, 29, 30. Make a difference and save lives. Thank you.",ok,tiktok_auto_caption,en,True,105,ok,https://p16-common-sign.tiktokcdn-us.com/tos-alisg-p-0037/osGACImFoQJJ9L0IV4ReiFzVCBfeCjA4TTQkAD~tplv-tiktokx-cropcenter:500:800.jpeg?biz_tag=musically_video.video_cover&dr=9638&idc=useast5&ps=13740610&refresh_token=b26605a2&shcp=9b759fb9&shp=c1333099&t=4d5b0474&x-expires=1790892000&x-signature=BDtqPWrxTAXwmE%2FbTjihY97FxsY%3D,2026-10-02T01:35:06Z
Q001,Pediatric CPR,tiktok,60,7628989744654945558,https://www.tiktok.com/@purpledogtraining/video/7628989744654945558,"Every second counts... tiny breaths, big fight. 60 80 Doing CPR on a child isn't just skill-it's courage under pressure. Stay calm, keep going, you might be the reason they breathe again. Book a place on one of our Paediatric first aid courses today 01584 546780 https://purpledogltd.co.uk #paediatrics #paediatricfirstaid #firstaid #cpr",,Purple Dog Training LTD,purpledogtraining,https://www.tiktok.com/@purpledogtraining,599,93.47,2026-04-15,467,3,1,0,1,paediatrics|paediatricfirstaid|firstaid|cpr,,,en,GB,tiktok_video_region,,no_caption_available,,,,0,ok,https://p16-common-sign.tiktokcdn-us.com/tos-no1a-p-0037-no/o0QDp3H34zO5EBumwoqFOQjAEukcfvPQ5gfFRn~tplv-tiktokx-cropcenter:500:800.jpeg?biz_tag=musically_video.video_cover&dr=9638&idc=useast5&ps=13740610&refresh_token=14db5a75&shcp=9b759fb9&shp=c1333099&t=4d5b0474&x-expires=1790892000&x-signature=Oqd88uTtO78nGOGOEPKnlt%2F7dzM%3D,2026-10-02T01:35:06Z
